id,agno,home,away,score_0,score_1,tournament
0,1933,Suecia,Estonia,6,2,FIFA World Cup qualification
1,1933,Lituania,Suecia,0,2,FIFA World Cup qualification
2,1933,Yugoslavia,Suiza,2,2,FIFA World Cup qualification
3,1933,Polonia,Checoslovaquia,1,2,FIFA World Cup qualification
4,1933,Suiza,Rumania,2,2,FIFA World Cup qualification
5,1934,Haití,Cuba,1,3,FIFA World Cup qualification
6,1934,Haití,Cuba,1,1,FIFA World Cup qualification
7,1934,Haití,Cuba,0,6,FIFA World Cup qualification
8,1934,Irlanda,Bélgica,4,4,FIFA World Cup qualification
9,1934,México,Cuba,3,2,FIFA World Cup qualification
10,1934,Luxemburgo,Alemania,1,9,FIFA World Cup qualification
11,1934,México,Cuba,5,0,FIFA World Cup qualification
12,1934,España,Portugal,9,0,FIFA World Cup qualification
13,1934,Egipto,Israel,7,1,FIFA World Cup qualification
14,1934,México,Cuba,4,1,FIFA World Cup qualification
15,1934,Portugal,España,1,2,FIFA World Cup qualification
16,1934,Bulgaria,Hungría,1,4,FIFA World Cup qualification
17,1934,Italia,Grecia,4,0,FIFA World Cup qualification
18,1934,Israel,Egipto,1,4,FIFA World Cup qualification
19,1934,Países Bajos,Irlanda,5,2,FIFA World Cup qualification
20,1934,Luxemburgo,Francia,1,6,FIFA World Cup qualification
21,1934,Austria,Bulgaria,6,1,FIFA World Cup qualification
22,1934,Hungría,Bulgaria,4,1,FIFA World Cup qualification
23,1934,Bélgica,Países Bajos,2,4,FIFA World Cup qualification
24,1934,Rumania,Yugoslavia,2,1,FIFA World Cup qualification
25,1934,México,Estados Unidos,2,4,FIFA World Cup qualification
26,1937,Suecia,Finlandia,4,0,FIFA World Cup qualification
27,1937,Suecia,Estonia,7,2,FIFA World Cup qualification
28,1937,Finlandia,Alemania,0,2,FIFA World Cup qualification
29,1937,Letonia,Lituania,4,2,FIFA World Cup qualification
30,1937,Finlandia,Estonia,0,1,FIFA World Cup qualification
31,1937,Alemania,Estonia,4,1,FIFA World Cup qualification
32,1937,Lituania,Letonia,1,5,FIFA World Cup qualification
33,1937,Austria,Letonia,2,1,FIFA World Cup qualification
34,1937,Noruega,Irlanda,3,2,FIFA World Cup qualification
35,1937,Polonia,Yugoslavia,4,0,FIFA World Cup qualification
36,1937,Bulgaria,Checoslovaquia,1,1,FIFA World Cup qualification
37,1937,Irlanda,Noruega,3,3,FIFA World Cup qualification
38,1937,Alemania,Suecia,5,0,FIFA World Cup qualification
39,1937,Países Bajos,Luxemburgo,4,0,FIFA World Cup qualification
40,1938,Israel,Grecia,1,3,FIFA World Cup qualification
41,1938,Grecia,Israel,1,0,FIFA World Cup qualification
42,1938,Luxemburgo,Bélgica,2,3,FIFA World Cup qualification
43,1938,Hungría,Grecia,11,1,FIFA World Cup qualification
44,1938,Bélgica,Países Bajos,1,1,FIFA World Cup qualification
45,1938,Yugoslavia,Polonia,1,0,FIFA World Cup qualification
46,1938,Checoslovaquia,Bulgaria,6,0,FIFA World Cup qualification
47,1938,Suiza,Portugal,2,1,FIFA World Cup qualification
48,1949,Suecia,Irlanda,3,1,FIFA World Cup qualification
49,1949,Suiza,Luxemburgo,5,2,FIFA World Cup qualification
50,1949,Yugoslavia,Israel,6,0,FIFA World Cup qualification
51,1949,Irlanda,Finlandia,3,0,FIFA World Cup qualification
52,1949,Israel,Yugoslavia,2,5,FIFA World Cup qualification
53,1949,Luxemburgo,Suiza,2,3,FIFA World Cup qualification
54,1949,México,Estados Unidos,6,2,FIFA World Cup qualification
55,1949,Estados Unidos,Cuba,5,2,FIFA World Cup qualification
56,1949,México,Cuba,3,0,FIFA World Cup qualification
57,1949,Irlanda del Norte,Escocia,2,8,FIFA World Cup qualification
58,1949,Finlandia,Irlanda,1,1,FIFA World Cup qualification
59,1949,Yugoslavia,Francia,1,1,FIFA World Cup qualification
60,1949,Gales,Inglaterra,1,4,FIFA World Cup qualification
61,1949,Francia,Yugoslavia,1,1,FIFA World Cup qualification
62,1949,Escocia,Gales,2,0,FIFA World Cup qualification
63,1949,Irlanda,Suecia,1,3,FIFA World Cup qualification
64,1949,Inglaterra,Irlanda del Norte,9,2,FIFA World Cup qualification
65,1949,Turquía,Siria,7,0,FIFA World Cup qualification
66,1949,Francia,Yugoslavia,2,3,FIFA World Cup qualification
67,1950,Gales,Irlanda del Norte,0,0,FIFA World Cup qualification
68,1950,España,Portugal,5,1,FIFA World Cup qualification
69,1950,Portugal,España,2,2,FIFA World Cup qualification
70,1950,Escocia,Inglaterra,0,1,FIFA World Cup qualification
71,1953,Yugoslavia,Grecia,1,0,FIFA World Cup qualification
72,1953,Finlandia,Bélgica,2,4,FIFA World Cup qualification
73,1953,Suecia,Bélgica,2,3,FIFA World Cup qualification
74,1953,Checoslovaquia,Rumania,2,0,FIFA World Cup qualification
75,1953,Noruega,Sarre,2,3,FIFA World Cup qualification
76,1953,Rumania,Bulgaria,3,1,FIFA World Cup qualification
77,1953,México,Haití,8,0,FIFA World Cup qualification
78,1953,Finlandia,Suecia,3,3,FIFA World Cup qualification
79,1953,Suecia,Finlandia,4,0,FIFA World Cup qualification
80,1953,Noruega,Alemania,1,1,FIFA World Cup qualification
81,1953,Bulgaria,Checoslovaquia,1,2,FIFA World Cup qualification
82,1953,Luxemburgo,Francia,1,6,FIFA World Cup qualification
83,1953,Bélgica,Finlandia,2,2,FIFA World Cup qualification
84,1953,Austria,Portugal,9,1,FIFA World Cup qualification
85,1953,Irlanda del Norte,Escocia,1,3,FIFA World Cup qualification
86,1953,Irlanda,Francia,3,5,FIFA World Cup qualification
87,1953,Bélgica,Suecia,2,0,FIFA World Cup qualification
88,1953,Gales,Inglaterra,1,4,FIFA World Cup qualification
89,1953,Bulgaria,Rumania,1,2,FIFA World Cup qualification
90,1953,Alemania,Sarre,3,0,FIFA World Cup qualification
91,1953,Rumania,Checoslovaquia,0,1,FIFA World Cup qualification
92,1953,Irlanda,Luxemburgo,4,0,FIFA World Cup qualification
93,1953,Grecia,Israel,1,0,FIFA World Cup qualification
94,1953,Escocia,Gales,3,3,FIFA World Cup qualification
95,1953,Checoslovaquia,Bulgaria,0,0,FIFA World Cup qualification
96,1953,Sarre,Noruega,0,0,FIFA World Cup qualification
97,1953,Yugoslavia,Israel,1,0,FIFA World Cup qualification
98,1953,Inglaterra,Irlanda del Norte,3,1,FIFA World Cup qualification
99,1953,Egipto,Italia,1,2,FIFA World Cup qualification
100,1953,Alemania,Noruega,5,1,FIFA World Cup qualification
101,1953,Francia,Irlanda,1,0,FIFA World Cup qualification
102,1953,Portugal,Austria,0,0,FIFA World Cup qualification
103,1953,Francia,Luxemburgo,8,0,FIFA World Cup qualification
104,1953,Haití,México,0,4,FIFA World Cup qualification
105,1954,España,Turquía,4,1,FIFA World Cup qualification
106,1954,México,Estados Unidos,4,0,FIFA World Cup qualification
107,1954,México,Estados Unidos,3,1,FIFA World Cup qualification
108,1954,Italia,Egipto,5,1,FIFA World Cup qualification
109,1954,Paraguay,Chile,4,0,FIFA World Cup qualification
110,1954,Chile,Paraguay,1,3,FIFA World Cup qualification
111,1954,Chile,Brasil,0,2,FIFA World Cup qualification
112,1954,Japón,Corea del Sur,1,5,FIFA World Cup qualification
113,1954,Luxemburgo,Irlanda,0,1,FIFA World Cup qualification
114,1954,Paraguay,Brasil,0,1,FIFA World Cup qualification
115,1954,Israel,Grecia,0,2,FIFA World Cup qualification
116,1954,Brasil,Chile,1,0,FIFA World Cup qualification
117,1954,Japón,Corea del Sur,2,2,FIFA World Cup qualification
118,1954,Turquía,España,1,0,FIFA World Cup qualification
119,1954,Turquía,España,2,2,FIFA World Cup qualification
120,1954,Israel,Yugoslavia,0,1,FIFA World Cup qualification
121,1954,Brasil,Paraguay,4,1,FIFA World Cup qualification
122,1954,Grecia,Yugoslavia,0,1,FIFA World Cup qualification
123,1954,Sarre,Alemania,1,3,FIFA World Cup qualification
124,1954,Gales,Irlanda del Norte,1,2,FIFA World Cup qualification
125,1954,Haití,Estados Unidos,2,3,FIFA World Cup qualification
126,1954,Escocia,Inglaterra,2,4,FIFA World Cup qualification
127,1954,Haití,Estados Unidos,0,3,FIFA World Cup qualification
128,1956,Austria,Luxemburgo,7,0,FIFA World Cup qualification
129,1956,Irlanda,Dinamarca,2,1,FIFA World Cup qualification
130,1956,Francia,Bélgica,6,3,FIFA World Cup qualification
131,1956,Inglaterra,Dinamarca,5,2,FIFA World Cup qualification
132,1957,Portugal,Irlanda del Norte,1,1,FIFA World Cup qualification
133,1957,Guatemala,Costa Rica,2,6,FIFA World Cup qualification
134,1957,Costa Rica,Guatemala,3,1,FIFA World Cup qualification
135,1957,Costa Rica,Curazao,4,0,FIFA World Cup qualification
136,1957,Sudán,Siria,1,0,FIFA World Cup qualification
137,1957,España,Suiza,2,2,FIFA World Cup qualification
138,1957,Guatemala,Curazao,1,3,FIFA World Cup qualification
139,1957,Países Bajos,Luxemburgo,4,1,FIFA World Cup qualification
140,1957,México,Estados Unidos,6,0,FIFA World Cup qualification
141,1957,Perú,Brasil,1,1,FIFA World Cup qualification
142,1957,Brasil,Perú,1,0,FIFA World Cup qualification
143,1957,Italia,Irlanda del Norte,1,0,FIFA World Cup qualification
144,1957,Estados Unidos,México,2,7,FIFA World Cup qualification
145,1957,Irlanda del Norte,Portugal,3,0,FIFA World Cup qualification
146,1957,Gales,Checoslovaquia,1,0,FIFA World Cup qualification
147,1957,Grecia,Yugoslavia,0,0,FIFA World Cup qualification
148,1957,Inglaterra,Irlanda,5,1,FIFA World Cup qualification
149,1957,Escocia,España,4,2,FIFA World Cup qualification
150,1957,Indonesia,China,2,0,FIFA World Cup qualification
151,1957,Dinamarca,Inglaterra,1,4,FIFA World Cup qualification
152,1957,Alemania Democrática,Gales,2,1,FIFA World Cup qualification
153,1957,Irlanda,Inglaterra,1,1,FIFA World Cup qualification
154,1957,Suiza,Escocia,1,2,FIFA World Cup qualification
155,1957,Noruega,Bulgaria,1,2,FIFA World Cup qualification
156,1957,Siria,Sudán,1,1,FIFA World Cup qualification
157,1957,Austria,Países Bajos,3,2,FIFA World Cup qualification
158,1957,Checoslovaquia,Gales,2,0,FIFA World Cup qualification
159,1957,Portugal,Italia,3,0,FIFA World Cup qualification
160,1957,España,Escocia,4,1,FIFA World Cup qualification
161,1957,China,Indonesia,4,3,FIFA World Cup qualification
162,1957,Francia,Islandia,8,0,FIFA World Cup qualification
163,1957,Bélgica,Islandia,8,3,FIFA World Cup qualification
164,1957,Noruega,Hungría,2,1,FIFA World Cup qualification
165,1957,Colombia,Uruguay,1,1,FIFA World Cup qualification
166,1957,Checoslovaquia,Alemania Democrática,3,1,FIFA World Cup qualification
167,1957,Grecia,Rumania,1,2,FIFA World Cup qualification
168,1957,Colombia,Paraguay,2,3,FIFA World Cup qualification
169,1957,Canadá,Estados Unidos,5,1,FIFA World Cup qualification
170,1957,China,Indonesia,0,0,FIFA World Cup qualification
171,1957,Hungría,Bulgaria,4,1,FIFA World Cup qualification
172,1957,Rusia,Polonia,3,0,FIFA World Cup qualification
173,1957,México,Canadá,3,0,FIFA World Cup qualification
174,1957,Uruguay,Colombia,1,0,FIFA World Cup qualification
175,1957,México,Canadá,2,0,FIFA World Cup qualification
176,1957,Finlandia,Polonia,1,3,FIFA World Cup qualification
177,1957,Estados Unidos,Canadá,2,3,FIFA World Cup qualification
178,1957,Paraguay,Colombia,3,0,FIFA World Cup qualification
179,1957,Paraguay,Uruguay,5,0,FIFA World Cup qualification
180,1957,Rusia,Finlandia,2,1,FIFA World Cup qualification
181,1957,Uruguay,Paraguay,2,0,FIFA World Cup qualification
182,1957,Curazao,Costa Rica,1,2,FIFA World Cup qualification
183,1957,Finlandia,Rusia,0,10,FIFA World Cup qualification
184,1957,Islandia,Francia,1,5,FIFA World Cup qualification
185,1957,Islandia,Bélgica,2,5,FIFA World Cup qualification
186,1957,Países Bajos,Luxemburgo,5,2,FIFA World Cup qualification
187,1957,Bulgaria,Hungría,1,2,FIFA World Cup qualification
188,1957,Chile,Bolivia,2,1,FIFA World Cup qualification
189,1957,Países Bajos,Austria,1,1,FIFA World Cup qualification
190,1957,Gales,Alemania Democrática,4,1,FIFA World Cup qualification
191,1957,Bolivia,Chile,3,0,FIFA World Cup qualification
192,1957,Luxemburgo,Austria,0,3,FIFA World Cup qualification
193,1957,Rumania,Yugoslavia,1,1,FIFA World Cup qualification
194,1957,Dinamarca,Irlanda,0,2,FIFA World Cup qualification
195,1957,Bolivia,Argentina,2,0,FIFA World Cup qualification
196,1957,Chile,Argentina,0,2,FIFA World Cup qualification
197,1957,Argentina,Chile,4,0,FIFA World Cup qualification
198,1957,México,Costa Rica,2,0,FIFA World Cup qualification
199,1957,Polonia,Rusia,2,1,FIFA World Cup qualification
200,1957,Argentina,Bolivia,4,0,FIFA World Cup qualification
201,1957,Bélgica,Francia,0,0,FIFA World Cup qualification
202,1957,Costa Rica,México,1,1,FIFA World Cup qualification
203,1957,Alemania Democrática,Checoslovaquia,1,4,FIFA World Cup qualification
204,1957,Bulgaria,Noruega,7,0,FIFA World Cup qualification
205,1957,Polonia,Finlandia,4,0,FIFA World Cup qualification
206,1957,Rumania,Grecia,3,0,FIFA World Cup qualification
207,1957,Escocia,Suiza,3,2,FIFA World Cup qualification
208,1957,Hungría,Noruega,5,0,FIFA World Cup qualification
209,1957,Yugoslavia,Grecia,4,1,FIFA World Cup qualification
210,1957,Yugoslavia,Rumania,2,0,FIFA World Cup qualification
211,1957,Polonia,Rusia,0,2,FIFA World Cup qualification
212,1957,Suiza,España,1,4,FIFA World Cup qualification
213,1957,Italia,Portugal,3,0,FIFA World Cup qualification
214,1958,Israel,Gales,0,2,FIFA World Cup qualification
215,1958,Irlanda del Norte,Italia,2,1,FIFA World Cup qualification
216,1958,Gales,Israel,2,0,FIFA World Cup qualification
217,1960,Costa Rica,Guatemala,3,2,FIFA World Cup qualification
218,1960,Ghana,Nigeria,4,1,FIFA World Cup qualification
219,1960,Guatemala,Costa Rica,4,4,FIFA World Cup qualification
220,1960,Honduras,Costa Rica,2,1,FIFA World Cup qualification
221,1960,Nigeria,Ghana,2,2,FIFA World Cup qualification
222,1960,Costa Rica,Honduras,5,0,FIFA World Cup qualification
223,1960,Finlandia,Francia,1,2,FIFA World Cup qualification
224,1960,Honduras,Guatemala,1,1,FIFA World Cup qualification
225,1960,Surinam,Curazao,1,2,FIFA World Cup qualification
226,1960,Luxemburgo,Inglaterra,0,9,FIFA World Cup qualification
227,1960,Suecia,Bélgica,2,0,FIFA World Cup qualification
228,1960,Irlanda del Norte,Alemania,3,4,FIFA World Cup qualification
229,1960,Marruecos,Túnez,2,1,FIFA World Cup qualification
230,1960,Estados Unidos,México,3,3,FIFA World Cup qualification
231,1960,Corea del Sur,Japón,2,1,FIFA World Cup qualification
232,1960,México,Estados Unidos,3,0,FIFA World Cup qualification
233,1960,Chipre,Israel,1,1,FIFA World Cup qualification
234,1960,Túnez,Marruecos,2,1,FIFA World Cup qualification
235,1960,Bélgica,Suiza,2,4,FIFA World Cup qualification
236,1960,Grecia,Alemania,0,3,FIFA World Cup qualification
237,1960,Curazao,Surinam,0,0,FIFA World Cup qualification
238,1960,Israel,Chipre,6,1,FIFA World Cup qualification
239,1960,Ecuador,Argentina,3,6,FIFA World Cup qualification
240,1960,Francia,Bulgaria,3,0,FIFA World Cup qualification
241,1960,Argentina,Ecuador,5,0,FIFA World Cup qualification
242,1961,Costa Rica,Honduras,1,0,FIFA World Cup qualification
243,1961,Marruecos,Túnez,1,1,FIFA World Cup qualification
244,1961,Israel,Etiopía,1,0,FIFA World Cup qualification
245,1961,Israel,Etiopía,3,2,FIFA World Cup qualification
246,1961,Portugal,Luxemburgo,6,0,FIFA World Cup qualification
247,1961,Costa Rica,México,1,0,FIFA World Cup qualification
248,1961,Costa Rica,Curazao,6,0,FIFA World Cup qualification
249,1961,Ghana,Marruecos,0,0,FIFA World Cup qualification
250,1961,México,Curazao,7,0,FIFA World Cup qualification
251,1961,México,Costa Rica,4,1,FIFA World Cup qualification
252,1961,Hungría,Alemania Democrática,2,0,FIFA World Cup qualification
253,1961,Gales,España,1,2,FIFA World Cup qualification
254,1961,Curazao,Costa Rica,2,0,FIFA World Cup qualification
255,1961,Colombia,Perú,1,0,FIFA World Cup qualification
256,1961,Países Bajos,Hungría,0,3,FIFA World Cup qualification
257,1961,Grecia,Irlanda del Norte,2,1,FIFA World Cup qualification
258,1961,Escocia,Irlanda,4,1,FIFA World Cup qualification
259,1961,Irlanda,Escocia,0,3,FIFA World Cup qualification
260,1961,Perú,Colombia,1,1,FIFA World Cup qualification
261,1961,Alemania,Irlanda del Norte,2,1,FIFA World Cup qualification
262,1961,Checoslovaquia,Escocia,4,0,FIFA World Cup qualification
263,1961,Alemania Democrática,Países Bajos,1,1,FIFA World Cup qualification
264,1961,España,Gales,1,1,FIFA World Cup qualification
265,1961,Suiza,Bélgica,2,1,FIFA World Cup qualification
266,1961,Curazao,México,0,0,FIFA World Cup qualification
267,1961,Portugal,Inglaterra,1,1,FIFA World Cup qualification
268,1961,Marruecos,Ghana,1,0,FIFA World Cup qualification
269,1961,Suecia,Suiza,4,0,FIFA World Cup qualification
270,1961,Noruega,Turquía,0,1,FIFA World Cup qualification
271,1961,Yugoslavia,Polonia,2,1,FIFA World Cup qualification
272,1961,Japón,Corea del Sur,0,2,FIFA World Cup qualification
273,1961,Finlandia,Bulgaria,0,2,FIFA World Cup qualification
274,1961,Rusia,Turquía,1,0,FIFA World Cup qualification
275,1961,Polonia,Yugoslavia,1,1,FIFA World Cup qualification
276,1961,Rusia,Noruega,5,2,FIFA World Cup qualification
277,1961,Bolivia,Uruguay,1,1,FIFA World Cup qualification
278,1961,Uruguay,Bolivia,2,1,FIFA World Cup qualification
279,1961,Noruega,Rusia,0,3,FIFA World Cup qualification
280,1961,Alemania Democrática,Hungría,2,3,FIFA World Cup qualification
281,1961,Inglaterra,Luxemburgo,4,1,FIFA World Cup qualification
282,1961,Francia,Finlandia,5,1,FIFA World Cup qualification
283,1961,Escocia,Checoslovaquia,3,2,FIFA World Cup qualification
284,1961,Bélgica,Suecia,0,2,FIFA World Cup qualification
285,1961,Irlanda,Checoslovaquia,1,3,FIFA World Cup qualification
286,1961,Luxemburgo,Portugal,4,2,FIFA World Cup qualification
287,1961,Yugoslavia,Corea del Sur,5,1,FIFA World Cup qualification
288,1961,Israel,Italia,2,4,FIFA World Cup qualification
289,1961,Irlanda del Norte,Grecia,2,0,FIFA World Cup qualification
290,1961,Alemania,Grecia,2,1,FIFA World Cup qualification
291,1961,Hungría,Países Bajos,3,3,FIFA World Cup qualification
292,1961,Inglaterra,Portugal,2,0,FIFA World Cup qualification
293,1961,Bulgaria,Finlandia,3,1,FIFA World Cup qualification
294,1961,Checoslovaquia,Irlanda,7,1,FIFA World Cup qualification
295,1961,México,Paraguay,1,0,FIFA World Cup qualification
296,1961,Suiza,Suecia,3,2,FIFA World Cup qualification
297,1961,Turquía,Noruega,2,1,FIFA World Cup qualification
298,1961,Italia,Israel,6,0,FIFA World Cup qualification
299,1961,Paraguay,México,0,0,FIFA World Cup qualification
300,1961,Bulgaria,Francia,1,0,FIFA World Cup qualification
301,1961,Marruecos,España,0,1,FIFA World Cup qualification
302,1961,Suiza,Suecia,2,1,FIFA World Cup qualification
303,1961,Turquía,Rusia,1,2,FIFA World Cup qualification
304,1961,España,Marruecos,3,2,FIFA World Cup qualification
305,1961,Corea del Sur,Yugoslavia,1,3,FIFA World Cup qualification
306,1961,Checoslovaquia,Escocia,4,2,FIFA World Cup qualification
307,1961,Bulgaria,Francia,1,0,FIFA World Cup qualification
308,1964,Países Bajos,Albania,2,0,FIFA World Cup qualification
309,1964,Yugoslavia,Luxemburgo,3,1,FIFA World Cup qualification
310,1964,Luxemburgo,Francia,0,2,FIFA World Cup qualification
311,1964,Irlanda del Norte,Suiza,1,0,FIFA World Cup qualification
312,1964,Dinamarca,Gales,1,0,FIFA World Cup qualification
313,1964,Escocia,Finlandia,3,1,FIFA World Cup qualification
314,1964,Albania,Países Bajos,0,2,FIFA World Cup qualification
315,1964,Alemania,Suecia,1,1,FIFA World Cup qualification
316,1964,Italia,Finlandia,6,1,FIFA World Cup qualification
317,1964,Luxemburgo,Noruega,0,2,FIFA World Cup qualification
318,1964,Francia,Noruega,1,0,FIFA World Cup qualification
319,1964,Suiza,Irlanda del Norte,2,1,FIFA World Cup qualification
320,1964,Grecia,Dinamarca,4,2,FIFA World Cup qualification
321,1964,Grecia,Gales,2,0,FIFA World Cup qualification
322,1965,Jamaica,Cuba,2,0,FIFA World Cup qualification
323,1965,Cuba,Curazao,1,1,FIFA World Cup qualification
324,1965,Jamaica,Curazao,2,0,FIFA World Cup qualification
325,1965,Portugal,Turquía,5,1,FIFA World Cup qualification
326,1965,Cuba,Curazao,0,1,FIFA World Cup qualification
327,1965,Curazao,Jamaica,0,0,FIFA World Cup qualification
328,1965,Cuba,Jamaica,2,1,FIFA World Cup qualification
329,1965,Trinidad y Tobago,Surinam,4,1,FIFA World Cup qualification
330,1965,Costa Rica,Surinam,1,0,FIFA World Cup qualification
331,1965,Costa Rica,Trinidad y Tobago,4,0,FIFA World Cup qualification
332,1965,Honduras,México,0,1,FIFA World Cup qualification
333,1965,Surinam,Costa Rica,1,3,FIFA World Cup qualification
334,1965,México,Honduras,3,0,FIFA World Cup qualification
335,1965,Trinidad y Tobago,Costa Rica,0,1,FIFA World Cup qualification
336,1965,Estados Unidos,México,2,2,FIFA World Cup qualification
337,1965,México,Estados Unidos,2,0,FIFA World Cup qualification
338,1965,Surinam,Trinidad y Tobago,6,1,FIFA World Cup qualification
339,1965,Honduras,Estados Unidos,0,1,FIFA World Cup qualification
340,1965,Irlanda del Norte,Países Bajos,2,1,FIFA World Cup qualification
341,1965,Gales,Grecia,4,1,FIFA World Cup qualification
342,1965,Honduras,Estados Unidos,1,1,FIFA World Cup qualification
343,1965,Países Bajos,Irlanda del Norte,0,0,FIFA World Cup qualification
344,1965,Albania,Suiza,0,2,FIFA World Cup qualification
345,1965,Polonia,Italia,0,0,FIFA World Cup qualification
346,1965,Yugoslavia,Francia,1,0,FIFA World Cup qualification
347,1965,Turquía,Portugal,0,1,FIFA World Cup qualification
348,1965,Alemania,Chipre,5,0,FIFA World Cup qualification
349,1965,Austria,Alemania Democrática,1,1,FIFA World Cup qualification
350,1965,Costa Rica,México,0,0,FIFA World Cup qualification
351,1965,Checoslovaquia,Portugal,0,1,FIFA World Cup qualification
352,1965,Rumania,Turquía,3,0,FIFA World Cup qualification
353,1965,Suiza,Albania,1,0,FIFA World Cup qualification
354,1965,Jamaica,México,2,3,FIFA World Cup qualification
355,1965,Irlanda,España,1,0,FIFA World Cup qualification
356,1965,Suecia,Chipre,3,0,FIFA World Cup qualification
357,1965,México,Jamaica,8,0,FIFA World Cup qualification
358,1965,Irlanda del Norte,Albania,4,1,FIFA World Cup qualification
359,1965,Bélgica,Israel,1,0,FIFA World Cup qualification
360,1965,Costa Rica,Jamaica,7,0,FIFA World Cup qualification
361,1965,México,Costa Rica,1,0,FIFA World Cup qualification
362,1965,Perú,Venezuela,1,0,FIFA World Cup qualification
363,1965,Jamaica,Costa Rica,1,1,FIFA World Cup qualification
364,1965,Alemania Democrática,Hungría,1,1,FIFA World Cup qualification
365,1965,Polonia,Escocia,1,1,FIFA World Cup qualification
366,1965,Rusia,Grecia,3,1,FIFA World Cup qualification
367,1965,Uruguay,Venezuela,5,0,FIFA World Cup qualification
368,1965,Finlandia,Escocia,1,2,FIFA World Cup qualification
369,1965,Noruega,Luxemburgo,4,2,FIFA World Cup qualification
370,1965,Rumania,Checoslovaquia,1,0,FIFA World Cup qualification
371,1965,Rusia,Gales,2,1,FIFA World Cup qualification
372,1965,Venezuela,Uruguay,1,3,FIFA World Cup qualification
373,1965,Venezuela,Perú,3,6,FIFA World Cup qualification
374,1965,Perú,Uruguay,0,1,FIFA World Cup qualification
375,1965,Austria,Hungría,0,1,FIFA World Cup qualification
376,1965,Bulgaria,Israel,4,0,FIFA World Cup qualification
377,1965,Uruguay,Perú,2,1,FIFA World Cup qualification
378,1965,Portugal,Rumania,2,1,FIFA World Cup qualification
379,1965,Noruega,Yugoslavia,3,0,FIFA World Cup qualification
380,1965,Finlandia,Italia,0,2,FIFA World Cup qualification
381,1965,Rusia,Dinamarca,6,0,FIFA World Cup qualification
382,1965,Colombia,Ecuador,0,1,FIFA World Cup qualification
383,1965,Ecuador,Colombia,2,0,FIFA World Cup qualification
384,1965,Paraguay,Bolivia,2,0,FIFA World Cup qualification
385,1965,Argentina,Paraguay,3,0,FIFA World Cup qualification
386,1965,Chile,Colombia,7,2,FIFA World Cup qualification
387,1965,Colombia,Chile,2,0,FIFA World Cup qualification
388,1965,Paraguay,Argentina,0,0,FIFA World Cup qualification
389,1965,Ecuador,Chile,2,2,FIFA World Cup qualification
390,1965,Argentina,Bolivia,4,1,FIFA World Cup qualification
391,1965,Bolivia,Paraguay,2,1,FIFA World Cup qualification
392,1965,Chile,Ecuador,3,1,FIFA World Cup qualification
393,1965,Bolivia,Argentina,1,2,FIFA World Cup qualification
394,1965,Hungría,Austria,3,0,FIFA World Cup qualification
395,1965,Noruega,Francia,0,1,FIFA World Cup qualification
396,1965,Checoslovaquia,Rumania,3,1,FIFA World Cup qualification
397,1965,Luxemburgo,Yugoslavia,2,5,FIFA World Cup qualification
398,1965,Bulgaria,Bélgica,3,0,FIFA World Cup qualification
399,1965,Suecia,Alemania,1,2,FIFA World Cup qualification
400,1965,Finlandia,Polonia,2,0,FIFA World Cup qualification
401,1965,Grecia,Rusia,1,4,FIFA World Cup qualification
402,1965,Francia,Yugoslavia,1,0,FIFA World Cup qualification
403,1965,Hungría,Alemania Democrática,3,2,FIFA World Cup qualification
404,1965,Turquía,Checoslovaquia,0,6,FIFA World Cup qualification
405,1965,Chile,Ecuador,2,1,FIFA World Cup qualification
406,1965,Escocia,Polonia,1,2,FIFA World Cup qualification
407,1965,Dinamarca,Rusia,1,3,FIFA World Cup qualification
408,1965,Países Bajos,Suiza,0,0,FIFA World Cup qualification
409,1965,Turquía,Rumania,2,1,FIFA World Cup qualification
410,1965,Polonia,Finlandia,7,0,FIFA World Cup qualification
411,1965,Bélgica,Bulgaria,5,0,FIFA World Cup qualification
412,1965,Dinamarca,Grecia,1,1,FIFA World Cup qualification
413,1965,España,Irlanda,4,1,FIFA World Cup qualification
414,1965,Gales,Rusia,2,1,FIFA World Cup qualification
415,1965,Alemania Democrática,Austria,1,0,FIFA World Cup qualification
416,1965,Portugal,Checoslovaquia,0,0,FIFA World Cup qualification
417,1965,Italia,Polonia,6,1,FIFA World Cup qualification
418,1965,Francia,Luxemburgo,4,1,FIFA World Cup qualification
419,1965,Chipre,Suecia,0,5,FIFA World Cup qualification
420,1965,Yugoslavia,Noruega,1,1,FIFA World Cup qualification
421,1965,Escocia,Italia,1,0,FIFA World Cup qualification
422,1965,Irlanda,España,0,1,FIFA World Cup qualification
423,1965,Israel,Bélgica,0,5,FIFA World Cup qualification
424,1965,Chipre,Alemania,0,6,FIFA World Cup qualification
425,1965,Suiza,Países Bajos,2,1,FIFA World Cup qualification
426,1965,Checoslovaquia,Turquía,3,1,FIFA World Cup qualification
427,1965,Israel,Bulgaria,1,2,FIFA World Cup qualification
428,1965,Corea del Norte,Australia,6,1,FIFA World Cup qualification
429,1965,Rumania,Portugal,2,0,FIFA World Cup qualification
430,1965,Albania,Irlanda del Norte,1,1,FIFA World Cup qualification
431,1965,Australia,Corea del Norte,1,3,FIFA World Cup qualification
432,1965,Gales,Dinamarca,4,2,FIFA World Cup qualification
433,1965,Italia,Escocia,3,0,FIFA World Cup qualification
434,1965,Bélgica,Bulgaria,1,2,FIFA World Cup qualification
435,1968,Austria,Chipre,7,1,FIFA World Cup qualification
436,1968,Finlandia,Bélgica,1,2,FIFA World Cup qualification
437,1968,Países Bajos,Luxemburgo,2,0,FIFA World Cup qualification
438,1968,Dinamarca,Checoslovaquia,0,3,FIFA World Cup qualification
439,1968,Yugoslavia,Finlandia,9,1,FIFA World Cup qualification
440,1968,Canadá,islas Bermudas,4,0,FIFA World Cup qualification
441,1968,Bélgica,Finlandia,6,1,FIFA World Cup qualification
442,1968,Suecia,Noruega,5,0,FIFA World Cup qualification
443,1968,Suiza,Grecia,1,0,FIFA World Cup qualification
444,1968,Austria,Alemania,0,2,FIFA World Cup qualification
445,1968,Canadá,Estados Unidos,4,2,FIFA World Cup qualification
446,1968,Bélgica,Yugoslavia,3,0,FIFA World Cup qualification
447,1968,islas Bermudas,Canadá,0,0,FIFA World Cup qualification
448,1968,Checoslovaquia,Dinamarca,1,0,FIFA World Cup qualification
449,1968,Irlanda del Norte,Turquía,4,1,FIFA World Cup qualification
450,1968,Gales,Italia,0,1,FIFA World Cup qualification
451,1968,Estados Unidos,Canadá,1,0,FIFA World Cup qualification
452,1968,Bulgaria,Países Bajos,2,0,FIFA World Cup qualification
453,1968,Portugal,Rumania,3,0,FIFA World Cup qualification
454,1968,Yugoslavia,España,0,0,FIFA World Cup qualification
455,1968,Zambia,Sudán,4,2,FIFA World Cup qualification
456,1968,Estados Unidos,islas Bermudas,6,2,FIFA World Cup qualification
457,1968,Marruecos,Senegal,1,0,FIFA World Cup qualification
458,1968,Francia,Noruega,0,1,FIFA World Cup qualification
459,1968,Escocia,Austria,2,1,FIFA World Cup qualification
460,1968,Sudán,Zambia,4,2,FIFA World Cup qualification
461,1968,islas Bermudas,Estados Unidos,0,2,FIFA World Cup qualification
462,1968,Argelia,Túnez,1,2,FIFA World Cup qualification
463,1968,Guatemala,Trinidad y Tobago,4,0,FIFA World Cup qualification
464,1968,Guatemala,Trinidad y Tobago,0,0,FIFA World Cup qualification
465,1968,Chipre,Alemania,0,1,FIFA World Cup qualification
466,1968,Haití,Trinidad y Tobago,4,0,FIFA World Cup qualification
467,1968,Rumania,Suiza,2,0,FIFA World Cup qualification
468,1968,Surinam,Curazao,6,0,FIFA World Cup qualification
469,1968,Haití,Trinidad y Tobago,2,4,FIFA World Cup qualification
470,1968,Costa Rica,Jamaica,3,0,FIFA World Cup qualification
471,1968,Costa Rica,Jamaica,3,1,FIFA World Cup qualification
472,1968,El Salvador,Surinam,6,0,FIFA World Cup qualification
473,1968,Curazao,Surinam,2,0,FIFA World Cup qualification
474,1968,Honduras,Jamaica,3,1,FIFA World Cup qualification
475,1968,Nigeria,Camerún,1,1,FIFA World Cup qualification
476,1968,Haití,Guatemala,2,0,FIFA World Cup qualification
477,1968,Honduras,Jamaica,2,0,FIFA World Cup qualification
478,1968,Chipre,Escocia,0,5,FIFA World Cup qualification
479,1968,Grecia,Portugal,4,2,FIFA World Cup qualification
480,1968,España,Bélgica,1,1,FIFA World Cup qualification
481,1968,Turquía,Irlanda del Norte,0,3,FIFA World Cup qualification
482,1968,El Salvador,Curazao,1,0,FIFA World Cup qualification
483,1968,El Salvador,Curazao,2,1,FIFA World Cup qualification
484,1968,Camerún,Nigeria,2,3,FIFA World Cup qualification
485,1968,Honduras,Costa Rica,1,0,FIFA World Cup qualification
486,1968,Surinam,El Salvador,4,1,FIFA World Cup qualification
487,1968,Costa Rica,Honduras,1,1,FIFA World Cup qualification
488,1968,Túnez,Argelia,0,0,FIFA World Cup qualification
489,1969,Senegal,Marruecos,2,1,FIFA World Cup qualification
490,1969,Libia,Etiopía,2,0,FIFA World Cup qualification
491,1969,Etiopía,Libia,5,1,FIFA World Cup qualification
492,1969,Marruecos,Senegal,2,0,FIFA World Cup qualification
493,1969,Bélgica,España,2,1,FIFA World Cup qualification
494,1969,Guatemala,Haití,1,1,FIFA World Cup qualification
495,1969,Países Bajos,Luxemburgo,4,0,FIFA World Cup qualification
496,1969,Alemania Democrática,Italia,2,2,FIFA World Cup qualification
497,1969,Alemania Democrática,Gales,2,1,FIFA World Cup qualification
498,1969,Grecia,Rumania,2,2,FIFA World Cup qualification
499,1969,Portugal,Suiza,0,2,FIFA World Cup qualification
500,1969,Escocia,Alemania,1,1,FIFA World Cup qualification
501,1969,Chipre,Austria,1,2,FIFA World Cup qualification
502,1969,Haití,Estados Unidos,2,0,FIFA World Cup qualification
503,1969,Polonia,Luxemburgo,8,1,FIFA World Cup qualification
504,1969,Bulgaria,Luxemburgo,2,1,FIFA World Cup qualification
505,1969,Túnez,Marruecos,0,0,FIFA World Cup qualification
506,1969,España,Yugoslavia,2,1,FIFA World Cup qualification
507,1969,Etiopía,Sudán,1,1,FIFA World Cup qualification
508,1969,Irlanda,Checoslovaquia,1,2,FIFA World Cup qualification
509,1969,Portugal,Grecia,2,2,FIFA World Cup qualification
510,1969,Países Bajos,Polonia,1,0,FIFA World Cup qualification
511,1969,Alemania,Austria,1,0,FIFA World Cup qualification
512,1969,Nigeria,Ghana,2,1,FIFA World Cup qualification
513,1969,Sudán,Etiopía,3,1,FIFA World Cup qualification
514,1969,Estados Unidos,Haití,0,1,FIFA World Cup qualification
515,1969,Suiza,Rumania,0,1,FIFA World Cup qualification
516,1969,Escocia,Chipre,8,0,FIFA World Cup qualification
517,1969,Ghana,Nigeria,1,1,FIFA World Cup qualification
518,1969,Marruecos,Túnez,0,0,FIFA World Cup qualification
519,1969,Alemania,Chipre,12,0,FIFA World Cup qualification
520,1969,Hungría,Checoslovaquia,2,0,FIFA World Cup qualification
521,1969,Dinamarca,Irlanda,2,0,FIFA World Cup qualification
522,1969,Finlandia,Yugoslavia,1,5,FIFA World Cup qualification
523,1969,Honduras,El Salvador,1,0,FIFA World Cup qualification
524,1969,Irlanda,Hungría,1,2,FIFA World Cup qualification
525,1969,Túnez,Marruecos,2,2,FIFA World Cup qualification
526,1969,Bulgaria,Polonia,4,1,FIFA World Cup qualification
527,1969,Dinamarca,Hungría,3,2,FIFA World Cup qualification
528,1969,El Salvador,Honduras,3,0,FIFA World Cup qualification
529,1969,Noruega,Suecia,2,5,FIFA World Cup qualification
530,1969,Finlandia,España,2,0,FIFA World Cup qualification
531,1969,Honduras,El Salvador,2,3,FIFA World Cup qualification
532,1969,Ecuador,Uruguay,0,2,FIFA World Cup qualification
533,1969,Chile,Uruguay,0,0,FIFA World Cup qualification
534,1969,Uruguay,Ecuador,1,0,FIFA World Cup qualification
535,1969,Bolivia,Argentina,3,1,FIFA World Cup qualification
536,1969,Chile,Ecuador,4,1,FIFA World Cup qualification
537,1969,Colombia,Venezuela,3,0,FIFA World Cup qualification
538,1969,Venezuela,Colombia,1,1,FIFA World Cup qualification
539,1969,Ecuador,Chile,1,1,FIFA World Cup qualification
540,1969,Perú,Argentina,1,0,FIFA World Cup qualification
541,1969,Colombia,Brasil,0,2,FIFA World Cup qualification
542,1969,Venezuela,Paraguay,0,2,FIFA World Cup qualification
543,1969,Bolivia,Perú,2,1,FIFA World Cup qualification
544,1969,Colombia,Paraguay,0,1,FIFA World Cup qualification
545,1969,Uruguay,Chile,2,0,FIFA World Cup qualification
546,1969,Venezuela,Brasil,0,5,FIFA World Cup qualification
547,1969,Paraguay,Brasil,0,3,FIFA World Cup qualification
548,1969,Perú,Bolivia,3,0,FIFA World Cup qualification
549,1969,Brasil,Colombia,6,2,FIFA World Cup qualification
550,1969,Paraguay,Venezuela,1,0,FIFA World Cup qualification
551,1969,Argentina,Bolivia,1,0,FIFA World Cup qualification
552,1969,Brasil,Venezuela,6,0,FIFA World Cup qualification
553,1969,Paraguay,Colombia,2,1,FIFA World Cup qualification
554,1969,Argentina,Perú,2,2,FIFA World Cup qualification
555,1969,Brasil,Paraguay,1,0,FIFA World Cup qualification
556,1969,Polonia,Países Bajos,2,1,FIFA World Cup qualification
557,1969,Irlanda del Norte,Rusia,0,0,FIFA World Cup qualification
558,1969,Noruega,Francia,1,3,FIFA World Cup qualification
559,1969,Nigeria,Sudán,2,2,FIFA World Cup qualification
560,1969,Checoslovaquia,Hungría,3,3,FIFA World Cup qualification
561,1969,Haití,El Salvador,1,2,FIFA World Cup qualification
562,1969,Marruecos,Nigeria,2,1,FIFA World Cup qualification
563,1969,El Salvador,Haití,0,3,FIFA World Cup qualification
564,1969,Israel,Nueva Zelanda,4,0,FIFA World Cup qualification
565,1969,Israel,Nueva Zelanda,2,0,FIFA World Cup qualification
566,1969,Sudán,Nigeria,3,3,FIFA World Cup qualification
567,1969,Checoslovaquia,Irlanda,3,0,FIFA World Cup qualification
568,1969,Haití,El Salvador,0,1,FIFA World Cup qualification
569,1969,Japón,Australia,1,3,FIFA World Cup qualification
570,1969,Sudán,Marruecos,0,0,FIFA World Cup qualification
571,1969,Luxemburgo,Polonia,1,5,FIFA World Cup qualification
572,1969,Corea del Sur,Japón,2,2,FIFA World Cup qualification
573,1969,Rumania,Portugal,1,0,FIFA World Cup qualification
574,1969,Corea del Sur,Australia,1,2,FIFA World Cup qualification
575,1969,Grecia,Suiza,4,1,FIFA World Cup qualification
576,1969,Irlanda,Dinamarca,1,1,FIFA World Cup qualification
577,1969,Rusia,Turquía,3,0,FIFA World Cup qualification
578,1969,España,Finlandia,6,0,FIFA World Cup qualification
579,1969,Suecia,Francia,2,0,FIFA World Cup qualification
580,1969,Australia,Japón,1,1,FIFA World Cup qualification
581,1969,Corea del Sur,Japón,2,0,FIFA World Cup qualification
582,1969,Yugoslavia,Bélgica,4,0,FIFA World Cup qualification
583,1969,Corea del Sur,Australia,1,1,FIFA World Cup qualification
584,1969,Alemania,Escocia,3,2,FIFA World Cup qualification
585,1969,Hungría,Dinamarca,3,0,FIFA World Cup qualification
586,1969,Países Bajos,Bulgaria,1,1,FIFA World Cup qualification
587,1969,Rusia,Irlanda del Norte,2,0,FIFA World Cup qualification
588,1969,Gales,Alemania Democrática,1,3,FIFA World Cup qualification
589,1969,Marruecos,Sudán,3,0,FIFA World Cup qualification
590,1969,Francia,Suecia,3,0,FIFA World Cup qualification
591,1969,Suiza,Portugal,1,1,FIFA World Cup qualification
592,1969,Italia,Gales,4,1,FIFA World Cup qualification
593,1969,Austria,Escocia,2,0,FIFA World Cup qualification
594,1969,Hungría,Irlanda,4,0,FIFA World Cup qualification
595,1969,Nigeria,Marruecos,2,0,FIFA World Cup qualification
596,1969,Polonia,Bulgaria,3,0,FIFA World Cup qualification
597,1969,Rumania,Grecia,1,1,FIFA World Cup qualification
598,1969,Turquía,Rusia,1,3,FIFA World Cup qualification
599,1969,Italia,Alemania Democrática,3,0,FIFA World Cup qualification
600,1969,Zimbabue,Australia,1,1,FIFA World Cup qualification
601,1969,Australia,Zimbabue,0,0,FIFA World Cup qualification
602,1969,Zimbabue,Australia,1,3,FIFA World Cup qualification
603,1969,Checoslovaquia,Hungría,4,1,FIFA World Cup qualification
604,1969,Israel,Australia,1,0,FIFA World Cup qualification
605,1969,Luxemburgo,Bulgaria,1,3,FIFA World Cup qualification
606,1969,Australia,Israel,1,1,FIFA World Cup qualification
607,1971,Malta,Hungría,0,2,FIFA World Cup qualification
608,1972,Argelia,Guinea,1,0,FIFA World Cup qualification
609,1972,Guinea,Argelia,5,1,FIFA World Cup qualification
610,1972,Portugal,Chipre,4,0,FIFA World Cup qualification
611,1972,Haití,Puerto Rico,7,0,FIFA World Cup qualification
612,1972,Puerto Rico,Haití,0,5,FIFA World Cup qualification
613,1972,Austria,Malta,4,0,FIFA World Cup qualification
614,1972,Lesoto,Zambia,0,0,FIFA World Cup qualification
615,1972,Hungría,Malta,3,0,FIFA World Cup qualification
616,1972,Chipre,Portugal,0,1,FIFA World Cup qualification
617,1972,Bélgica,Islandia,4,0,FIFA World Cup qualification
618,1972,Bélgica,Islandia,4,0,FIFA World Cup qualification
619,1972,Suecia,Hungría,0,0,FIFA World Cup qualification
620,1972,Zambia,Lesoto,6,1,FIFA World Cup qualification
621,1972,Togo,República Democrática del Congo,0,0,FIFA World Cup qualification
622,1972,Austria,Suecia,2,0,FIFA World Cup qualification
623,1972,Benín,Ghana,0,5,FIFA World Cup qualification
624,1972,República Democrática del Congo,Togo,4,0,FIFA World Cup qualification
625,1972,Finlandia,Albania,1,0,FIFA World Cup qualification
626,1972,Ghana,Benín,5,1,FIFA World Cup qualification
627,1972,Kenia,Sudán,2,0,FIFA World Cup qualification
628,1972,Sudán,Kenia,1,0,FIFA World Cup qualification
629,1972,Noruega,Islandia,4,1,FIFA World Cup qualification
630,1972,Nigeria,Congo,2,1,FIFA World Cup qualification
631,1972,Congo,Nigeria,1,1,FIFA World Cup qualification
632,1972,Finlandia,Rumania,1,1,FIFA World Cup qualification
633,1972,Noruega,Bélgica,0,2,FIFA World Cup qualification
634,1972,Alemania Democrática,Finlandia,5,0,FIFA World Cup qualification
635,1972,Luxemburgo,Italia,0,4,FIFA World Cup qualification
636,1972,Francia,Rusia,1,0,FIFA World Cup qualification
637,1972,Austria,Hungría,2,2,FIFA World Cup qualification
638,1972,Sierra Leona,Costa de Marfil,0,1,FIFA World Cup qualification
639,1972,Suecia,Malta,7,0,FIFA World Cup qualification
640,1972,Bulgaria,Irlanda del Norte,3,0,FIFA World Cup qualification
641,1972,Dinamarca,Escocia,1,4,FIFA World Cup qualification
642,1972,Irlanda,Rusia,1,2,FIFA World Cup qualification
643,1972,España,Yugoslavia,2,2,FIFA World Cup qualification
644,1972,Suiza,Italia,0,0,FIFA World Cup qualification
645,1972,Luxemburgo,Turquía,2,0,FIFA World Cup qualification
646,1972,Costa de Marfil,Sierra Leona,2,0,FIFA World Cup qualification
647,1972,Rumania,Albania,2,0,FIFA World Cup qualification
648,1972,Países Bajos,Noruega,9,0,FIFA World Cup qualification
649,1972,Irlanda,Francia,2,1,FIFA World Cup qualification
650,1972,Escocia,Dinamarca,2,0,FIFA World Cup qualification
651,1972,Gales,Inglaterra,0,1,FIFA World Cup qualification
652,1972,Yugoslavia,Grecia,1,0,FIFA World Cup qualification
653,1972,Bélgica,Países Bajos,0,0,FIFA World Cup qualification
654,1972,Chipre,Bulgaria,0,4,FIFA World Cup qualification
655,1972,Marruecos,Senegal,0,0,FIFA World Cup qualification
656,1972,Malta,Austria,0,2,FIFA World Cup qualification
657,1972,Tanzania,Etiopía,1,1,FIFA World Cup qualification
658,1972,Etiopía,Tanzania,0,0,FIFA World Cup qualification
659,1972,Senegal,Marruecos,1,2,FIFA World Cup qualification
660,1972,Egipto,Túnez,2,1,FIFA World Cup qualification
661,1972,Etiopía,Tanzania,3,0,FIFA World Cup qualification
662,1972,Mauricio,Kenia,1,3,FIFA World Cup qualification
663,1972,Turquía,Luxemburgo,3,0,FIFA World Cup qualification
664,1972,Kenia,Mauricio,2,2,FIFA World Cup qualification
665,1972,Túnez,Egipto,2,0,FIFA World Cup qualification
666,1973,Italia,Turquía,0,0,FIFA World Cup qualification
667,1973,Grecia,España,2,3,FIFA World Cup qualification
668,1973,Inglaterra,Gales,1,1,FIFA World Cup qualification
669,1973,Camerún,República Democrática del Congo,0,1,FIFA World Cup qualification
670,1973,Nigeria,Ghana,2,3,FIFA World Cup qualification
671,1973,Guinea,Marruecos,1,1,FIFA World Cup qualification
672,1973,Túnez,Costa de Marfil,1,1,FIFA World Cup qualification
673,1973,Chipre,Irlanda del Norte,1,0,FIFA World Cup qualification
674,1973,España,Grecia,3,1,FIFA World Cup qualification
675,1973,República Democrática del Congo,Camerún,0,1,FIFA World Cup qualification
676,1973,Ghana,Nigeria,0,0,FIFA World Cup qualification
677,1973,Costa de Marfil,Túnez,2,1,FIFA World Cup qualification
678,1973,Marruecos,Guinea,2,0,FIFA World Cup qualification
679,1973,Turquía,Italia,0,1,FIFA World Cup qualification
680,1973,República Democrática del Congo,Camerún,2,0,FIFA World Cup qualification
681,1973,Nueva Zelanda,Australia,1,1,FIFA World Cup qualification
682,1973,Australia,Irak,3,1,FIFA World Cup qualification
683,1973,Indonesia,Nueva Zelanda,1,1,FIFA World Cup qualification
684,1973,Australia,Indonesia,2,1,FIFA World Cup qualification
685,1973,Irak,Nueva Zelanda,2,0,FIFA World Cup qualification
686,1973,Australia,Nueva Zelanda,3,3,FIFA World Cup qualification
687,1973,Irak,Indonesia,1,1,FIFA World Cup qualification
688,1973,Australia,Irak,0,0,FIFA World Cup qualification
689,1973,Indonesia,Nueva Zelanda,1,0,FIFA World Cup qualification
690,1973,Irak,Indonesia,3,2,FIFA World Cup qualification
691,1973,Australia,Indonesia,6,0,FIFA World Cup qualification
692,1973,Irak,Nueva Zelanda,4,0,FIFA World Cup qualification
693,1973,Irlanda del Norte,Portugal,1,1,FIFA World Cup qualification
694,1973,Gales,Polonia,2,0,FIFA World Cup qualification
695,1973,Italia,Luxemburgo,5,0,FIFA World Cup qualification
696,1973,Etiopía,Zambia,0,0,FIFA World Cup qualification
697,1973,Alemania Democrática,Albania,2,0,FIFA World Cup qualification
698,1973,Luxemburgo,Suiza,0,1,FIFA World Cup qualification
699,1973,Zambia,Etiopía,4,2,FIFA World Cup qualification
700,1973,Hungría,Austria,2,2,FIFA World Cup qualification
701,1973,Perú,Chile,2,0,FIFA World Cup qualification
702,1973,Bulgaria,Portugal,2,1,FIFA World Cup qualification
703,1973,Dinamarca,Checoslovaquia,1,1,FIFA World Cup qualification
704,1973,Irán,Corea del Norte,0,0,FIFA World Cup qualification
705,1973,Siria,Kuwait,2,1,FIFA World Cup qualification
706,1973,Albania,Rumania,1,4,FIFA World Cup qualification
707,1973,Irán,Kuwait,2,1,FIFA World Cup qualification
708,1973,Corea del Norte,Siria,1,1,FIFA World Cup qualification
709,1973,Irán,Siria,1,0,FIFA World Cup qualification
710,1973,Corea del Norte,Kuwait,0,0,FIFA World Cup qualification
711,1973,Irlanda del Norte,Chipre,3,0,FIFA World Cup qualification
712,1973,Suiza,Turquía,0,0,FIFA World Cup qualification
713,1973,Irán,Corea del Norte,2,1,FIFA World Cup qualification
714,1973,Siria,Kuwait,2,0,FIFA World Cup qualification
715,1973,Chile,Perú,2,0,FIFA World Cup qualification
716,1973,Irán,Kuwait,2,0,FIFA World Cup qualification
717,1973,Corea del Norte,Siria,3,0,FIFA World Cup qualification
718,1973,Rusia,Irlanda,1,0,FIFA World Cup qualification
719,1973,Irán,Siria,0,1,FIFA World Cup qualification
720,1973,Corea del Norte,Kuwait,0,2,FIFA World Cup qualification
721,1973,Israel,Japón,2,1,FIFA World Cup qualification
722,1973,Tailandia,República de Vietnam,0,1,FIFA World Cup qualification
723,1973,Hong Kong,Malasia,1,0,FIFA World Cup qualification
724,1973,Francia,Irlanda,1,1,FIFA World Cup qualification
725,1973,Israel,Malasia,3,0,FIFA World Cup qualification
726,1973,Corea del Sur,Tailandia,4,0,FIFA World Cup qualification
727,1973,Costa de Marfil,Marruecos,1,1,FIFA World Cup qualification
728,1973,República de Vietnam,Japón,0,4,FIFA World Cup qualification
729,1973,Israel,Tailandia,6,0,FIFA World Cup qualification
730,1973,Corea del Sur,Malasia,0,0,FIFA World Cup qualification
731,1973,Japón,Hong Kong,0,1,FIFA World Cup qualification
732,1973,Corea del Sur,Israel,0,0,FIFA World Cup qualification
733,1973,Suecia,Austria,3,2,FIFA World Cup qualification
734,1973,Tailandia,Malasia,0,2,FIFA World Cup qualification
735,1973,Hong Kong,República de Vietnam,1,0,FIFA World Cup qualification
736,1973,Israel,Japón,1,0,FIFA World Cup qualification
737,1973,Corea del Sur,Hong Kong,3,1,FIFA World Cup qualification
738,1973,Rusia,Francia,2,0,FIFA World Cup qualification
739,1973,Rumania,Alemania Democrática,1,0,FIFA World Cup qualification
740,1973,Corea del Sur,Israel,1,0,FIFA World Cup qualification
741,1973,Checoslovaquia,Dinamarca,6,0,FIFA World Cup qualification
742,1973,Marruecos,Costa de Marfil,4,1,FIFA World Cup qualification
743,1973,Finlandia,Alemania Democrática,1,5,FIFA World Cup qualification
744,1973,Polonia,Inglaterra,2,0,FIFA World Cup qualification
745,1973,Hungría,Suecia,3,3,FIFA World Cup qualification
746,1973,Colombia,Ecuador,1,1,FIFA World Cup qualification
747,1973,Colombia,Uruguay,0,0,FIFA World Cup qualification
748,1973,Ecuador,Colombia,1,1,FIFA World Cup qualification
749,1973,Ecuador,Uruguay,1,2,FIFA World Cup qualification
750,1973,Uruguay,Colombia,0,1,FIFA World Cup qualification
751,1973,Uruguay,Ecuador,4,0,FIFA World Cup qualification
752,1973,Islandia,Noruega,0,4,FIFA World Cup qualification
753,1973,Chile,Perú,2,1,FIFA World Cup qualification
754,1973,Ghana,República Democrática del Congo,1,0,FIFA World Cup qualification
755,1973,Zambia,Kenia,2,0,FIFA World Cup qualification
756,1973,Australia,Irán,3,0,FIFA World Cup qualification
757,1973,República Democrática del Congo,Ghana,4,1,FIFA World Cup qualification
758,1973,Kenia,Zambia,2,2,FIFA World Cup qualification
759,1973,Países Bajos,Islandia,5,0,FIFA World Cup qualification
760,1973,Irán,Australia,2,0,FIFA World Cup qualification
761,1973,Países Bajos,Islandia,8,1,FIFA World Cup qualification
762,1973,Bolivia,Paraguay,1,2,FIFA World Cup qualification
763,1973,Argentina,Bolivia,4,0,FIFA World Cup qualification
764,1973,Noruega,Países Bajos,1,2,FIFA World Cup qualification
765,1973,Paraguay,Argentina,1,1,FIFA World Cup qualification
766,1973,Bolivia,Argentina,0,1,FIFA World Cup qualification
767,1973,Alemania Democrática,Rumania,2,0,FIFA World Cup qualification
768,1973,Irlanda del Norte,Bulgaria,0,0,FIFA World Cup qualification
769,1973,Polonia,Gales,3,0,FIFA World Cup qualification
770,1973,Rusia,Chile,0,0,FIFA World Cup qualification
771,1973,Escocia,Checoslovaquia,2,1,FIFA World Cup qualification
772,1973,Suiza,Luxemburgo,1,0,FIFA World Cup qualification
773,1973,Paraguay,Bolivia,4,0,FIFA World Cup qualification
774,1973,Argentina,Paraguay,3,1,FIFA World Cup qualification
775,1973,Albania,Finlandia,1,0,FIFA World Cup qualification
776,1973,Portugal,Bulgaria,2,2,FIFA World Cup qualification
777,1973,Rumania,Finlandia,9,0,FIFA World Cup qualification
778,1973,Checoslovaquia,Escocia,1,0,FIFA World Cup qualification
779,1973,Inglaterra,Polonia,1,1,FIFA World Cup qualification
780,1973,Italia,Suiza,2,0,FIFA World Cup qualification
781,1973,Yugoslavia,España,0,0,FIFA World Cup qualification
782,1973,Zambia,Marruecos,4,0,FIFA World Cup qualification
783,1973,Australia,Corea del Sur,0,0,FIFA World Cup qualification
784,1973,Bélgica,Noruega,2,0,FIFA World Cup qualification
785,1973,Zambia,República Democrática del Congo,0,2,FIFA World Cup qualification
786,1973,Corea del Sur,Australia,2,2,FIFA World Cup qualification
787,1973,Malta,Suecia,1,2,FIFA World Cup qualification
788,1973,Albania,Alemania Democrática,1,4,FIFA World Cup qualification
789,1973,Australia,Corea del Sur,1,0,FIFA World Cup qualification
790,1973,Portugal,Irlanda del Norte,1,1,FIFA World Cup qualification
791,1973,Bulgaria,Chipre,2,0,FIFA World Cup qualification
792,1973,República Democrática del Congo,Zambia,2,1,FIFA World Cup qualification
793,1973,Países Bajos,Bélgica,0,0,FIFA World Cup qualification
794,1973,Turquía,Suiza,2,0,FIFA World Cup qualification
795,1973,Marruecos,Zambia,2,0,FIFA World Cup qualification
796,1973,Austria,Suecia,1,2,FIFA World Cup qualification
797,1973,Haití,Curazao,3,0,FIFA World Cup qualification
798,1973,Haití,Trinidad y Tobago,2,1,FIFA World Cup qualification
799,1973,Haití,Honduras,1,0,FIFA World Cup qualification
800,1973,República Democrática del Congo,Marruecos,3,0,FIFA World Cup qualification
801,1973,Haití,Guatemala,2,1,FIFA World Cup qualification
802,1973,Haití,México,0,1,FIFA World Cup qualification
803,1973,Grecia,Yugoslavia,2,4,FIFA World Cup qualification
804,1974,Yugoslavia,España,1,0,FIFA World Cup qualification
805,1976,Sierra Leona,Níger,5,1,FIFA World Cup qualification
806,1976,Burkina Faso,Mauritania,1,1,FIFA World Cup qualification
807,1976,Níger,Sierra Leona,2,1,FIFA World Cup qualification
808,1976,Mauritania,Burkina Faso,0,2,FIFA World Cup qualification
809,1976,Argelia,Libia,1,0,FIFA World Cup qualification
810,1976,Libia,Argelia,0,0,FIFA World Cup qualification
811,1976,Zambia,Malaui,4,0,FIFA World Cup qualification
812,1976,Chipre,Dinamarca,1,5,FIFA World Cup qualification
813,1976,Malaui,Zambia,0,1,FIFA World Cup qualification
814,1976,Finlandia,Inglaterra,1,4,FIFA World Cup qualification
815,1976,Suecia,Noruega,2,0,FIFA World Cup qualification
816,1976,Burkina Faso,Costa de Marfil,1,1,FIFA World Cup qualification
817,1976,Islandia,Bélgica,0,1,FIFA World Cup qualification
818,1976,Islandia,Países Bajos,0,1,FIFA World Cup qualification
819,1976,Noruega,Suiza,1,0,FIFA World Cup qualification
820,1976,Finlandia,Luxemburgo,7,1,FIFA World Cup qualification
821,1976,Costa de Marfil,Burkina Faso,2,0,FIFA World Cup qualification
822,1976,Bulgaria,Francia,2,2,FIFA World Cup qualification
823,1976,Grecia,Hungría,1,1,FIFA World Cup qualification
824,1976,Suiza,Suecia,1,2,FIFA World Cup qualification
825,1976,Ghana,Guinea,2,1,FIFA World Cup qualification
826,1976,España,Yugoslavia,1,0,FIFA World Cup qualification
827,1976,Checoslovaquia,Escocia,2,0,FIFA World Cup qualification
828,1976,Inglaterra,Finlandia,2,1,FIFA World Cup qualification
829,1976,Países Bajos,Irlanda del Norte,2,2,FIFA World Cup qualification
830,1976,Luxemburgo,Italia,1,4,FIFA World Cup qualification
831,1976,Portugal,Polonia,0,2,FIFA World Cup qualification
832,1976,Sierra Leona,Nigeria,0,0,FIFA World Cup qualification
833,1976,Congo,Camerún,2,2,FIFA World Cup qualification
834,1976,Togo,Senegal,1,0,FIFA World Cup qualification
835,1976,Dinamarca,Chipre,5,0,FIFA World Cup qualification
836,1976,Egipto,Etiopía,3,0,FIFA World Cup qualification
837,1976,Nigeria,Sierra Leona,6,2,FIFA World Cup qualification
838,1976,Camerún,Congo,1,2,FIFA World Cup qualification
839,1976,Guinea,Ghana,2,1,FIFA World Cup qualification
840,1976,Polonia,Chipre,5,0,FIFA World Cup qualification
841,1976,Senegal,Togo,1,1,FIFA World Cup qualification
842,1976,Turquía,Malta,4,0,FIFA World Cup qualification
843,1976,Bélgica,Irlanda del Norte,2,0,FIFA World Cup qualification
844,1976,Arabia Saudita,Siria,2,0,FIFA World Cup qualification
845,1976,Etiopía,Egipto,1,2,FIFA World Cup qualification
846,1976,Francia,Irlanda,2,0,FIFA World Cup qualification
847,1976,Alemania Democrática,Turquía,1,1,FIFA World Cup qualification
848,1976,Italia,Inglaterra,2,0,FIFA World Cup qualification
849,1976,Portugal,Dinamarca,1,0,FIFA World Cup qualification
850,1976,Escocia,Gales,1,0,FIFA World Cup qualification
851,1976,Siria,Arabia Saudita,2,1,FIFA World Cup qualification
852,1976,Chipre,Portugal,1,2,FIFA World Cup qualification
853,1976,Malta,Austria,0,1,FIFA World Cup qualification
854,1976,Marruecos,Túnez,1,1,FIFA World Cup qualification
855,1977,Arabia Saudita,Irán,0,3,FIFA World Cup qualification
856,1977,Túnez,Marruecos,1,1,FIFA World Cup qualification
857,1977,Guinea,Ghana,2,0,FIFA World Cup qualification
858,1977,Siria,Irán,0,1,FIFA World Cup qualification
859,1977,Kenia,Egipto,0,0,FIFA World Cup qualification
860,1977,Túnez,Argelia,2,0,FIFA World Cup qualification
861,1977,Venezuela,Uruguay,1,1,FIFA World Cup qualification
862,1977,Costa de Marfil,Congo,3,2,FIFA World Cup qualification
863,1977,Togo,Guinea,0,2,FIFA World Cup qualification
864,1977,Uganda,Zambia,1,0,FIFA World Cup qualification
865,1977,Colombia,Brasil,0,0,FIFA World Cup qualification
866,1977,Ecuador,Perú,1,1,FIFA World Cup qualification
867,1977,Colombia,Paraguay,0,1,FIFA World Cup qualification
868,1977,Bolivia,Uruguay,1,0,FIFA World Cup qualification
869,1977,Congo,Costa de Marfil,1,3,FIFA World Cup qualification
870,1977,Ecuador,Chile,0,1,FIFA World Cup qualification
871,1977,Egipto,Kenia,1,0,FIFA World Cup qualification
872,1977,Guinea,Togo,2,1,FIFA World Cup qualification
873,1977,Israel,Corea del Sur,0,0,FIFA World Cup qualification
874,1977,Singapur,Tailandia,2,0,FIFA World Cup qualification
875,1977,Zambia,Uganda,4,2,FIFA World Cup qualification
876,1977,Argelia,Túnez,1,1,FIFA World Cup qualification
877,1977,Hong Kong,Indonesia,4,1,FIFA World Cup qualification
878,1977,Malasia,Tailandia,6,4,FIFA World Cup qualification
879,1977,Singapur,Hong Kong,2,2,FIFA World Cup qualification
880,1977,Indonesia,Malasia,0,0,FIFA World Cup qualification
881,1977,Tailandia,Hong Kong,1,2,FIFA World Cup qualification
882,1977,Chile,Perú,1,1,FIFA World Cup qualification
883,1977,Israel,Japón,2,0,FIFA World Cup qualification
884,1977,Paraguay,Colombia,1,1,FIFA World Cup qualification
885,1977,Singapur,Malasia,1,0,FIFA World Cup qualification
886,1977,Venezuela,Bolivia,1,3,FIFA World Cup qualification
887,1977,Tailandia,Indonesia,3,2,FIFA World Cup qualification
888,1977,Malasia,Hong Kong,1,1,FIFA World Cup qualification
889,1977,Brasil,Colombia,6,0,FIFA World Cup qualification
890,1977,Singapur,Indonesia,0,4,FIFA World Cup qualification
891,1977,Israel,Japón,2,0,FIFA World Cup qualification
892,1977,Baréin,Kuwait,0,2,FIFA World Cup qualification
893,1977,Perú,Ecuador,4,0,FIFA World Cup qualification
894,1977,Singapur,Hong Kong,0,1,FIFA World Cup qualification
895,1977,Australia,Taiwán,3,0,FIFA World Cup qualification
896,1977,Bolivia,Venezuela,2,0,FIFA World Cup qualification
897,1977,Paraguay,Brasil,0,1,FIFA World Cup qualification
898,1977,Catar,Baréin,2,0,FIFA World Cup qualification
899,1977,Catar,Kuwait,0,2,FIFA World Cup qualification
900,1977,Taiwán,Australia,1,2,FIFA World Cup qualification
901,1977,Baréin,Kuwait,1,2,FIFA World Cup qualification
902,1977,Uruguay,Venezuela,2,0,FIFA World Cup qualification
903,1977,Catar,Baréin,0,3,FIFA World Cup qualification
904,1977,Brasil,Paraguay,1,1,FIFA World Cup qualification
905,1977,Chile,Ecuador,3,0,FIFA World Cup qualification
906,1977,Corea del Sur,Israel,3,1,FIFA World Cup qualification
907,1977,Nueva Zelanda,Taiwán,6,0,FIFA World Cup qualification
908,1977,Catar,Kuwait,1,4,FIFA World Cup qualification
909,1977,Nueva Zelanda,Taiwán,6,0,FIFA World Cup qualification
910,1977,Bélgica,Países Bajos,0,2,FIFA World Cup qualification
911,1977,Japón,Corea del Sur,0,0,FIFA World Cup qualification
912,1977,Perú,Chile,2,0,FIFA World Cup qualification
913,1977,Australia,Nueva Zelanda,3,1,FIFA World Cup qualification
914,1977,Uruguay,Bolivia,2,2,FIFA World Cup qualification
915,1977,Inglaterra,Luxemburgo,5,0,FIFA World Cup qualification
916,1977,Irlanda,Francia,1,0,FIFA World Cup qualification
917,1977,Nueva Zelanda,Australia,1,1,FIFA World Cup qualification
918,1977,Gales,Checoslovaquia,3,0,FIFA World Cup qualification
919,1977,Malta,Alemania Democrática,0,1,FIFA World Cup qualification
920,1977,Corea del Sur,Japón,1,0,FIFA World Cup qualification
921,1977,Rumania,España,1,0,FIFA World Cup qualification
922,1977,Austria,Turquía,1,0,FIFA World Cup qualification
923,1977,Irán,Arabia Saudita,2,0,FIFA World Cup qualification
924,1977,Rusia,Grecia,2,0,FIFA World Cup qualification
925,1977,Austria,Malta,9,0,FIFA World Cup qualification
926,1977,Hungría,Rusia,2,1,FIFA World Cup qualification
927,1977,Dinamarca,Polonia,1,2,FIFA World Cup qualification
928,1977,Yugoslavia,Rumania,0,2,FIFA World Cup qualification
929,1977,Grecia,Rusia,1,0,FIFA World Cup qualification
930,1977,Chipre,Polonia,1,3,FIFA World Cup qualification
931,1977,Rusia,Hungría,2,0,FIFA World Cup qualification
932,1977,Luxemburgo,Finlandia,0,1,FIFA World Cup qualification
933,1977,Hungría,Grecia,3,0,FIFA World Cup qualification
934,1977,Bulgaria,Irlanda,2,1,FIFA World Cup qualification
935,1977,Guinea,Túnez,1,0,FIFA World Cup qualification
936,1977,Finlandia,Italia,0,3,FIFA World Cup qualification
937,1977,Suecia,Suiza,2,1,FIFA World Cup qualification
938,1977,Islandia,Irlanda del Norte,1,0,FIFA World Cup qualification
939,1977,Hong Kong,Irán,0,2,FIFA World Cup qualification
940,1977,Túnez,Guinea,3,1,FIFA World Cup qualification
941,1977,Hong Kong,Corea del Sur,0,1,FIFA World Cup qualification
942,1977,Corea del Sur,Irán,0,0,FIFA World Cup qualification
943,1977,Australia,Hong Kong,3,0,FIFA World Cup qualification
944,1977,Nigeria,Costa de Marfil,4,0,FIFA World Cup qualification
945,1977,Perú,Brasil,0,1,FIFA World Cup qualification
946,1977,Brasil,Bolivia,8,0,FIFA World Cup qualification
947,1977,Egipto,Zambia,2,0,FIFA World Cup qualification
948,1977,Perú,Bolivia,5,0,FIFA World Cup qualification
949,1977,Costa de Marfil,Nigeria,2,2,FIFA World Cup qualification
950,1977,Zambia,Egipto,0,0,FIFA World Cup qualification
951,1977,Australia,Irán,0,1,FIFA World Cup qualification
952,1977,Australia,Corea del Sur,2,1,FIFA World Cup qualification
953,1977,Países Bajos,Islandia,4,1,FIFA World Cup qualification
954,1977,Bélgica,Islandia,4,0,FIFA World Cup qualification
955,1977,Noruega,Suecia,2,1,FIFA World Cup qualification
956,1977,Irlanda del Norte,Islandia,2,0,FIFA World Cup qualification
957,1977,Polonia,Dinamarca,4,1,FIFA World Cup qualification
958,1977,Escocia,Checoslovaquia,3,1,FIFA World Cup qualification
959,1977,Austria,Alemania Democrática,1,1,FIFA World Cup qualification
960,1977,Túnez,Nigeria,0,0,FIFA World Cup qualification
961,1977,Hong Kong,Kuwait,1,3,FIFA World Cup qualification
962,1977,Nigeria,Egipto,4,0,FIFA World Cup qualification
963,1977,Dinamarca,Portugal,2,4,FIFA World Cup qualification
964,1977,Corea del Sur,Kuwait,1,0,FIFA World Cup qualification
965,1977,Alemania Democrática,Austria,1,1,FIFA World Cup qualification
966,1977,Irlanda,Bulgaria,0,0,FIFA World Cup qualification
967,1977,Luxemburgo,Inglaterra,0,2,FIFA World Cup qualification
968,1977,Irlanda del Norte,Países Bajos,0,1,FIFA World Cup qualification
969,1977,Gales,Escocia,0,2,FIFA World Cup qualification
970,1977,Italia,Finlandia,6,1,FIFA World Cup qualification
971,1977,Australia,Kuwait,1,2,FIFA World Cup qualification
972,1977,Egipto,Nigeria,3,1,FIFA World Cup qualification
973,1977,Corea del Sur,Australia,0,0,FIFA World Cup qualification
974,1977,Países Bajos,Bélgica,1,0,FIFA World Cup qualification
975,1977,España,Rumania,2,0,FIFA World Cup qualification
976,1977,Irán,Kuwait,1,0,FIFA World Cup qualification
977,1977,Alemania Democrática,Malta,9,0,FIFA World Cup qualification
978,1977,Hungría,Bolivia,6,0,FIFA World Cup qualification
979,1977,Polonia,Portugal,1,1,FIFA World Cup qualification
980,1977,Hong Kong,Australia,2,5,FIFA World Cup qualification
981,1977,Suiza,Noruega,1,0,FIFA World Cup qualification
982,1977,Turquía,Austria,0,1,FIFA World Cup qualification
983,1977,Kuwait,Corea del Sur,2,2,FIFA World Cup qualification
984,1977,Irán,Corea del Sur,2,2,FIFA World Cup qualification
985,1977,Kuwait,Hong Kong,4,0,FIFA World Cup qualification
986,1977,Nigeria,Túnez,0,1,FIFA World Cup qualification
987,1977,Rumania,Yugoslavia,4,6,FIFA World Cup qualification
988,1977,Checoslovaquia,Gales,1,0,FIFA World Cup qualification
989,1977,Inglaterra,Italia,2,0,FIFA World Cup qualification
990,1977,Francia,Bulgaria,3,1,FIFA World Cup qualification
991,1977,Irlanda del Norte,Bélgica,3,0,FIFA World Cup qualification
992,1977,Portugal,Chipre,4,0,FIFA World Cup qualification
993,1977,Turquía,Alemania Democrática,1,2,FIFA World Cup qualification
994,1977,Irán,Hong Kong,3,0,FIFA World Cup qualification
995,1977,Kuwait,Australia,1,0,FIFA World Cup qualification
996,1977,Egipto,Túnez,3,2,FIFA World Cup qualification
997,1977,Irán,Australia,1,0,FIFA World Cup qualification
998,1977,Malta,Turquía,0,3,FIFA World Cup qualification
999,1977,Bolivia,Hungría,2,3,FIFA World Cup qualification
1000,1977,Yugoslavia,España,0,1,FIFA World Cup qualification
1001,1977,Italia,Luxemburgo,3,0,FIFA World Cup qualification
1002,1977,Kuwait,Irán,1,2,FIFA World Cup qualification
1003,1977,Corea del Sur,Hong Kong,5,2,FIFA World Cup qualification
1004,1977,Túnez,Egipto,4,1,FIFA World Cup qualification
1005,1980,Chipre,Irlanda,2,3,FIFA World Cup qualification
1006,1980,Israel,Irlanda del Norte,0,0,FIFA World Cup qualification
1007,1980,Libia,Gambia,2,1,FIFA World Cup qualification
1008,1980,Etiopía,Zambia,0,0,FIFA World Cup qualification
1009,1980,Sierra Leona,Argelia,2,2,FIFA World Cup qualification
1010,1980,Zambia,Etiopía,4,0,FIFA World Cup qualification
1011,1980,Islandia,Gales,0,4,FIFA World Cup qualification
1012,1980,Finlandia,Bulgaria,0,2,FIFA World Cup qualification
1013,1980,Argelia,Sierra Leona,3,1,FIFA World Cup qualification
1014,1980,Suecia,Israel,1,1,FIFA World Cup qualification
1015,1980,Guinea,Lesoto,3,1,FIFA World Cup qualification
1016,1980,Senegal,Marruecos,0,1,FIFA World Cup qualification
1017,1980,Camerún,Malaui,3,0,FIFA World Cup qualification
1018,1980,Túnez,Nigeria,2,0,FIFA World Cup qualification
1019,1980,Kenia,Tanzania,3,1,FIFA World Cup qualification
1020,1980,Gambia,Libia,0,0,FIFA World Cup qualification
1021,1980,Lesoto,Guinea,1,1,FIFA World Cup qualification
1022,1980,Marruecos,Senegal,0,0,FIFA World Cup qualification
1023,1980,Nigeria,Túnez,2,0,FIFA World Cup qualification
1024,1980,República Democrática del Congo,Mozambique,5,2,FIFA World Cup qualification
1025,1980,Níger,Somalia,0,0,FIFA World Cup qualification
1026,1980,Tanzania,Kenia,5,0,FIFA World Cup qualification
1027,1980,Malaui,Camerún,1,1,FIFA World Cup qualification
1028,1980,Mozambique,República Democrática del Congo,1,2,FIFA World Cup qualification
1029,1980,Somalia,Níger,1,1,FIFA World Cup qualification
1030,1980,Albania,Finlandia,2,0,FIFA World Cup qualification
1031,1980,Islandia,Rusia,1,2,FIFA World Cup qualification
1032,1980,Inglaterra,Noruega,4,0,FIFA World Cup qualification
1033,1980,Irlanda,Países Bajos,2,1,FIFA World Cup qualification
1034,1980,Luxemburgo,Yugoslavia,0,5,FIFA World Cup qualification
1035,1980,Suecia,Escocia,0,1,FIFA World Cup qualification
1036,1980,Finlandia,Austria,0,2,FIFA World Cup qualification
1037,1980,Noruega,Rumania,1,1,FIFA World Cup qualification
1038,1980,Turquía,Islandia,1,3,FIFA World Cup qualification
1039,1980,Yugoslavia,Dinamarca,2,1,FIFA World Cup qualification
1040,1980,Chipre,Francia,0,7,FIFA World Cup qualification
1041,1980,Luxemburgo,Italia,0,2,FIFA World Cup qualification
1042,1980,Camerún,Zimbabue,2,0,FIFA World Cup qualification
1043,1980,Dinamarca,Grecia,0,1,FIFA World Cup qualification
1044,1980,Irlanda,Bélgica,1,1,FIFA World Cup qualification
1045,1980,Irlanda del Norte,Suecia,3,0,FIFA World Cup qualification
1046,1980,Rumania,Inglaterra,2,1,FIFA World Cup qualification
1047,1980,Rusia,Islandia,5,0,FIFA World Cup qualification
1048,1980,Escocia,Portugal,0,0,FIFA World Cup qualification
1049,1980,Gales,Turquía,4,0,FIFA World Cup qualification
1050,1980,Bulgaria,Albania,2,1,FIFA World Cup qualification
1051,1980,Francia,Irlanda,2,0,FIFA World Cup qualification
1052,1980,Suiza,Noruega,1,2,FIFA World Cup qualification
1053,1980,Italia,Dinamarca,2,0,FIFA World Cup qualification
1054,1980,Israel,Suecia,0,0,FIFA World Cup qualification
1055,1980,Austria,Albania,5,0,FIFA World Cup qualification
1056,1980,Italia,Yugoslavia,2,0,FIFA World Cup qualification
1057,1980,Madagascar,República Democrática del Congo,1,1,FIFA World Cup qualification
1058,1980,Marruecos,Zambia,2,0,FIFA World Cup qualification
1059,1980,Zimbabue,Camerún,1,0,FIFA World Cup qualification
1060,1980,Bélgica,Países Bajos,1,0,FIFA World Cup qualification
1061,1980,Dinamarca,Luxemburgo,4,0,FIFA World Cup qualification
1062,1980,Inglaterra,Suiza,2,1,FIFA World Cup qualification
1063,1980,Irlanda,Chipre,6,0,FIFA World Cup qualification
1064,1980,Portugal,Irlanda del Norte,1,0,FIFA World Cup qualification
1065,1980,Gales,Checoslovaquia,1,0,FIFA World Cup qualification
1066,1980,Zambia,Marruecos,2,0,FIFA World Cup qualification
1067,1980,Bulgaria,Alemania,1,3,FIFA World Cup qualification
1068,1980,Checoslovaquia,Turquía,2,0,FIFA World Cup qualification
1069,1980,Albania,Austria,0,1,FIFA World Cup qualification
1070,1980,Grecia,Italia,0,2,FIFA World Cup qualification
1071,1980,Nigeria,Tanzania,1,1,FIFA World Cup qualification
1072,1980,Liberia,Guinea,0,0,FIFA World Cup qualification
1073,1980,Malta,Polonia,0,2,FIFA World Cup qualification
1074,1980,Argelia,Sudán,2,0,FIFA World Cup qualification
1075,1980,Níger,Togo,0,1,FIFA World Cup qualification
1076,1980,Portugal,Israel,3,0,FIFA World Cup qualification
1077,1980,Tanzania,Nigeria,0,2,FIFA World Cup qualification
1078,1980,República Democrática del Congo,Madagascar,3,2,FIFA World Cup qualification
1079,1980,Chipre,Bélgica,0,2,FIFA World Cup qualification
1080,1980,Guinea,Liberia,1,0,FIFA World Cup qualification
1081,1980,Hong Kong,China,0,1,FIFA World Cup qualification
1082,1980,Corea del Norte,Macao,3,0,FIFA World Cup qualification
1083,1980,Singapur,Japón,0,1,FIFA World Cup qualification
1084,1980,China,Macao,3,0,FIFA World Cup qualification
1085,1980,Hong Kong,Singapur,1,1,FIFA World Cup qualification
1086,1980,China,Japón,1,0,FIFA World Cup qualification
1087,1980,Singapur,Corea del Norte,0,1,FIFA World Cup qualification
1088,1980,Hong Kong,Corea del Norte,2,2,FIFA World Cup qualification
1089,1980,Japón,Macao,3,0,FIFA World Cup qualification
1090,1980,Sudán,Argelia,1,1,FIFA World Cup qualification
1091,1980,Togo,Níger,1,2,FIFA World Cup qualification
1092,1980,Corea del Norte,Japón,1,0,FIFA World Cup qualification
1093,1980,Hong Kong,China,0,0,FIFA World Cup qualification
1094,1981,Corea del Norte,China,2,4,FIFA World Cup qualification
1095,1981,Grecia,Luxemburgo,2,0,FIFA World Cup qualification
1096,1981,Venezuela,Brasil,0,1,FIFA World Cup qualification
1097,1981,Bolivia,Venezuela,3,0,FIFA World Cup qualification
1098,1981,Bélgica,Chipre,3,2,FIFA World Cup qualification
1099,1981,Bolivia,Brasil,1,2,FIFA World Cup qualification
1100,1981,Países Bajos,Chipre,3,0,FIFA World Cup qualification
1101,1981,Israel,Escocia,0,1,FIFA World Cup qualification
1102,1981,Luxemburgo,Grecia,0,2,FIFA World Cup qualification
1103,1981,Venezuela,Bolivia,1,0,FIFA World Cup qualification
1104,1981,Catar,Irak,0,1,FIFA World Cup qualification
1105,1981,Siria,Baréin,0,1,FIFA World Cup qualification
1106,1981,Arabia Saudita,Irak,1,0,FIFA World Cup qualification
1107,1981,Brasil,Bolivia,3,1,FIFA World Cup qualification
1108,1981,Catar,Baréin,3,0,FIFA World Cup qualification
1109,1981,Arabia Saudita,Siria,2,0,FIFA World Cup qualification
1110,1981,Bélgica,Irlanda,1,0,FIFA World Cup qualification
1111,1981,Irak,Baréin,2,0,FIFA World Cup qualification
1112,1981,Países Bajos,Francia,1,0,FIFA World Cup qualification
1113,1981,Escocia,Irlanda del Norte,1,1,FIFA World Cup qualification
1114,1981,Turquía,Gales,0,1,FIFA World Cup qualification
1115,1981,Catar,Siria,2,1,FIFA World Cup qualification
1116,1981,Arabia Saudita,Baréin,1,0,FIFA World Cup qualification
1117,1981,Brasil,Venezuela,5,0,FIFA World Cup qualification
1118,1981,Irak,Siria,2,1,FIFA World Cup qualification
1119,1981,Arabia Saudita,Catar,1,0,FIFA World Cup qualification
1120,1981,Albania,Alemania,0,2,FIFA World Cup qualification
1121,1981,Malta,Alemania Democrática,1,2,FIFA World Cup qualification
1122,1981,República Democrática del Congo,Camerún,1,0,FIFA World Cup qualification
1123,1981,Guinea,Nigeria,1,1,FIFA World Cup qualification
1124,1981,Turquía,Checoslovaquia,0,3,FIFA World Cup qualification
1125,1981,Nigeria,Guinea,1,0,FIFA World Cup qualification
1126,1981,Corea del Sur,Malasia,2,1,FIFA World Cup qualification
1127,1981,Kuwait,Tailandia,6,0,FIFA World Cup qualification
1128,1981,Corea del Sur,Tailandia,5,1,FIFA World Cup qualification
1129,1981,Kuwait,Malasia,4,0,FIFA World Cup qualification
1130,1981,Nueva Zelanda,Australia,3,3,FIFA World Cup qualification
1131,1981,Camerún,República Democrática del Congo,6,1,FIFA World Cup qualification
1132,1981,Marruecos,Egipto,1,0,FIFA World Cup qualification
1133,1981,Malasia,Tailandia,2,2,FIFA World Cup qualification
1134,1981,Escocia,Israel,3,1,FIFA World Cup qualification
1135,1981,Suiza,Hungría,2,2,FIFA World Cup qualification
1136,1981,Chipre,Países Bajos,0,1,FIFA World Cup qualification
1137,1981,Inglaterra,Rumania,0,0,FIFA World Cup qualification
1138,1981,Francia,Bélgica,3,2,FIFA World Cup qualification
1139,1981,Alemania,Austria,2,0,FIFA World Cup qualification
1140,1981,Kuwait,Corea del Sur,2,0,FIFA World Cup qualification
1141,1981,Irlanda del Norte,Portugal,1,0,FIFA World Cup qualification
1142,1981,Yugoslavia,Grecia,5,1,FIFA World Cup qualification
1143,1981,Argelia,Níger,4,0,FIFA World Cup qualification
1144,1981,Luxemburgo,Dinamarca,1,2,FIFA World Cup qualification
1145,1981,Polonia,Alemania Democrática,1,0,FIFA World Cup qualification
1146,1981,Fiyi,Nueva Zelanda,0,4,FIFA World Cup qualification
1147,1981,Taiwán,Nueva Zelanda,0,0,FIFA World Cup qualification
1148,1981,Egipto,Marruecos,0,0,FIFA World Cup qualification
1149,1981,Indonesia,Nueva Zelanda,0,2,FIFA World Cup qualification
1150,1981,Bulgaria,Finlandia,4,0,FIFA World Cup qualification
1151,1981,Hungría,Rumania,1,0,FIFA World Cup qualification
1152,1981,Australia,Nueva Zelanda,0,2,FIFA World Cup qualification
1153,1981,Ecuador,Paraguay,1,0,FIFA World Cup qualification
1154,1981,Australia,Indonesia,2,0,FIFA World Cup qualification
1155,1981,Noruega,Hungría,1,2,FIFA World Cup qualification
1156,1981,Nueva Zelanda,Indonesia,5,0,FIFA World Cup qualification
1157,1981,Ecuador,Chile,0,0,FIFA World Cup qualification
1158,1981,Finlandia,Alemania,0,4,FIFA World Cup qualification
1159,1981,Checoslovaquia,Islandia,6,1,FIFA World Cup qualification
1160,1981,Austria,Bulgaria,2,0,FIFA World Cup qualification
1161,1981,Nueva Zelanda,Taiwán,2,0,FIFA World Cup qualification
1162,1981,Suiza,Inglaterra,2,1,FIFA World Cup qualification
1163,1981,Gales,Rusia,0,0,FIFA World Cup qualification
1164,1981,Fiyi,Indonesia,0,0,FIFA World Cup qualification
1165,1981,Níger,Argelia,1,0,FIFA World Cup qualification
1166,1981,Paraguay,Ecuador,3,1,FIFA World Cup qualification
1167,1981,Dinamarca,Italia,3,1,FIFA World Cup qualification
1168,1981,Rumania,Noruega,1,0,FIFA World Cup qualification
1169,1981,Suecia,Irlanda del Norte,1,0,FIFA World Cup qualification
1170,1981,Fiyi,Taiwán,2,1,FIFA World Cup qualification
1171,1981,Hungría,Inglaterra,1,3,FIFA World Cup qualification
1172,1981,Paraguay,Chile,0,1,FIFA World Cup qualification
1173,1981,Australia,Taiwán,3,2,FIFA World Cup qualification
1174,1981,Chile,Ecuador,2,0,FIFA World Cup qualification
1175,1981,Indonesia,Taiwán,1,0,FIFA World Cup qualification
1176,1981,Austria,Finlandia,5,1,FIFA World Cup qualification
1177,1981,Noruega,Suiza,1,1,FIFA World Cup qualification
1178,1981,Chile,Paraguay,3,0,FIFA World Cup qualification
1179,1981,Suecia,Portugal,3,0,FIFA World Cup qualification
1180,1981,Taiwán,Indonesia,2,0,FIFA World Cup qualification
1181,1981,Colombia,Perú,1,1,FIFA World Cup qualification
1182,1981,Fiyi,Australia,1,4,FIFA World Cup qualification
1183,1981,Uruguay,Colombia,3,2,FIFA World Cup qualification
1184,1981,Indonesia,Fiyi,3,3,FIFA World Cup qualification
1185,1981,Australia,Fiyi,10,0,FIFA World Cup qualification
1186,1981,Nueva Zelanda,Fiyi,13,0,FIFA World Cup qualification
1187,1981,Perú,Colombia,2,0,FIFA World Cup qualification
1188,1981,Uruguay,Perú,1,2,FIFA World Cup qualification
1189,1981,Indonesia,Australia,1,0,FIFA World Cup qualification
1190,1981,Finlandia,Albania,2,1,FIFA World Cup qualification
1191,1981,Perú,Uruguay,0,0,FIFA World Cup qualification
1192,1981,Bélgica,Francia,2,0,FIFA World Cup qualification
1193,1981,Checoslovaquia,Gales,2,0,FIFA World Cup qualification
1194,1981,Dinamarca,Yugoslavia,1,2,FIFA World Cup qualification
1195,1981,Islandia,Turquía,2,0,FIFA World Cup qualification
1196,1981,Países Bajos,Irlanda,2,2,FIFA World Cup qualification
1197,1981,Noruega,Inglaterra,2,1,FIFA World Cup qualification
1198,1981,Escocia,Suecia,2,0,FIFA World Cup qualification
1199,1981,Colombia,Uruguay,1,1,FIFA World Cup qualification
1200,1981,Alemania,Finlandia,7,1,FIFA World Cup qualification
1201,1981,Islandia,Checoslovaquia,1,1,FIFA World Cup qualification
1202,1981,Rumania,Hungría,0,0,FIFA World Cup qualification
1203,1981,Rusia,Turquía,4,0,FIFA World Cup qualification
1204,1981,China,Nueva Zelanda,0,0,FIFA World Cup qualification
1205,1981,Nueva Zelanda,China,1,0,FIFA World Cup qualification
1206,1981,Turquía,Rusia,0,3,FIFA World Cup qualification
1207,1981,Alemania Democrática,Polonia,2,3,FIFA World Cup qualification
1208,1981,Nueva Zelanda,Kuwait,1,2,FIFA World Cup qualification
1209,1981,Nigeria,Argelia,0,2,FIFA World Cup qualification
1210,1981,Rumania,Suiza,1,2,FIFA World Cup qualification
1211,1981,Albania,Bulgaria,0,2,FIFA World Cup qualification
1212,1981,Austria,Alemania,1,3,FIFA World Cup qualification
1213,1981,Grecia,Dinamarca,2,3,FIFA World Cup qualification
1214,1981,Hungría,Suiza,3,0,FIFA World Cup qualification
1215,1981,Irlanda,Francia,3,2,FIFA World Cup qualification
1216,1981,Países Bajos,Bélgica,3,0,FIFA World Cup qualification
1217,1981,Irlanda del Norte,Escocia,0,0,FIFA World Cup qualification
1218,1981,Portugal,Suecia,1,2,FIFA World Cup qualification
1219,1981,Gales,Islandia,2,2,FIFA World Cup qualification
1220,1981,Yugoslavia,Italia,1,1,FIFA World Cup qualification
1221,1981,China,Kuwait,3,0,FIFA World Cup qualification
1222,1981,Israel,Portugal,4,1,FIFA World Cup qualification
1223,1981,Rusia,Checoslovaquia,2,0,FIFA World Cup qualification
1224,1981,Argelia,Nigeria,2,1,FIFA World Cup qualification
1225,1981,Hungría,Noruega,4,1,FIFA World Cup qualification
1226,1981,Arabia Saudita,Kuwait,0,1,FIFA World Cup qualification
1227,1981,Bulgaria,Austria,0,0,FIFA World Cup qualification
1228,1981,Alemania Democrática,Malta,5,1,FIFA World Cup qualification
1229,1981,Suiza,Rumania,0,0,FIFA World Cup qualification
1230,1981,Arabia Saudita,China,2,4,FIFA World Cup qualification
1231,1981,Italia,Grecia,1,1,FIFA World Cup qualification
1232,1981,Marruecos,Camerún,0,2,FIFA World Cup qualification
1233,1981,Polonia,Malta,6,0,FIFA World Cup qualification
1234,1981,Inglaterra,Hungría,1,0,FIFA World Cup qualification
1235,1981,Francia,Países Bajos,2,0,FIFA World Cup qualification
1236,1981,Alemania,Albania,8,0,FIFA World Cup qualification
1237,1981,Irlanda del Norte,Israel,1,0,FIFA World Cup qualification
1238,1981,Portugal,Escocia,2,1,FIFA World Cup qualification
1239,1981,Rusia,Gales,3,0,FIFA World Cup qualification
1240,1981,China,Arabia Saudita,2,0,FIFA World Cup qualification
1241,1981,Yugoslavia,Luxemburgo,5,0,FIFA World Cup qualification
1242,1981,Alemania,Bulgaria,4,0,FIFA World Cup qualification
1243,1981,Nueva Zelanda,Arabia Saudita,2,2,FIFA World Cup qualification
1244,1981,Camerún,Marruecos,2,1,FIFA World Cup qualification
1245,1981,Checoslovaquia,Rusia,1,1,FIFA World Cup qualification
1246,1981,Grecia,Yugoslavia,1,2,FIFA World Cup qualification
1247,1981,Kuwait,China,1,0,FIFA World Cup qualification
1248,1981,Francia,Chipre,4,0,FIFA World Cup qualification
1249,1981,Italia,Luxemburgo,1,0,FIFA World Cup qualification
1250,1981,Kuwait,Arabia Saudita,2,0,FIFA World Cup qualification
1251,1981,Kuwait,Nueva Zelanda,2,2,FIFA World Cup qualification
1252,1981,Arabia Saudita,Nueva Zelanda,0,5,FIFA World Cup qualification
1253,1982,China,Nueva Zelanda,1,2,FIFA World Cup qualification
1254,1984,Chipre,Austria,1,2,FIFA World Cup qualification
1255,1984,Suecia,Malta,4,0,FIFA World Cup qualification
1256,1984,Finlandia,Irlanda del Norte,1,0,FIFA World Cup qualification
1257,1984,Sierra Leona,Marruecos,0,1,FIFA World Cup qualification
1258,1984,Angola,Senegal,1,0,FIFA World Cup qualification
1259,1984,Mauricio,Malaui,0,1,FIFA World Cup qualification
1260,1984,Marruecos,Sierra Leona,4,0,FIFA World Cup qualification
1261,1984,Senegal,Angola,1,0,FIFA World Cup qualification
1262,1984,Malaui,Mauricio,4,0,FIFA World Cup qualification
1263,1984,Zambia,Uganda,3,0,FIFA World Cup qualification
1264,1984,Uganda,Zambia,1,0,FIFA World Cup qualification
1265,1984,Egipto,Zimbabue,1,0,FIFA World Cup qualification
1266,1984,Islandia,Gales,1,0,FIFA World Cup qualification
1267,1984,Irlanda,Rusia,1,0,FIFA World Cup qualification
1268,1984,Irlanda del Norte,Rumania,3,2,FIFA World Cup qualification
1269,1984,Noruega,Suiza,0,1,FIFA World Cup qualification
1270,1984,Suecia,Portugal,0,1,FIFA World Cup qualification
1271,1984,Dinamarca,Noruega,1,0,FIFA World Cup qualification
1272,1984,Hungría,Austria,3,1,FIFA World Cup qualification
1273,1984,Yugoslavia,Bulgaria,0,0,FIFA World Cup qualification
1274,1984,Zimbabue,Egipto,1,1,FIFA World Cup qualification
1275,1984,Noruega,Rusia,1,1,FIFA World Cup qualification
1276,1984,Kenia,Etiopía,2,1,FIFA World Cup qualification
1277,1984,Luxemburgo,Francia,0,4,FIFA World Cup qualification
1278,1984,Tanzania,Sudán,1,1,FIFA World Cup qualification
1279,1984,Portugal,Checoslovaquia,2,1,FIFA World Cup qualification
1280,1984,Bélgica,Albania,3,1,FIFA World Cup qualification
1281,1984,Inglaterra,Finlandia,5,0,FIFA World Cup qualification
1282,1984,Alemania,Suecia,2,0,FIFA World Cup qualification
1283,1984,Países Bajos,Hungría,1,2,FIFA World Cup qualification
1284,1984,Noruega,Irlanda,1,0,FIFA World Cup qualification
1285,1984,Polonia,Grecia,3,1,FIFA World Cup qualification
1286,1984,Escocia,Islandia,3,0,FIFA World Cup qualification
1287,1984,España,Gales,3,0,FIFA World Cup qualification
1288,1984,Suiza,Dinamarca,1,0,FIFA World Cup qualification
1289,1984,Alemania Democrática,Yugoslavia,2,3,FIFA World Cup qualification
1290,1984,Nigeria,Liberia,3,0,FIFA World Cup qualification
1291,1984,Costa de Marfil,Gambia,4,0,FIFA World Cup qualification
1292,1984,Sudán,Tanzania,0,0,FIFA World Cup qualification
1293,1984,Benín,Túnez,0,2,FIFA World Cup qualification
1294,1984,Etiopía,Kenia,3,3,FIFA World Cup qualification
1295,1984,Checoslovaquia,Malta,4,0,FIFA World Cup qualification
1296,1984,Polonia,Albania,2,2,FIFA World Cup qualification
1297,1984,Turquía,Finlandia,1,2,FIFA World Cup qualification
1298,1984,Gambia,Costa de Marfil,3,2,FIFA World Cup qualification
1299,1984,Liberia,Nigeria,0,1,FIFA World Cup qualification
1300,1984,Túnez,Benín,4,0,FIFA World Cup qualification
1301,1984,Austria,Países Bajos,1,0,FIFA World Cup qualification
1302,1984,Dinamarca,Irlanda,3,0,FIFA World Cup qualification
1303,1984,Irlanda del Norte,Finlandia,2,1,FIFA World Cup qualification
1304,1984,Portugal,Suecia,1,3,FIFA World Cup qualification
1305,1984,Escocia,España,3,1,FIFA World Cup qualification
1306,1984,Turquía,Inglaterra,0,8,FIFA World Cup qualification
1307,1984,Gales,Islandia,2,1,FIFA World Cup qualification
1308,1984,Chipre,Hungría,1,2,FIFA World Cup qualification
1309,1984,Luxemburgo,Alemania Democrática,0,5,FIFA World Cup qualification
1310,1984,Francia,Bulgaria,1,0,FIFA World Cup qualification
1311,1984,Bulgaria,Luxemburgo,4,0,FIFA World Cup qualification
1312,1984,Francia,Alemania Democrática,2,0,FIFA World Cup qualification
1313,1984,Malta,Alemania,2,3,FIFA World Cup qualification
1314,1984,Grecia,Bélgica,0,0,FIFA World Cup qualification
1315,1984,Albania,Bélgica,2,0,FIFA World Cup qualification
1316,1984,Chipre,Países Bajos,0,1,FIFA World Cup qualification
1317,1985,Singapur,Corea del Norte,1,1,FIFA World Cup qualification
1318,1985,Guinea,Túnez,1,0,FIFA World Cup qualification
1319,1985,Malta,Portugal,1,3,FIFA World Cup qualification
1320,1985,Hong Kong,China,0,0,FIFA World Cup qualification
1321,1985,Macao,Brunéi,2,0,FIFA World Cup qualification
1322,1985,Macao,China,0,4,FIFA World Cup qualification
1323,1985,Sudán,Libia,0,0,FIFA World Cup qualification
1324,1985,Hong Kong,Brunéi,8,0,FIFA World Cup qualification
1325,1985,Singapur,Japón,1,3,FIFA World Cup qualification
1326,1985,Portugal,Alemania,1,2,FIFA World Cup qualification
1327,1985,Túnez,Guinea,2,0,FIFA World Cup qualification
1328,1985,China,Brunéi,8,0,FIFA World Cup qualification
1329,1985,Grecia,Albania,2,0,FIFA World Cup qualification
1330,1985,Países Bajos,Chipre,7,1,FIFA World Cup qualification
1331,1985,Irlanda del Norte,Inglaterra,0,1,FIFA World Cup qualification
1332,1985,España,Escocia,1,0,FIFA World Cup qualification
1333,1985,Brunéi,China,0,4,FIFA World Cup qualification
1334,1985,Nepal,Corea del Sur,0,2,FIFA World Cup qualification
1335,1985,Ecuador,Chile,1,1,FIFA World Cup qualification
1336,1985,Libia,Sudán,4,0,FIFA World Cup qualification
1337,1985,Malasia,Corea del Sur,1,0,FIFA World Cup qualification
1338,1985,Uruguay,Ecuador,2,1,FIFA World Cup qualification
1339,1985,Indonesia,Tailandia,1,0,FIFA World Cup qualification
1340,1985,Jordania,Catar,1,0,FIFA World Cup qualification
1341,1985,Nepal,Malasia,0,0,FIFA World Cup qualification
1342,1985,Chile,Ecuador,6,2,FIFA World Cup qualification
1343,1985,Indonesia,Bangladesh,2,0,FIFA World Cup qualification
1344,1985,Indonesia,India,2,1,FIFA World Cup qualification
1345,1985,Japón,Corea del Norte,1,0,FIFA World Cup qualification
1346,1985,Siria,Kuwait,1,0,FIFA World Cup qualification
1347,1985,Tailandia,Bangladesh,3,0,FIFA World Cup qualification
1348,1985,Chile,Uruguay,2,0,FIFA World Cup qualification
1349,1985,Tailandia,India,0,0,FIFA World Cup qualification
1350,1985,Bélgica,Grecia,2,0,FIFA World Cup qualification
1351,1985,Alemania,Malta,6,0,FIFA World Cup qualification
1352,1985,Escocia,Gales,0,1,FIFA World Cup qualification
1353,1985,Yugoslavia,Luxemburgo,1,0,FIFA World Cup qualification
1354,1985,Jordania,Irak,2,3,FIFA World Cup qualification
1355,1985,Tailandia,Indonesia,0,1,FIFA World Cup qualification
1356,1985,Yemen,Siria,0,1,FIFA World Cup qualification
1357,1985,República Popular Democrática de Yemen,Baréin,1,4,FIFA World Cup qualification
1358,1985,Bangladesh,India,1,2,FIFA World Cup qualification
1359,1985,Angola,Argelia,0,0,FIFA World Cup qualification
1360,1985,Ecuador,Uruguay,0,2,FIFA World Cup qualification
1361,1985,Malasia,Nepal,5,0,FIFA World Cup qualification
1362,1985,Bangladesh,Indonesia,2,1,FIFA World Cup qualification
1363,1985,Hungría,Chipre,2,0,FIFA World Cup qualification
1364,1985,Rumania,Turquía,3,0,FIFA World Cup qualification
1365,1985,Yugoslavia,Francia,0,0,FIFA World Cup qualification
1366,1985,Bangladesh,Tailandia,1,0,FIFA World Cup qualification
1367,1985,Egipto,Madagascar,1,0,FIFA World Cup qualification
1368,1985,Kuwait,Yemen,5,0,FIFA World Cup qualification
1369,1985,Catar,Irak,3,0,FIFA World Cup qualification
1370,1985,Brunéi,Hong Kong,1,5,FIFA World Cup qualification
1371,1985,Bulgaria,Alemania Democrática,1,0,FIFA World Cup qualification
1372,1985,India,Indonesia,1,1,FIFA World Cup qualification
1373,1985,Kenia,Nigeria,0,3,FIFA World Cup qualification
1374,1985,Corea del Sur,Nepal,4,0,FIFA World Cup qualification
1375,1985,Costa de Marfil,Ghana,0,0,FIFA World Cup qualification
1376,1985,Marruecos,Malaui,2,0,FIFA World Cup qualification
1377,1985,Uruguay,Chile,2,1,FIFA World Cup qualification
1378,1985,Zambia,Camerún,4,1,FIFA World Cup qualification
1379,1985,India,Tailandia,1,1,FIFA World Cup qualification
1380,1985,Baréin,República Popular Democrática de Yemen,3,3,FIFA World Cup qualification
1381,1985,India,Bangladesh,2,1,FIFA World Cup qualification
1382,1985,Kuwait,Siria,0,0,FIFA World Cup qualification
1383,1985,Catar,Jordania,2,0,FIFA World Cup qualification
1384,1985,Arabia Saudita,Emiratos Árabes Unidos,0,0,FIFA World Cup qualification
1385,1985,Brunéi,Macao,1,2,FIFA World Cup qualification
1386,1985,Austria,Hungría,0,3,FIFA World Cup qualification
1387,1985,Suiza,Rusia,2,2,FIFA World Cup qualification
1388,1985,Argelia,Angola,3,2,FIFA World Cup qualification
1389,1985,Irak,Jordania,2,0,FIFA World Cup qualification
1390,1985,Siria,Yemen,3,0,FIFA World Cup qualification
1391,1985,Emiratos Árabes Unidos,Arabia Saudita,1,0,FIFA World Cup qualification
1392,1985,Nigeria,Kenia,3,1,FIFA World Cup qualification
1393,1985,Camerún,Zambia,1,1,FIFA World Cup qualification
1394,1985,Ghana,Costa de Marfil,2,0,FIFA World Cup qualification
1395,1985,Madagascar,Egipto,1,0,FIFA World Cup qualification
1396,1985,Malaui,Marruecos,0,0,FIFA World Cup qualification
1397,1985,Malta,Checoslovaquia,0,0,FIFA World Cup qualification
1398,1985,Yemen,Kuwait,1,3,FIFA World Cup qualification
1399,1985,Macao,Hong Kong,0,2,FIFA World Cup qualification
1400,1985,Checoslovaquia,Alemania,1,5,FIFA World Cup qualification
1401,1985,Corea del Norte,Japón,0,0,FIFA World Cup qualification
1402,1985,Gales,España,3,0,FIFA World Cup qualification
1403,1985,Bélgica,Polonia,2,0,FIFA World Cup qualification
1404,1985,Irlanda,Noruega,0,0,FIFA World Cup qualification
1405,1985,Luxemburgo,Yugoslavia,0,1,FIFA World Cup qualification
1406,1985,Países Bajos,Austria,1,1,FIFA World Cup qualification
1407,1985,Irlanda del Norte,Turquía,2,0,FIFA World Cup qualification
1408,1985,Rumania,Inglaterra,0,0,FIFA World Cup qualification
1409,1985,Bulgaria,Francia,2,0,FIFA World Cup qualification
1410,1985,Rusia,Suiza,4,0,FIFA World Cup qualification
1411,1985,Hong Kong,Macao,2,0,FIFA World Cup qualification
1412,1985,Irak,Catar,2,1,FIFA World Cup qualification
1413,1985,Austria,Chipre,4,0,FIFA World Cup qualification
1414,1985,China,Macao,6,0,FIFA World Cup qualification
1415,1985,Hungría,Países Bajos,0,1,FIFA World Cup qualification
1416,1985,Alemania Democrática,Luxemburgo,3,1,FIFA World Cup qualification
1417,1985,Japón,Singapur,5,0,FIFA World Cup qualification
1418,1985,China,Hong Kong,1,2,FIFA World Cup qualification
1419,1985,Grecia,Polonia,1,4,FIFA World Cup qualification
1420,1985,Corea del Sur,Malasia,2,0,FIFA World Cup qualification
1421,1985,Finlandia,Inglaterra,1,1,FIFA World Cup qualification
1422,1985,Corea del Norte,Singapur,2,0,FIFA World Cup qualification
1423,1985,Bolivia,Paraguay,1,1,FIFA World Cup qualification
1424,1985,Colombia,Perú,1,0,FIFA World Cup qualification
1425,1985,Venezuela,Argentina,2,3,FIFA World Cup qualification
1426,1985,Islandia,Escocia,0,1,FIFA World Cup qualification
1427,1985,Albania,Polonia,0,1,FIFA World Cup qualification
1428,1985,Bulgaria,Yugoslavia,2,1,FIFA World Cup qualification
1429,1985,Bolivia,Brasil,0,2,FIFA World Cup qualification
1430,1985,Colombia,Argentina,1,3,FIFA World Cup qualification
1431,1985,Irlanda,Suiza,3,0,FIFA World Cup qualification
1432,1985,Venezuela,Perú,0,1,FIFA World Cup qualification
1433,1985,Dinamarca,Rusia,4,2,FIFA World Cup qualification
1434,1985,Suecia,Checoslovaquia,2,0,FIFA World Cup qualification
1435,1985,Finlandia,Rumania,1,1,FIFA World Cup qualification
1436,1985,Argentina,Venezuela,3,0,FIFA World Cup qualification
1437,1985,Paraguay,Bolivia,3,0,FIFA World Cup qualification
1438,1985,Perú,Colombia,0,0,FIFA World Cup qualification
1439,1985,Islandia,España,1,2,FIFA World Cup qualification
1440,1985,Argentina,Colombia,1,0,FIFA World Cup qualification
1441,1985,Paraguay,Brasil,0,2,FIFA World Cup qualification
1442,1985,Perú,Venezuela,4,1,FIFA World Cup qualification
1443,1985,Brasil,Paraguay,1,1,FIFA World Cup qualification
1444,1985,Perú,Argentina,1,0,FIFA World Cup qualification
1445,1985,Venezuela,Colombia,2,2,FIFA World Cup qualification
1446,1985,Argentina,Perú,2,2,FIFA World Cup qualification
1447,1985,Brasil,Bolivia,1,1,FIFA World Cup qualification
1448,1985,Colombia,Venezuela,2,0,FIFA World Cup qualification
1449,1985,Nigeria,Túnez,1,0,FIFA World Cup qualification
1450,1985,Egipto,Marruecos,0,0,FIFA World Cup qualification
1451,1985,Argelia,Zambia,2,0,FIFA World Cup qualification
1452,1985,Ghana,Libia,0,0,FIFA World Cup qualification
1453,1985,Túnez,Nigeria,2,0,FIFA World Cup qualification
1454,1985,Corea del Sur,Indonesia,2,0,FIFA World Cup qualification
1455,1985,Libia,Ghana,2,0,FIFA World Cup qualification
1456,1985,Marruecos,Egipto,2,0,FIFA World Cup qualification
1457,1985,Zambia,Argelia,0,1,FIFA World Cup qualification
1458,1985,Indonesia,Corea del Sur,1,4,FIFA World Cup qualification
1459,1985,Japón,Hong Kong,3,0,FIFA World Cup qualification
1460,1985,Rumania,Finlandia,2,0,FIFA World Cup qualification
1461,1985,Israel,Taiwán,6,0,FIFA World Cup qualification
1462,1985,Baréin,Siria,1,1,FIFA World Cup qualification
1463,1985,Israel,Taiwán,5,0,FIFA World Cup qualification
1464,1985,Gales,Escocia,1,1,FIFA World Cup qualification
1465,1985,Inglaterra,Rumania,1,1,FIFA World Cup qualification
1466,1985,Alemania Democrática,Francia,2,0,FIFA World Cup qualification
1467,1985,Polonia,Bélgica,0,0,FIFA World Cup qualification
1468,1985,Suiza,Irlanda,0,0,FIFA World Cup qualification
1469,1985,Turquía,Irlanda del Norte,0,0,FIFA World Cup qualification
1470,1985,Siria,Baréin,1,0,FIFA World Cup qualification
1471,1985,Emiratos Árabes Unidos,Irak,2,3,FIFA World Cup qualification
1472,1985,Nueva Zelanda,Australia,0,0,FIFA World Cup qualification
1473,1985,Hong Kong,Japón,1,2,FIFA World Cup qualification
1474,1985,Checoslovaquia,Portugal,1,0,FIFA World Cup qualification
1475,1985,Finlandia,Turquía,1,0,FIFA World Cup qualification
1476,1985,Luxemburgo,Bulgaria,1,3,FIFA World Cup qualification
1477,1985,Rusia,Dinamarca,1,0,FIFA World Cup qualification
1478,1985,España,Islandia,2,1,FIFA World Cup qualification
1479,1985,Suecia,Alemania,2,2,FIFA World Cup qualification
1480,1985,Irak,Emiratos Árabes Unidos,1,2,FIFA World Cup qualification
1481,1985,Yugoslavia,Alemania Democrática,1,2,FIFA World Cup qualification
1482,1985,Nueva Zelanda,Taiwán,5,1,FIFA World Cup qualification
1483,1985,Marruecos,Libia,3,0,FIFA World Cup qualification
1484,1985,Túnez,Argelia,1,4,FIFA World Cup qualification
1485,1985,Israel,Australia,1,2,FIFA World Cup qualification
1486,1985,Dinamarca,Suiza,0,0,FIFA World Cup qualification
1487,1985,Nueva Zelanda,Taiwán,5,0,FIFA World Cup qualification
1488,1985,Portugal,Malta,3,2,FIFA World Cup qualification
1489,1985,Bélgica,Países Bajos,1,0,FIFA World Cup qualification
1490,1985,Checoslovaquia,Suecia,2,1,FIFA World Cup qualification
1491,1985,Inglaterra,Turquía,5,0,FIFA World Cup qualification
1492,1985,Alemania,Portugal,0,1,FIFA World Cup qualification
1493,1985,Noruega,Dinamarca,1,5,FIFA World Cup qualification
1494,1985,Rumania,Irlanda del Norte,0,1,FIFA World Cup qualification
1495,1985,Rusia,Irlanda,2,0,FIFA World Cup qualification
1496,1985,Argelia,Túnez,3,0,FIFA World Cup qualification
1497,1985,Libia,Marruecos,1,0,FIFA World Cup qualification
1498,1985,Australia,Israel,1,1,FIFA World Cup qualification
1499,1985,Australia,Taiwán,7,0,FIFA World Cup qualification
1500,1985,Japón,Corea del Sur,1,2,FIFA World Cup qualification
1501,1985,Nueva Zelanda,Israel,3,1,FIFA World Cup qualification
1502,1985,Australia,Taiwán,8,0,FIFA World Cup qualification
1503,1985,Chile,Perú,4,2,FIFA World Cup qualification
1504,1985,Paraguay,Colombia,3,0,FIFA World Cup qualification
1505,1985,Albania,Grecia,1,1,FIFA World Cup qualification
1506,1985,Francia,Luxemburgo,6,0,FIFA World Cup qualification
1507,1985,Rusia,Noruega,1,0,FIFA World Cup qualification
1508,1985,Australia,Nueva Zelanda,2,0,FIFA World Cup qualification
1509,1985,Colombia,Paraguay,2,1,FIFA World Cup qualification
1510,1985,Corea del Sur,Japón,1,0,FIFA World Cup qualification
1511,1985,Perú,Chile,0,1,FIFA World Cup qualification
1512,1985,Francia,Yugoslavia,2,0,FIFA World Cup qualification
1513,1985,Israel,Nueva Zelanda,3,0,FIFA World Cup qualification
1514,1985,Paraguay,Chile,3,0,FIFA World Cup qualification
1515,1985,Inglaterra,Irlanda del Norte,0,0,FIFA World Cup qualification
1516,1985,Irlanda,Dinamarca,1,4,FIFA World Cup qualification
1517,1985,Suiza,Noruega,1,1,FIFA World Cup qualification
1518,1985,Turquía,Rumania,1,3,FIFA World Cup qualification
1519,1985,Siria,Irak,0,0,FIFA World Cup qualification
1520,1985,Alemania Democrática,Bulgaria,2,1,FIFA World Cup qualification
1521,1985,Chile,Paraguay,2,2,FIFA World Cup qualification
1522,1985,Alemania,Checoslovaquia,2,2,FIFA World Cup qualification
1523,1985,Malta,Suecia,1,2,FIFA World Cup qualification
1524,1985,Países Bajos,Bélgica,2,1,FIFA World Cup qualification
1525,1985,Escocia,Australia,2,0,FIFA World Cup qualification
1526,1985,Irak,Siria,3,1,FIFA World Cup qualification
1527,1985,Australia,Escocia,0,0,FIFA World Cup qualification
1528,1988,Irlanda del Norte,Malta,3,0,FIFA World Cup qualification
1529,1988,Libia,Burkina Faso,3,0,FIFA World Cup qualification
1530,1988,Burkina Faso,Libia,2,0,FIFA World Cup qualification
1531,1988,Uganda,Malaui,1,0,FIFA World Cup qualification
1532,1988,Malaui,Uganda,3,1,FIFA World Cup qualification
1533,1988,Túnez,Guinea,5,0,FIFA World Cup qualification
1534,1988,Angola,Sudán,0,0,FIFA World Cup qualification
1535,1988,Ghana,Liberia,0,0,FIFA World Cup qualification
1536,1988,Guinea,Túnez,3,0,FIFA World Cup qualification
1537,1988,Liberia,Ghana,2,0,FIFA World Cup qualification
1538,1988,Finlandia,Alemania,0,4,FIFA World Cup qualification
1539,1988,Islandia,Rusia,1,1,FIFA World Cup qualification
1540,1988,Países Bajos,Gales,1,0,FIFA World Cup qualification
1541,1988,Irlanda del Norte,Irlanda,0,0,FIFA World Cup qualification
1542,1988,Noruega,Escocia,1,2,FIFA World Cup qualification
1543,1988,Luxemburgo,Suiza,1,4,FIFA World Cup qualification
1544,1988,Francia,Noruega,1,0,FIFA World Cup qualification
1545,1988,Turquía,Islandia,1,1,FIFA World Cup qualification
1546,1988,Luxemburgo,Checoslovaquia,0,2,FIFA World Cup qualification
1547,1988,Bélgica,Suiza,1,0,FIFA World Cup qualification
1548,1988,Bulgaria,Rumania,1,3,FIFA World Cup qualification
1549,1988,Inglaterra,Suecia,0,0,FIFA World Cup qualification
1550,1988,Alemania Democrática,Islandia,2,0,FIFA World Cup qualification
1551,1988,Alemania,Países Bajos,0,0,FIFA World Cup qualification
1552,1988,Grecia,Dinamarca,1,1,FIFA World Cup qualification
1553,1988,Hungría,Irlanda del Norte,1,0,FIFA World Cup qualification
1554,1988,Polonia,Albania,1,0,FIFA World Cup qualification
1555,1988,Rusia,Austria,2,0,FIFA World Cup qualification
1556,1988,Escocia,Yugoslavia,1,1,FIFA World Cup qualification
1557,1988,Gales,Finlandia,2,2,FIFA World Cup qualification
1558,1988,Chipre,Francia,1,1,FIFA World Cup qualification
1559,1988,Austria,Turquía,3,2,FIFA World Cup qualification
1560,1988,Chipre,Noruega,0,3,FIFA World Cup qualification
1561,1988,Dinamarca,Bulgaria,1,1,FIFA World Cup qualification
1562,1988,Rumania,Grecia,3,0,FIFA World Cup qualification
1563,1988,Albania,Suecia,1,2,FIFA World Cup qualification
1564,1988,Sudán,Angola,1,2,FIFA World Cup qualification
1565,1988,Checoslovaquia,Bélgica,0,0,FIFA World Cup qualification
1566,1988,Portugal,Luxemburgo,1,0,FIFA World Cup qualification
1567,1988,España,Irlanda,2,0,FIFA World Cup qualification
1568,1988,Yugoslavia,Francia,3,2,FIFA World Cup qualification
1569,1988,Fiyi,Australia,1,0,FIFA World Cup qualification
1570,1988,Turquía,Alemania Democrática,3,1,FIFA World Cup qualification
1571,1988,Australia,Fiyi,5,1,FIFA World Cup qualification
1572,1988,Malta,Hungría,2,2,FIFA World Cup qualification
1573,1988,Yugoslavia,Chipre,4,0,FIFA World Cup qualification
1574,1988,Nueva Zelanda,Taiwán,4,0,FIFA World Cup qualification
1575,1988,Nueva Zelanda,Taiwán,4,1,FIFA World Cup qualification
1576,1988,España,Irlanda del Norte,4,0,FIFA World Cup qualification
1577,1989,Argelia,Zimbabue,3,0,FIFA World Cup qualification
1578,1989,Egipto,Liberia,2,0,FIFA World Cup qualification
1579,1989,Omán,Irak,1,1,FIFA World Cup qualification
1580,1989,Pakistán,Kuwait,0,1,FIFA World Cup qualification
1581,1989,Catar,Jordania,1,0,FIFA World Cup qualification
1582,1989,Kenia,Malaui,1,1,FIFA World Cup qualification
1583,1989,Nigeria,Gabón,1,0,FIFA World Cup qualification
1584,1989,Camerún,Angola,1,1,FIFA World Cup qualification
1585,1989,República Democrática del Congo,Túnez,3,1,FIFA World Cup qualification
1586,1989,Costa de Marfil,Libia,1,0,FIFA World Cup qualification
1587,1989,Marruecos,Zambia,1,0,FIFA World Cup qualification
1588,1989,Jordania,Irak,0,1,FIFA World Cup qualification
1589,1989,Kuwait,Emiratos Árabes Unidos,3,2,FIFA World Cup qualification
1590,1989,Omán,Catar,0,0,FIFA World Cup qualification
1591,1989,Jordania,Omán,2,0,FIFA World Cup qualification
1592,1989,Catar,Irak,1,0,FIFA World Cup qualification
1593,1989,Emiratos Árabes Unidos,Pakistán,5,0,FIFA World Cup qualification
1594,1989,Malaui,Egipto,1,1,FIFA World Cup qualification
1595,1989,Angola,Nigeria,2,2,FIFA World Cup qualification
1596,1989,Gabón,Camerún,1,3,FIFA World Cup qualification
1597,1989,Liberia,Kenia,0,0,FIFA World Cup qualification
1598,1989,Malta,España,0,2,FIFA World Cup qualification
1599,1989,Túnez,Marruecos,2,1,FIFA World Cup qualification
1600,1989,Zambia,República Democrática del Congo,4,2,FIFA World Cup qualification
1601,1989,Zimbabue,Costa de Marfil,0,0,FIFA World Cup qualification
1602,1989,Irak,Omán,3,1,FIFA World Cup qualification
1603,1989,Jordania,Catar,1,1,FIFA World Cup qualification
1604,1989,Kuwait,Pakistán,2,0,FIFA World Cup qualification
1605,1989,Irak,Jordania,4,0,FIFA World Cup qualification
1606,1989,Catar,Omán,3,0,FIFA World Cup qualification
1607,1989,Emiratos Árabes Unidos,Kuwait,1,0,FIFA World Cup qualification
1608,1989,Chipre,Escocia,2,3,FIFA World Cup qualification
1609,1989,Irlanda del Norte,España,0,2,FIFA World Cup qualification
1610,1989,Irak,Catar,2,2,FIFA World Cup qualification
1611,1989,Omán,Jordania,0,2,FIFA World Cup qualification
1612,1989,Pakistán,Emiratos Árabes Unidos,1,4,FIFA World Cup qualification
1613,1989,Portugal,Bélgica,1,1,FIFA World Cup qualification
1614,1989,Tailandia,Bangladesh,1,0,FIFA World Cup qualification
1615,1989,China,Bangladesh,2,0,FIFA World Cup qualification
1616,1989,Tailandia,Irán,0,3,FIFA World Cup qualification
1617,1989,Bangladesh,Irán,1,2,FIFA World Cup qualification
1618,1989,Tailandia,China,0,3,FIFA World Cup qualification
1619,1989,Bangladesh,China,0,2,FIFA World Cup qualification
1620,1989,Israel,Nueva Zelanda,1,0,FIFA World Cup qualification
1621,1989,Albania,Inglaterra,0,2,FIFA World Cup qualification
1622,1989,Bangladesh,Tailandia,3,1,FIFA World Cup qualification
1623,1989,Hungría,Irlanda,0,0,FIFA World Cup qualification
1624,1989,Escocia,Francia,2,0,FIFA World Cup qualification
1625,1989,Yemen,Siria,0,1,FIFA World Cup qualification
1626,1989,Australia,Nueva Zelanda,4,1,FIFA World Cup qualification
1627,1989,Arabia Saudita,Siria,5,4,FIFA World Cup qualification
1628,1989,Irán,Bangladesh,1,0,FIFA World Cup qualification
1629,1989,Israel,Australia,1,1,FIFA World Cup qualification
1630,1989,Yemen,Arabia Saudita,0,1,FIFA World Cup qualification
1631,1989,España,Malta,4,0,FIFA World Cup qualification
1632,1989,Siria,Yemen,2,0,FIFA World Cup qualification
1633,1989,Siria,Arabia Saudita,0,0,FIFA World Cup qualification
1634,1989,Nueva Zelanda,Australia,2,0,FIFA World Cup qualification
1635,1989,Arabia Saudita,Yemen,1,0,FIFA World Cup qualification
1636,1989,Nueva Zelanda,Israel,2,2,FIFA World Cup qualification
1637,1989,Alemania Democrática,Turquía,0,2,FIFA World Cup qualification
1638,1989,Hungría,Malta,1,1,FIFA World Cup qualification
1639,1989,Australia,Israel,1,1,FIFA World Cup qualification
1640,1989,Bulgaria,Dinamarca,0,2,FIFA World Cup qualification
1641,1989,Inglaterra,Albania,5,0,FIFA World Cup qualification
1642,1989,Grecia,Rumania,0,0,FIFA World Cup qualification
1643,1989,Irlanda,España,1,0,FIFA World Cup qualification
1644,1989,Malta,Irlanda del Norte,0,2,FIFA World Cup qualification
1645,1989,Países Bajos,Alemania,1,1,FIFA World Cup qualification
1646,1989,Portugal,Suiza,3,1,FIFA World Cup qualification
1647,1989,Rusia,Alemania Democrática,3,0,FIFA World Cup qualification
1648,1989,Escocia,Chipre,2,1,FIFA World Cup qualification
1649,1989,Bélgica,Checoslovaquia,2,1,FIFA World Cup qualification
1650,1989,Francia,Yugoslavia,0,0,FIFA World Cup qualification
1651,1989,Suecia,Polonia,2,1,FIFA World Cup qualification
1652,1989,Checoslovaquia,Luxemburgo,4,0,FIFA World Cup qualification
1653,1989,Turquía,Rusia,0,1,FIFA World Cup qualification
1654,1989,Dinamarca,Grecia,7,1,FIFA World Cup qualification
1655,1989,Rumania,Bulgaria,1,0,FIFA World Cup qualification
1656,1989,Alemania Democrática,Austria,1,1,FIFA World Cup qualification
1657,1989,Indonesia,Corea del Norte,0,0,FIFA World Cup qualification
1658,1989,Noruega,Chipre,3,1,FIFA World Cup qualification
1659,1989,Hong Kong,Japón,0,0,FIFA World Cup qualification
1660,1989,Corea del Sur,Singapur,3,0,FIFA World Cup qualification
1661,1989,Malasia,Nepal,2,0,FIFA World Cup qualification
1662,1989,Corea del Sur,Nepal,9,0,FIFA World Cup qualification
1663,1989,Malasia,Singapur,1,0,FIFA World Cup qualification
1664,1989,Hong Kong,Corea del Norte,1,2,FIFA World Cup qualification
1665,1989,Corea del Sur,Malasia,3,0,FIFA World Cup qualification
1666,1989,Singapur,Nepal,3,0,FIFA World Cup qualification
1667,1989,Indonesia,Japón,0,0,FIFA World Cup qualification
1668,1989,Irlanda,Malta,2,0,FIFA World Cup qualification
1669,1989,Irán,Tailandia,3,0,FIFA World Cup qualification
1670,1989,Finlandia,Países Bajos,0,1,FIFA World Cup qualification
1671,1989,Rusia,Islandia,1,1,FIFA World Cup qualification
1672,1989,Gales,Alemania,0,0,FIFA World Cup qualification
1673,1989,Luxemburgo,Bélgica,0,5,FIFA World Cup qualification
1674,1989,Inglaterra,Polonia,3,0,FIFA World Cup qualification
1675,1989,Nepal,Corea del Sur,0,4,FIFA World Cup qualification
1676,1989,Singapur,Malasia,2,2,FIFA World Cup qualification
1677,1989,Hong Kong,Indonesia,1,1,FIFA World Cup qualification
1678,1989,Irlanda,Hungría,2,0,FIFA World Cup qualification
1679,1989,Japón,Corea del Norte,2,1,FIFA World Cup qualification
1680,1989,Malasia,Corea del Sur,0,3,FIFA World Cup qualification
1681,1989,Singapur,Nepal,7,0,FIFA World Cup qualification
1682,1989,Malasia,Nepal,3,0,FIFA World Cup qualification
1683,1989,Singapur,Corea del Sur,0,3,FIFA World Cup qualification
1684,1989,Suiza,Checoslovaquia,0,1,FIFA World Cup qualification
1685,1989,Kenia,Egipto,0,0,FIFA World Cup qualification
1686,1989,Nigeria,Camerún,2,0,FIFA World Cup qualification
1687,1989,Angola,Gabón,2,0,FIFA World Cup qualification
1688,1989,República Democrática del Congo,Marruecos,0,0,FIFA World Cup qualification
1689,1989,Costa de Marfil,Argelia,0,0,FIFA World Cup qualification
1690,1989,Japón,Indonesia,5,0,FIFA World Cup qualification
1691,1989,Liberia,Malaui,1,0,FIFA World Cup qualification
1692,1989,Zambia,Túnez,1,0,FIFA World Cup qualification
1693,1989,Islandia,Austria,0,0,FIFA World Cup qualification
1694,1989,Noruega,Yugoslavia,1,2,FIFA World Cup qualification
1695,1989,Japón,Hong Kong,0,0,FIFA World Cup qualification
1696,1989,Malaui,Kenia,1,0,FIFA World Cup qualification
1697,1989,Angola,Camerún,1,2,FIFA World Cup qualification
1698,1989,Gabón,Nigeria,2,1,FIFA World Cup qualification
1699,1989,Indonesia,Hong Kong,3,2,FIFA World Cup qualification
1700,1989,Corea del Norte,Japón,2,0,FIFA World Cup qualification
1701,1989,Liberia,Egipto,1,0,FIFA World Cup qualification
1702,1989,Túnez,República Democrática del Congo,1,0,FIFA World Cup qualification
1703,1989,Zambia,Marruecos,2,1,FIFA World Cup qualification
1704,1989,Zimbabue,Argelia,1,2,FIFA World Cup qualification
1705,1989,Corea del Norte,Hong Kong,4,1,FIFA World Cup qualification
1706,1989,Corea del Norte,Indonesia,2,1,FIFA World Cup qualification
1707,1989,China,Irán,2,0,FIFA World Cup qualification
1708,1989,Irán,China,3,2,FIFA World Cup qualification
1709,1989,China,Tailandia,2,0,FIFA World Cup qualification
1710,1989,Venezuela,Brasil,0,4,FIFA World Cup qualification
1711,1989,Venezuela,Chile,1,3,FIFA World Cup qualification
1712,1989,Egipto,Malaui,1,0,FIFA World Cup qualification
1713,1989,Kenia,Liberia,1,0,FIFA World Cup qualification
1714,1989,Nigeria,Angola,1,0,FIFA World Cup qualification
1715,1989,Camerún,Gabón,2,1,FIFA World Cup qualification
1716,1989,Chile,Brasil,1,1,FIFA World Cup qualification
1717,1989,República Democrática del Congo,Zambia,1,0,FIFA World Cup qualification
1718,1989,Costa de Marfil,Zimbabue,5,0,FIFA World Cup qualification
1719,1989,Marruecos,Túnez,0,0,FIFA World Cup qualification
1720,1989,Bolivia,Perú,2,1,FIFA World Cup qualification
1721,1989,Brasil,Venezuela,6,0,FIFA World Cup qualification
1722,1989,Colombia,Ecuador,2,0,FIFA World Cup qualification
1723,1989,Austria,Islandia,2,1,FIFA World Cup qualification
1724,1989,Argelia,Costa de Marfil,1,0,FIFA World Cup qualification
1725,1989,Egipto,Kenia,2,0,FIFA World Cup qualification
1726,1989,Malaui,Liberia,0,0,FIFA World Cup qualification
1727,1989,Camerún,Nigeria,1,0,FIFA World Cup qualification
1728,1989,Chile,Venezuela,5,0,FIFA World Cup qualification
1729,1989,Gabón,Angola,1,0,FIFA World Cup qualification
1730,1989,Marruecos,República Democrática del Congo,1,1,FIFA World Cup qualification
1731,1989,Paraguay,Colombia,2,1,FIFA World Cup qualification
1732,1989,Perú,Uruguay,0,2,FIFA World Cup qualification
1733,1989,Túnez,Zambia,1,0,FIFA World Cup qualification
1734,1989,Bolivia,Uruguay,2,1,FIFA World Cup qualification
1735,1989,Brasil,Chile,1,0,FIFA World Cup qualification
1736,1989,Ecuador,Colombia,0,0,FIFA World Cup qualification
1737,1989,Noruega,Francia,1,1,FIFA World Cup qualification
1738,1989,Austria,Rusia,0,0,FIFA World Cup qualification
1739,1989,Bélgica,Portugal,3,0,FIFA World Cup qualification
1740,1989,Finlandia,Gales,1,0,FIFA World Cup qualification
1741,1989,Islandia,Alemania Democrática,0,3,FIFA World Cup qualification
1742,1989,Irlanda del Norte,Hungría,1,2,FIFA World Cup qualification
1743,1989,Suecia,Inglaterra,0,0,FIFA World Cup qualification
1744,1989,Yugoslavia,Escocia,3,1,FIFA World Cup qualification
1745,1989,Paraguay,Ecuador,2,1,FIFA World Cup qualification
1746,1989,Perú,Bolivia,1,2,FIFA World Cup qualification
1747,1989,Colombia,Paraguay,2,1,FIFA World Cup qualification
1748,1989,Uruguay,Bolivia,2,0,FIFA World Cup qualification
1749,1989,Islandia,Turquía,2,1,FIFA World Cup qualification
1750,1989,Suiza,Portugal,1,2,FIFA World Cup qualification
1751,1989,Ecuador,Paraguay,3,1,FIFA World Cup qualification
1752,1989,Uruguay,Perú,2,0,FIFA World Cup qualification
1753,1989,Alemania,Finlandia,6,1,FIFA World Cup qualification
1754,1989,Checoslovaquia,Portugal,2,1,FIFA World Cup qualification
1755,1989,Argelia,Egipto,0,0,FIFA World Cup qualification
1756,1989,Camerún,Túnez,2,0,FIFA World Cup qualification
1757,1989,Alemania Democrática,Rusia,2,1,FIFA World Cup qualification
1758,1989,Suecia,Albania,3,1,FIFA World Cup qualification
1759,1989,Bulgaria,Grecia,4,0,FIFA World Cup qualification
1760,1989,Dinamarca,Rumania,3,0,FIFA World Cup qualification
1761,1989,Francia,Escocia,3,0,FIFA World Cup qualification
1762,1989,Hungría,España,2,2,FIFA World Cup qualification
1763,1989,Irlanda,Irlanda del Norte,3,0,FIFA World Cup qualification
1764,1989,Luxemburgo,Portugal,0,3,FIFA World Cup qualification
1765,1989,Polonia,Inglaterra,0,0,FIFA World Cup qualification
1766,1989,Suiza,Bélgica,2,2,FIFA World Cup qualification
1767,1989,Gales,Países Bajos,1,2,FIFA World Cup qualification
1768,1989,Yugoslavia,Noruega,1,0,FIFA World Cup qualification
1769,1989,China,Arabia Saudita,2,1,FIFA World Cup qualification
1770,1989,Emiratos Árabes Unidos,Corea del Norte,0,0,FIFA World Cup qualification
1771,1989,Corea del Sur,Catar,0,0,FIFA World Cup qualification
1772,1989,Colombia,Israel,1,0,FIFA World Cup qualification
1773,1989,Corea del Sur,Corea del Norte,1,0,FIFA World Cup qualification
1774,1989,Catar,Arabia Saudita,1,1,FIFA World Cup qualification
1775,1989,China,Emiratos Árabes Unidos,1,2,FIFA World Cup qualification
1776,1989,China,Corea del Sur,0,1,FIFA World Cup qualification
1777,1989,Corea del Norte,Catar,2,0,FIFA World Cup qualification
1778,1989,Arabia Saudita,Emiratos Árabes Unidos,0,0,FIFA World Cup qualification
1779,1989,Corea del Norte,China,0,1,FIFA World Cup qualification
1780,1989,Emiratos Árabes Unidos,Catar,1,1,FIFA World Cup qualification
1781,1989,Bélgica,Luxemburgo,1,1,FIFA World Cup qualification
1782,1989,Checoslovaquia,Suiza,3,0,FIFA World Cup qualification
1783,1989,Polonia,Suecia,0,2,FIFA World Cup qualification
1784,1989,Arabia Saudita,Corea del Sur,0,2,FIFA World Cup qualification
1785,1989,Turquía,Austria,3,0,FIFA World Cup qualification
1786,1989,Chipre,Yugoslavia,1,2,FIFA World Cup qualification
1787,1989,Catar,China,2,1,FIFA World Cup qualification
1788,1989,Arabia Saudita,Corea del Norte,2,0,FIFA World Cup qualification
1789,1989,Emiratos Árabes Unidos,Corea del Sur,1,1,FIFA World Cup qualification
1790,1989,Israel,Colombia,0,0,FIFA World Cup qualification
1791,1989,Albania,Polonia,1,2,FIFA World Cup qualification
1792,1989,Austria,Alemania Democrática,3,0,FIFA World Cup qualification
1793,1989,Alemania,Gales,2,1,FIFA World Cup qualification
1794,1989,Grecia,Bulgaria,1,0,FIFA World Cup qualification
1795,1989,Malta,Irlanda,0,2,FIFA World Cup qualification
1796,1989,Países Bajos,Finlandia,3,0,FIFA World Cup qualification
1797,1989,Portugal,Checoslovaquia,0,0,FIFA World Cup qualification
1798,1989,Rumania,Dinamarca,3,1,FIFA World Cup qualification
1799,1989,Rusia,Turquía,2,0,FIFA World Cup qualification
1800,1989,Escocia,Noruega,1,1,FIFA World Cup qualification
1801,1989,España,Hungría,4,0,FIFA World Cup qualification
1802,1989,Suiza,Luxemburgo,2,1,FIFA World Cup qualification
1803,1989,Egipto,Argelia,1,0,FIFA World Cup qualification
1804,1989,Francia,Chipre,2,0,FIFA World Cup qualification
1805,1989,Túnez,Camerún,0,1,FIFA World Cup qualification
1806,1992,República Dominicana,Puerto Rico,1,2,FIFA World Cup qualification
1807,1992,Santa Lucía,San Vicente y las Granadinas,1,0,FIFA World Cup qualification
1808,1992,Puerto Rico,República Dominicana,1,1,FIFA World Cup qualification
1809,1992,San Vicente y las Granadinas,Santa Lucía,3,1,FIFA World Cup qualification
1810,1992,Barbados,Trinidad y Tobago,1,2,FIFA World Cup qualification
1811,1992,Curazao,Antigua y Barbuda,1,1,FIFA World Cup qualification
1812,1992,Bélgica,Chipre,1,0,FIFA World Cup qualification
1813,1992,España,Albania,3,0,FIFA World Cup qualification
1814,1992,Guayana,Surinam,1,2,FIFA World Cup qualification
1815,1992,Antigua y Barbuda,Curazao,3,0,FIFA World Cup qualification
1816,1992,islas Bermudas,Haití,1,0,FIFA World Cup qualification
1817,1992,Irlanda del Norte,Lituania,2,2,FIFA World Cup qualification
1818,1992,Rumania,Islas Feroe,7,0,FIFA World Cup qualification
1819,1992,Grecia,Islandia,1,0,FIFA World Cup qualification
1820,1992,Finlandia,Bulgaria,0,3,FIFA World Cup qualification
1821,1992,Rumania,Gales,5,1,FIFA World Cup qualification
1822,1992,Jamaica,Puerto Rico,2,1,FIFA World Cup qualification
1823,1992,Haití,islas Bermudas,2,1,FIFA World Cup qualification
1824,1992,Surinam,Guayana,1,1,FIFA World Cup qualification
1825,1992,Irlanda,Albania,2,0,FIFA World Cup qualification
1826,1992,Puerto Rico,Jamaica,0,1,FIFA World Cup qualification
1827,1992,Trinidad y Tobago,Barbados,3,0,FIFA World Cup qualification
1828,1992,Albania,Lituania,1,0,FIFA World Cup qualification
1829,1992,Islas Feroe,Bélgica,0,3,FIFA World Cup qualification
1830,1992,Hungría,Islandia,1,2,FIFA World Cup qualification
1831,1992,Nueva Zelanda,Fiyi,3,0,FIFA World Cup qualification
1832,1992,Antigua y Barbuda,islas Bermudas,0,3,FIFA World Cup qualification
1833,1992,Islas Feroe,Chipre,0,2,FIFA World Cup qualification
1834,1992,Vanuatu,Nueva Zelanda,1,4,FIFA World Cup qualification
1835,1992,Nueva Zelanda,Vanuatu,8,0,FIFA World Cup qualification
1836,1992,islas Bermudas,Antigua y Barbuda,2,1,FIFA World Cup qualification
1837,1992,Trinidad y Tobago,Jamaica,1,2,FIFA World Cup qualification
1838,1992,Islas Salomón,Tahití,1,1,FIFA World Cup qualification
1839,1992,Guatemala,Honduras,0,0,FIFA World Cup qualification
1840,1992,Nicaragua,El Salvador,0,5,FIFA World Cup qualification
1841,1992,El Salvador,Nicaragua,5,1,FIFA World Cup qualification
1842,1992,Honduras,Guatemala,2,0,FIFA World Cup qualification
1843,1992,Surinam,San Vicente y las Granadinas,0,0,FIFA World Cup qualification
1844,1992,Letonia,Lituania,1,2,FIFA World Cup qualification
1845,1992,Jamaica,Trinidad y Tobago,1,1,FIFA World Cup qualification
1846,1992,Estonia,Suiza,0,6,FIFA World Cup qualification
1847,1992,Panamá,Costa Rica,1,0,FIFA World Cup qualification
1848,1992,Costa Rica,Panamá,5,1,FIFA World Cup qualification
1849,1992,Letonia,Dinamarca,0,0,FIFA World Cup qualification
1850,1992,San Vicente y las Granadinas,Surinam,2,1,FIFA World Cup qualification
1851,1992,Checoslovaquia,Bélgica,1,2,FIFA World Cup qualification
1852,1992,Islas Salomón,Australia,1,2,FIFA World Cup qualification
1853,1992,Bulgaria,Francia,2,0,FIFA World Cup qualification
1854,1992,Finlandia,Suecia,0,1,FIFA World Cup qualification
1855,1992,Irlanda,Letonia,4,0,FIFA World Cup qualification
1856,1992,Luxemburgo,Hungría,0,3,FIFA World Cup qualification
1857,1992,Irlanda del Norte,Albania,3,0,FIFA World Cup qualification
1858,1992,Noruega,San Marino,10,0,FIFA World Cup qualification
1859,1992,Suiza,Escocia,3,1,FIFA World Cup qualification
1860,1992,Gales,Islas Feroe,6,0,FIFA World Cup qualification
1861,1992,Tahití,Australia,0,3,FIFA World Cup qualification
1862,1992,Fiyi,Vanuatu,3,0,FIFA World Cup qualification
1863,1992,Australia,Tahití,2,0,FIFA World Cup qualification
1864,1992,Checoslovaquia,Islas Feroe,4,0,FIFA World Cup qualification
1865,1992,Letonia,España,0,0,FIFA World Cup qualification
1866,1992,Lituania,Dinamarca,0,0,FIFA World Cup qualification
1867,1992,Noruega,Países Bajos,2,1,FIFA World Cup qualification
1868,1992,Polonia,Turquía,1,0,FIFA World Cup qualification
1869,1992,Australia,Islas Salomón,6,1,FIFA World Cup qualification
1870,1992,Vanuatu,Fiyi,0,3,FIFA World Cup qualification
1871,1992,Islandia,Grecia,0,1,FIFA World Cup qualification
1872,1992,San Marino,Noruega,0,2,FIFA World Cup qualification
1873,1992,Suecia,Bulgaria,2,0,FIFA World Cup qualification
1874,1992,Argelia,Burundi,3,1,FIFA World Cup qualification
1875,1992,Tahití,Islas Salomón,4,2,FIFA World Cup qualification
1876,1992,Zimbabue,Togo,1,0,FIFA World Cup qualification
1877,1992,Nigeria,Sudáfrica,4,0,FIFA World Cup qualification
1878,1992,Costa de Marfil,Botsuana,6,0,FIFA World Cup qualification
1879,1992,República Democrática del Congo,Liberia,4,2,FIFA World Cup qualification
1880,1992,Egipto,Angola,1,0,FIFA World Cup qualification
1881,1992,Gabón,Mozambique,3,1,FIFA World Cup qualification
1882,1992,Madagascar,Namibia,3,0,FIFA World Cup qualification
1883,1992,Marruecos,Etiopía,5,0,FIFA World Cup qualification
1884,1992,Túnez,Benín,5,1,FIFA World Cup qualification
1885,1992,Zambia,Tanzania,2,0,FIFA World Cup qualification
1886,1992,Bélgica,Rumania,1,0,FIFA World Cup qualification
1887,1992,Chipre,Gales,0,1,FIFA World Cup qualification
1888,1992,Dinamarca,Irlanda,0,0,FIFA World Cup qualification
1889,1992,Inglaterra,Noruega,1,1,FIFA World Cup qualification
1890,1992,Francia,Austria,2,0,FIFA World Cup qualification
1891,1992,Italia,Suiza,2,2,FIFA World Cup qualification
1892,1992,Países Bajos,Polonia,2,2,FIFA World Cup qualification
1893,1992,Irlanda del Norte,España,0,0,FIFA World Cup qualification
1894,1992,Rusia,Islandia,1,0,FIFA World Cup qualification
1895,1992,Escocia,Portugal,0,0,FIFA World Cup qualification
1896,1992,islas Bermudas,El Salvador,1,0,FIFA World Cup qualification
1897,1992,Camerún,Eswatini,5,0,FIFA World Cup qualification
1898,1992,Jamaica,Canadá,1,1,FIFA World Cup qualification
1899,1992,Sudáfrica,Congo,1,0,FIFA World Cup qualification
1900,1992,Benín,Marruecos,0,1,FIFA World Cup qualification
1901,1992,islas Bermudas,Jamaica,1,1,FIFA World Cup qualification
1902,1992,Burundi,Ghana,1,0,FIFA World Cup qualification
1903,1992,El Salvador,Canadá,1,1,FIFA World Cup qualification
1904,1992,Etiopía,Túnez,0,0,FIFA World Cup qualification
1905,1992,Malta,Estonia,0,0,FIFA World Cup qualification
1906,1992,Mozambique,Senegal,0,1,FIFA World Cup qualification
1907,1992,Namibia,Zambia,0,4,FIFA World Cup qualification
1908,1992,Níger,Costa de Marfil,0,0,FIFA World Cup qualification
1909,1992,Eswatini,República Democrática del Congo,1,0,FIFA World Cup qualification
1910,1992,Tanzania,Madagascar,0,0,FIFA World Cup qualification
1911,1992,Togo,Egipto,1,4,FIFA World Cup qualification
1912,1992,Austria,Israel,5,2,FIFA World Cup qualification
1913,1992,Lituania,Letonia,1,1,FIFA World Cup qualification
1914,1992,Rusia,Luxemburgo,2,0,FIFA World Cup qualification
1915,1992,Turquía,San Marino,4,1,FIFA World Cup qualification
1916,1992,Canadá,Jamaica,1,0,FIFA World Cup qualification
1917,1992,El Salvador,islas Bermudas,4,1,FIFA World Cup qualification
1918,1992,San Vicente y las Granadinas,México,0,4,FIFA World Cup qualification
1919,1992,Canadá,El Salvador,2,3,FIFA World Cup qualification
1920,1992,Costa Rica,Honduras,2,3,FIFA World Cup qualification
1921,1992,Jamaica,islas Bermudas,3,2,FIFA World Cup qualification
1922,1992,Albania,Letonia,1,1,FIFA World Cup qualification
1923,1992,Grecia,Hungría,0,0,FIFA World Cup qualification
1924,1992,Israel,Suecia,1,3,FIFA World Cup qualification
1925,1992,Francia,Finlandia,2,1,FIFA World Cup qualification
1926,1992,Rumania,Checoslovaquia,1,1,FIFA World Cup qualification
1927,1992,San Vicente y las Granadinas,Costa Rica,0,1,FIFA World Cup qualification
1928,1992,Canadá,islas Bermudas,4,2,FIFA World Cup qualification
1929,1992,México,Honduras,2,0,FIFA World Cup qualification
1930,1992,Bélgica,Gales,2,0,FIFA World Cup qualification
1931,1992,Inglaterra,Turquía,4,0,FIFA World Cup qualification
1932,1992,Irlanda del Norte,Dinamarca,0,1,FIFA World Cup qualification
1933,1992,Escocia,Italia,0,0,FIFA World Cup qualification
1934,1992,España,Irlanda,0,0,FIFA World Cup qualification
1935,1992,Suiza,Malta,3,0,FIFA World Cup qualification
1936,1992,San Vicente y las Granadinas,Honduras,0,4,FIFA World Cup qualification
1937,1992,Jamaica,El Salvador,0,2,FIFA World Cup qualification
1938,1992,México,Costa Rica,4,0,FIFA World Cup qualification
1939,1992,Honduras,San Vicente y las Granadinas,4,0,FIFA World Cup qualification
1940,1992,Costa Rica,México,2,0,FIFA World Cup qualification
1941,1992,Chipre,Rumania,1,4,FIFA World Cup qualification
1942,1992,Israel,Bulgaria,0,2,FIFA World Cup qualification
1943,1992,Honduras,Costa Rica,2,1,FIFA World Cup qualification
1944,1992,México,San Vicente y las Granadinas,11,0,FIFA World Cup qualification
1945,1992,islas Bermudas,Canadá,0,0,FIFA World Cup qualification
1946,1992,El Salvador,Jamaica,2,1,FIFA World Cup qualification
1947,1992,Costa Rica,San Vicente y las Granadinas,5,0,FIFA World Cup qualification
1948,1992,Honduras,México,1,1,FIFA World Cup qualification
1949,1992,España,Letonia,5,0,FIFA World Cup qualification
1950,1992,Turquía,Países Bajos,1,3,FIFA World Cup qualification
1951,1992,Malta,Italia,1,2,FIFA World Cup qualification
1952,1992,Tanzania,Namibia,2,0,FIFA World Cup qualification
1953,1992,Gabón,Senegal,3,2,FIFA World Cup qualification
1954,1992,Botsuana,Níger,0,1,FIFA World Cup qualification
1955,1992,Congo,Nigeria,0,1,FIFA World Cup qualification
1956,1992,Etiopía,Benín,3,1,FIFA World Cup qualification
1957,1992,Ghana,Argelia,2,0,FIFA World Cup qualification
1958,1992,Guinea,Kenia,4,0,FIFA World Cup qualification
1959,1992,Madagascar,Zambia,2,0,FIFA World Cup qualification
1960,1992,Túnez,Marruecos,1,1,FIFA World Cup qualification
1961,1992,Zimbabue,Egipto,2,1,FIFA World Cup qualification
1962,1993,Angola,Zimbabue,1,1,FIFA World Cup qualification
1963,1993,República Democrática del Congo,Camerún,1,2,FIFA World Cup qualification
1964,1993,Sudáfrica,Nigeria,0,0,FIFA World Cup qualification
1965,1993,Tanzania,Zambia,1,3,FIFA World Cup qualification
1966,1993,Benín,Túnez,0,5,FIFA World Cup qualification
1967,1993,Botsuana,Costa de Marfil,0,0,FIFA World Cup qualification
1968,1993,Burundi,Argelia,0,0,FIFA World Cup qualification
1969,1993,Etiopía,Marruecos,0,1,FIFA World Cup qualification
1970,1993,Mozambique,Gabón,1,1,FIFA World Cup qualification
1971,1993,Namibia,Madagascar,0,1,FIFA World Cup qualification
1972,1993,Eswatini,Camerún,0,0,FIFA World Cup qualification
1973,1993,Togo,Zimbabue,1,2,FIFA World Cup qualification
1974,1993,Angola,Egipto,0,0,FIFA World Cup qualification
1975,1993,Zambia,Namibia,4,0,FIFA World Cup qualification
1976,1993,Malta,Portugal,0,1,FIFA World Cup qualification
1977,1993,Senegal,Mozambique,6,1,FIFA World Cup qualification
1978,1993,Congo,Sudáfrica,0,1,FIFA World Cup qualification
1979,1993,Egipto,Togo,3,0,FIFA World Cup qualification
1980,1993,Ghana,Burundi,1,0,FIFA World Cup qualification
1981,1993,Costa de Marfil,Níger,1,0,FIFA World Cup qualification
1982,1993,Marruecos,Benín,5,0,FIFA World Cup qualification
1983,1993,Túnez,Etiopía,3,0,FIFA World Cup qualification
1984,1993,Zimbabue,Angola,2,1,FIFA World Cup qualification
1985,1993,Chipre,Bélgica,0,3,FIFA World Cup qualification
1986,1993,Albania,Irlanda del Norte,1,2,FIFA World Cup qualification
1987,1993,Inglaterra,San Marino,6,0,FIFA World Cup qualification
1988,1993,Grecia,Luxemburgo,2,0,FIFA World Cup qualification
1989,1993,Israel,Francia,0,4,FIFA World Cup qualification
1990,1993,Escocia,Malta,3,0,FIFA World Cup qualification
1991,1993,Países Bajos,Turquía,3,1,FIFA World Cup qualification
1992,1993,Portugal,Italia,1,3,FIFA World Cup qualification
1993,1993,España,Lituania,5,0,FIFA World Cup qualification
1994,1993,Argelia,Ghana,2,1,FIFA World Cup qualification
1995,1993,Kenia,Guinea,2,0,FIFA World Cup qualification
1996,1993,Nigeria,Congo,2,0,FIFA World Cup qualification
1997,1993,Senegal,Gabón,1,0,FIFA World Cup qualification
1998,1993,Zambia,Madagascar,3,1,FIFA World Cup qualification
1999,1993,Benín,Etiopía,1,0,FIFA World Cup qualification
2000,1993,Marruecos,Túnez,0,0,FIFA World Cup qualification
2001,1993,Níger,Botsuana,2,1,FIFA World Cup qualification
2002,1993,Togo,Angola,0,1,FIFA World Cup qualification
2003,1993,Camerún,República Democrática del Congo,0,0,FIFA World Cup qualification
2004,1993,San Marino,Turquía,0,0,FIFA World Cup qualification
2005,1993,Chipre,República Checa,1,1,FIFA World Cup qualification
2006,1993,Italia,Malta,6,1,FIFA World Cup qualification
2007,1993,Países Bajos,San Marino,6,0,FIFA World Cup qualification
2008,1993,Austria,Francia,0,1,FIFA World Cup qualification
2009,1993,Dinamarca,España,1,0,FIFA World Cup qualification
2010,1993,Hungría,Grecia,0,1,FIFA World Cup qualification
2011,1993,Irlanda,Irlanda del Norte,3,0,FIFA World Cup qualification
2012,1993,Suiza,Portugal,1,1,FIFA World Cup qualification
2013,1993,Turquía,Inglaterra,0,2,FIFA World Cup qualification
2014,1993,Gales,Bélgica,2,0,FIFA World Cup qualification
2015,1993,El Salvador,México,2,1,FIFA World Cup qualification
2016,1993,Honduras,Canadá,2,2,FIFA World Cup qualification
2017,1993,Japón,Tailandia,1,0,FIFA World Cup qualification
2018,1993,Sri Lanka,Emiratos Árabes Unidos,0,4,FIFA World Cup qualification
2019,1993,Corea del Norte,Vietnam,3,0,FIFA World Cup qualification
2020,1993,Catar,Indonesia,3,1,FIFA World Cup qualification
2021,1993,Canadá,El Salvador,2,0,FIFA World Cup qualification
2022,1993,Japón,Bangladesh,8,0,FIFA World Cup qualification
2023,1993,Corea del Norte,Singapur,2,1,FIFA World Cup qualification
2024,1993,México,Honduras,3,0,FIFA World Cup qualification
2025,1993,Catar,Vietnam,4,0,FIFA World Cup qualification
2026,1993,Tailandia,Sri Lanka,1,0,FIFA World Cup qualification
2027,1993,Corea del Norte,Indonesia,4,0,FIFA World Cup qualification
2028,1993,Sri Lanka,Bangladesh,0,1,FIFA World Cup qualification
2029,1993,Emiratos Árabes Unidos,Tailandia,1,0,FIFA World Cup qualification
2030,1993,Vietnam,Singapur,2,3,FIFA World Cup qualification
2031,1993,Austria,Bulgaria,3,1,FIFA World Cup qualification
2032,1993,Dinamarca,Letonia,2,0,FIFA World Cup qualification
2033,1993,Italia,Estonia,2,0,FIFA World Cup qualification
2034,1993,Lituania,Albania,3,1,FIFA World Cup qualification
2035,1993,Luxemburgo,Rusia,0,4,FIFA World Cup qualification
2036,1993,Rumania,Chipre,2,1,FIFA World Cup qualification
2037,1993,Egipto,Zimbabue,0,0,FIFA World Cup qualification
2038,1993,Japón,Sri Lanka,5,0,FIFA World Cup qualification
2039,1993,Emiratos Árabes Unidos,Bangladesh,1,0,FIFA World Cup qualification
2040,1993,Argelia,Costa de Marfil,1,1,FIFA World Cup qualification
2041,1993,Catar,Singapur,4,1,FIFA World Cup qualification
2042,1993,Vietnam,Indonesia,1,0,FIFA World Cup qualification
2043,1993,Malta,Suiza,0,2,FIFA World Cup qualification
2044,1993,Camerún,Guinea,3,1,FIFA World Cup qualification
2045,1993,Canadá,Honduras,3,1,FIFA World Cup qualification
2046,1993,Indonesia,Singapur,0,2,FIFA World Cup qualification
2047,1993,Japón,Emiratos Árabes Unidos,2,0,FIFA World Cup qualification
2048,1993,México,El Salvador,3,1,FIFA World Cup qualification
2049,1993,Marruecos,Senegal,1,0,FIFA World Cup qualification
2050,1993,Catar,Corea del Norte,1,2,FIFA World Cup qualification
2051,1993,Tailandia,Bangladesh,4,1,FIFA World Cup qualification
2052,1993,Indonesia,Catar,1,4,FIFA World Cup qualification
2053,1993,Vietnam,Corea del Norte,0,1,FIFA World Cup qualification
2054,1993,Chipre,Islas Feroe,3,1,FIFA World Cup qualification
2055,1993,Honduras,El Salvador,2,0,FIFA World Cup qualification
2056,1993,México,Canadá,4,0,FIFA World Cup qualification
2057,1993,Singapur,Corea del Norte,1,3,FIFA World Cup qualification
2058,1993,Vietnam,Catar,0,4,FIFA World Cup qualification
2059,1993,Bulgaria,Finlandia,2,0,FIFA World Cup qualification
2060,1993,República Checa,Gales,1,1,FIFA World Cup qualification
2061,1993,Inglaterra,Países Bajos,2,2,FIFA World Cup qualification
2062,1993,Francia,Suecia,2,1,FIFA World Cup qualification
2063,1993,Indonesia,Corea del Norte,1,2,FIFA World Cup qualification
2064,1993,Irlanda,Dinamarca,1,1,FIFA World Cup qualification
2065,1993,Noruega,Turquía,3,1,FIFA World Cup qualification
2066,1993,Polonia,San Marino,1,0,FIFA World Cup qualification
2067,1993,Portugal,Escocia,5,0,FIFA World Cup qualification
2068,1993,Rusia,Hungría,3,0,FIFA World Cup qualification
2069,1993,Singapur,Vietnam,1,0,FIFA World Cup qualification
2070,1993,España,Irlanda del Norte,3,1,FIFA World Cup qualification
2071,1993,Tailandia,Japón,0,1,FIFA World Cup qualification
2072,1993,Emiratos Árabes Unidos,Sri Lanka,3,0,FIFA World Cup qualification
2073,1993,Bangladesh,Japón,1,4,FIFA World Cup qualification
2074,1993,Indonesia,Vietnam,2,1,FIFA World Cup qualification
2075,1993,Singapur,Catar,1,0,FIFA World Cup qualification
2076,1993,Emiratos Árabes Unidos,Tailandia,2,1,FIFA World Cup qualification
2077,1993,Macao,Arabia Saudita,0,6,FIFA World Cup qualification
2078,1993,Malasia,Kuwait,1,1,FIFA World Cup qualification
2079,1993,Suiza,Italia,1,0,FIFA World Cup qualification
2080,1993,El Salvador,Canadá,1,2,FIFA World Cup qualification
2081,1993,Guinea,Zimbabue,3,0,FIFA World Cup qualification
2082,1993,Honduras,México,1,4,FIFA World Cup qualification
2083,1993,Costa de Marfil,Nigeria,2,1,FIFA World Cup qualification
2084,1993,Corea del Norte,Catar,2,2,FIFA World Cup qualification
2085,1993,Singapur,Indonesia,2,1,FIFA World Cup qualification
2086,1993,Macao,Kuwait,1,10,FIFA World Cup qualification
2087,1993,Malasia,Arabia Saudita,1,1,FIFA World Cup qualification
2088,1993,Sri Lanka,Tailandia,0,3,FIFA World Cup qualification
2089,1993,Emiratos Árabes Unidos,Bangladesh,7,0,FIFA World Cup qualification
2090,1993,Bangladesh,Tailandia,1,4,FIFA World Cup qualification
2091,1993,Kuwait,Arabia Saudita,0,0,FIFA World Cup qualification
2092,1993,Malasia,Macao,9,0,FIFA World Cup qualification
2093,1993,Sri Lanka,Japón,0,6,FIFA World Cup qualification
2094,1993,Bangladesh,Sri Lanka,3,0,FIFA World Cup qualification
2095,1993,Hong Kong,Baréin,2,1,FIFA World Cup qualification
2096,1993,Líbano,India,2,2,FIFA World Cup qualification
2097,1993,Emiratos Árabes Unidos,Japón,1,1,FIFA World Cup qualification
2098,1993,Baréin,Corea del Sur,0,0,FIFA World Cup qualification
2099,1993,Canadá,México,1,2,FIFA World Cup qualification
2100,1993,El Salvador,Honduras,2,1,FIFA World Cup qualification
2101,1993,Líbano,Hong Kong,2,2,FIFA World Cup qualification
2102,1993,India,Hong Kong,1,2,FIFA World Cup qualification
2103,1993,Líbano,Corea del Sur,0,1,FIFA World Cup qualification
2104,1993,Bulgaria,Israel,2,2,FIFA World Cup qualification
2105,1993,Estonia,Malta,0,1,FIFA World Cup qualification
2106,1993,Finlandia,Austria,3,1,FIFA World Cup qualification
2107,1993,India,Corea del Sur,0,3,FIFA World Cup qualification
2108,1993,Líbano,Baréin,0,0,FIFA World Cup qualification
2109,1993,Kuwait,Malasia,2,0,FIFA World Cup qualification
2110,1993,Arabia Saudita,Macao,8,0,FIFA World Cup qualification
2111,1993,Baréin,India,2,1,FIFA World Cup qualification
2112,1993,Hong Kong,Corea del Sur,0,3,FIFA World Cup qualification
2113,1993,Letonia,Albania,0,0,FIFA World Cup qualification
2114,1993,Kuwait,Macao,8,0,FIFA World Cup qualification
2115,1993,Arabia Saudita,Malasia,3,0,FIFA World Cup qualification
2116,1993,Macao,Malasia,0,5,FIFA World Cup qualification
2117,1993,Arabia Saudita,Kuwait,2,0,FIFA World Cup qualification
2118,1993,Estonia,Escocia,0,3,FIFA World Cup qualification
2119,1993,San Marino,Polonia,0,3,FIFA World Cup qualification
2120,1993,Suecia,Austria,1,0,FIFA World Cup qualification
2121,1993,Luxemburgo,Islandia,1,1,FIFA World Cup qualification
2122,1993,Bélgica,Islas Feroe,3,0,FIFA World Cup qualification
2123,1993,Jordania,Yemen,1,1,FIFA World Cup qualification
2124,1993,Pakistán,China,0,5,FIFA World Cup qualification
2125,1993,Rusia,Grecia,1,1,FIFA World Cup qualification
2126,1993,Jordania,Irak,1,1,FIFA World Cup qualification
2127,1993,Yemen,Pakistán,5,1,FIFA World Cup qualification
2128,1993,Lituania,Irlanda del Norte,0,1,FIFA World Cup qualification
2129,1993,Albania,Irlanda,1,2,FIFA World Cup qualification
2130,1993,Jordania,China,0,3,FIFA World Cup qualification
2131,1993,Yemen,Irak,1,6,FIFA World Cup qualification
2132,1993,Pakistán,Irak,0,8,FIFA World Cup qualification
2133,1993,Yemen,China,1,0,FIFA World Cup qualification
2134,1993,Polonia,Inglaterra,1,1,FIFA World Cup qualification
2135,1993,Irak,China,1,0,FIFA World Cup qualification
2136,1993,Jordania,Pakistán,3,1,FIFA World Cup qualification
2137,1993,Nueva Zelanda,Australia,0,1,FIFA World Cup qualification
2138,1993,República Checa,Rumania,5,2,FIFA World Cup qualification
2139,1993,Dinamarca,Albania,4,0,FIFA World Cup qualification
2140,1993,Islandia,Rusia,1,1,FIFA World Cup qualification
2141,1993,Letonia,Irlanda del Norte,1,2,FIFA World Cup qualification
2142,1993,Lituania,España,0,2,FIFA World Cup qualification
2143,1993,Noruega,Inglaterra,2,0,FIFA World Cup qualification
2144,1993,Escocia,Estonia,3,1,FIFA World Cup qualification
2145,1993,Suecia,Israel,5,0,FIFA World Cup qualification
2146,1993,Baréin,Líbano,0,0,FIFA World Cup qualification
2147,1993,Corea del Sur,Hong Kong,4,1,FIFA World Cup qualification
2148,1993,Australia,Nueva Zelanda,3,0,FIFA World Cup qualification
2149,1993,Islas Feroe,Gales,0,3,FIFA World Cup qualification
2150,1993,India,Baréin,0,3,FIFA World Cup qualification
2151,1993,Corea del Sur,Líbano,2,0,FIFA World Cup qualification
2152,1993,Hong Kong,Líbano,1,2,FIFA World Cup qualification
2153,1993,Corea del Sur,India,7,0,FIFA World Cup qualification
2154,1993,Letonia,Irlanda,0,2,FIFA World Cup qualification
2155,1993,Países Bajos,Noruega,0,0,FIFA World Cup qualification
2156,1993,Baréin,Hong Kong,3,0,FIFA World Cup qualification
2157,1993,India,Líbano,1,2,FIFA World Cup qualification
2158,1993,China,Pakistán,3,0,FIFA World Cup qualification
2159,1993,Yemen,Jordania,1,1,FIFA World Cup qualification
2160,1993,Hong Kong,India,1,3,FIFA World Cup qualification
2161,1993,Corea del Sur,Baréin,3,0,FIFA World Cup qualification
2162,1993,Irak,Jordania,4,0,FIFA World Cup qualification
2163,1993,Pakistán,Yemen,0,3,FIFA World Cup qualification
2164,1993,China,Jordania,4,1,FIFA World Cup qualification
2165,1993,Islas Feroe,República Checa,0,3,FIFA World Cup qualification
2166,1993,Finlandia,Israel,0,0,FIFA World Cup qualification
2167,1993,Islandia,Hungría,2,0,FIFA World Cup qualification
2168,1993,Irak,Yemen,3,0,FIFA World Cup qualification
2169,1993,Lituania,Irlanda,0,1,FIFA World Cup qualification
2170,1993,China,Yemen,1,0,FIFA World Cup qualification
2171,1993,Irak,Pakistán,4,0,FIFA World Cup qualification
2172,1993,Portugal,Malta,4,0,FIFA World Cup qualification
2173,1993,China,Irak,2,1,FIFA World Cup qualification
2174,1993,Pakistán,Jordania,0,5,FIFA World Cup qualification
2175,1993,Taiwán,Siria,0,2,FIFA World Cup qualification
2176,1993,Irán,Omán,0,0,FIFA World Cup qualification
2177,1993,Irán,Taiwán,6,0,FIFA World Cup qualification
2178,1993,Omán,Siria,0,0,FIFA World Cup qualification
2179,1993,Irán,Siria,1,1,FIFA World Cup qualification
2180,1993,Omán,Taiwán,2,1,FIFA World Cup qualification
2181,1993,Omán,Irán,0,1,FIFA World Cup qualification
2182,1993,Siria,Taiwán,8,1,FIFA World Cup qualification
2183,1993,Nigeria,Argelia,4,1,FIFA World Cup qualification
2184,1993,Taiwán,Irán,0,6,FIFA World Cup qualification
2185,1993,Siria,Omán,2,1,FIFA World Cup qualification
2186,1993,Zambia,Marruecos,2,1,FIFA World Cup qualification
2187,1993,Zimbabue,Camerún,1,0,FIFA World Cup qualification
2188,1993,Siria,Irán,1,1,FIFA World Cup qualification
2189,1993,Taiwán,Omán,1,7,FIFA World Cup qualification
2190,1993,Senegal,Marruecos,1,3,FIFA World Cup qualification
2191,1993,Ecuador,Brasil,0,0,FIFA World Cup qualification
2192,1993,Guinea,Camerún,0,1,FIFA World Cup qualification
2193,1993,Costa de Marfil,Argelia,1,0,FIFA World Cup qualification
2194,1993,Venezuela,Bolivia,1,7,FIFA World Cup qualification
2195,1993,Bolivia,Brasil,2,0,FIFA World Cup qualification
2196,1993,Venezuela,Uruguay,0,1,FIFA World Cup qualification
2197,1993,Canadá,Australia,2,1,FIFA World Cup qualification
2198,1993,Colombia,Paraguay,0,0,FIFA World Cup qualification
2199,1993,Perú,Argentina,0,1,FIFA World Cup qualification
2200,1993,Uruguay,Ecuador,0,0,FIFA World Cup qualification
2201,1993,Venezuela,Brasil,1,5,FIFA World Cup qualification
2202,1993,Senegal,Zambia,0,0,FIFA World Cup qualification
2203,1993,Bolivia,Uruguay,3,1,FIFA World Cup qualification
2204,1993,Ecuador,Venezuela,5,0,FIFA World Cup qualification
2205,1993,Paraguay,Argentina,1,3,FIFA World Cup qualification
2206,1993,Perú,Colombia,0,1,FIFA World Cup qualification
2207,1993,Paraguay,Perú,2,1,FIFA World Cup qualification
2208,1993,Australia,Canadá,2,1,FIFA World Cup qualification
2209,1993,Bolivia,Ecuador,1,0,FIFA World Cup qualification
2210,1993,Colombia,Argentina,2,1,FIFA World Cup qualification
2211,1993,Uruguay,Brasil,1,1,FIFA World Cup qualification
2212,1993,Argentina,Perú,2,1,FIFA World Cup qualification
2213,1993,Bolivia,Venezuela,7,0,FIFA World Cup qualification
2214,1993,Brasil,Ecuador,2,0,FIFA World Cup qualification
2215,1993,Paraguay,Colombia,1,1,FIFA World Cup qualification
2216,1993,Suecia,Francia,1,1,FIFA World Cup qualification
2217,1993,Austria,Finlandia,3,0,FIFA World Cup qualification
2218,1993,Dinamarca,Lituania,4,0,FIFA World Cup qualification
2219,1993,Argentina,Paraguay,0,0,FIFA World Cup qualification
2220,1993,Brasil,Bolivia,6,0,FIFA World Cup qualification
2221,1993,Colombia,Perú,4,0,FIFA World Cup qualification
2222,1993,Uruguay,Venezuela,4,0,FIFA World Cup qualification
2223,1993,Argentina,Colombia,0,5,FIFA World Cup qualification
2224,1993,Brasil,Venezuela,4,0,FIFA World Cup qualification
2225,1993,Ecuador,Uruguay,0,1,FIFA World Cup qualification
2226,1993,Estonia,Portugal,0,2,FIFA World Cup qualification
2227,1993,Perú,Paraguay,2,2,FIFA World Cup qualification
2228,1993,Albania,Dinamarca,0,1,FIFA World Cup qualification
2229,1993,Bulgaria,Suecia,1,1,FIFA World Cup qualification
2230,1993,Inglaterra,Polonia,3,0,FIFA World Cup qualification
2231,1993,Islas Feroe,Rumania,0,4,FIFA World Cup qualification
2232,1993,Finlandia,Francia,0,2,FIFA World Cup qualification
2233,1993,Hungría,Rusia,1,3,FIFA World Cup qualification
2234,1993,Islandia,Luxemburgo,1,0,FIFA World Cup qualification
2235,1993,Irlanda,Lituania,2,0,FIFA World Cup qualification
2236,1993,Irlanda del Norte,Letonia,2,0,FIFA World Cup qualification
2237,1993,Escocia,Suiza,1,1,FIFA World Cup qualification
2238,1993,Gales,República Checa,2,2,FIFA World Cup qualification
2239,1993,Uruguay,Bolivia,2,1,FIFA World Cup qualification
2240,1993,Venezuela,Ecuador,2,1,FIFA World Cup qualification
2241,1993,Brasil,Uruguay,2,0,FIFA World Cup qualification
2242,1993,Ecuador,Bolivia,1,1,FIFA World Cup qualification
2243,1993,Albania,España,1,5,FIFA World Cup qualification
2244,1993,Estonia,Italia,0,3,FIFA World Cup qualification
2245,1993,Noruega,Polonia,1,0,FIFA World Cup qualification
2246,1993,San Marino,Países Bajos,0,7,FIFA World Cup qualification
2247,1993,Nigeria,Costa de Marfil,4,1,FIFA World Cup qualification
2248,1993,Zambia,Senegal,4,0,FIFA World Cup qualification
2249,1993,Zimbabue,Guinea,1,0,FIFA World Cup qualification
2250,1993,Argelia,Nigeria,1,1,FIFA World Cup qualification
2251,1993,Camerún,Zimbabue,3,1,FIFA World Cup qualification
2252,1993,Marruecos,Zambia,1,0,FIFA World Cup qualification
2253,1993,Luxemburgo,Grecia,1,3,FIFA World Cup qualification
2254,1993,Bulgaria,Austria,4,1,FIFA World Cup qualification
2255,1993,Dinamarca,Irlanda del Norte,1,0,FIFA World Cup qualification
2256,1993,Francia,Israel,2,3,FIFA World Cup qualification
2257,1993,Irlanda,España,1,3,FIFA World Cup qualification
2258,1993,Italia,Escocia,3,1,FIFA World Cup qualification
2259,1993,Países Bajos,Inglaterra,2,0,FIFA World Cup qualification
2260,1993,Polonia,Noruega,0,3,FIFA World Cup qualification
2261,1993,Portugal,Suiza,1,0,FIFA World Cup qualification
2262,1993,Rumania,Bélgica,2,1,FIFA World Cup qualification
2263,1993,Suecia,Finlandia,3,2,FIFA World Cup qualification
2264,1993,Gales,Chipre,2,0,FIFA World Cup qualification
2265,1993,Corea del Norte,Irak,3,2,FIFA World Cup qualification
2266,1993,Arabia Saudita,Japón,0,0,FIFA World Cup qualification
2267,1993,Irán,Corea del Sur,0,3,FIFA World Cup qualification
2268,1993,Japón,Irán,1,2,FIFA World Cup qualification
2269,1993,Corea del Norte,Arabia Saudita,1,2,FIFA World Cup qualification
2270,1993,Irak,Corea del Sur,2,2,FIFA World Cup qualification
2271,1993,Corea del Norte,Japón,0,3,FIFA World Cup qualification
2272,1993,Irán,Irak,1,2,FIFA World Cup qualification
2273,1993,Corea del Sur,Arabia Saudita,1,1,FIFA World Cup qualification
2274,1993,Irak,Arabia Saudita,1,1,FIFA World Cup qualification
2275,1993,Irán,Corea del Norte,2,1,FIFA World Cup qualification
2276,1993,Japón,Corea del Sur,1,0,FIFA World Cup qualification
2277,1993,República Checa,Chipre,3,0,FIFA World Cup qualification
2278,1993,Hungría,Luxemburgo,1,0,FIFA World Cup qualification
2279,1993,Israel,Austria,1,1,FIFA World Cup qualification
2280,1993,Turquía,Polonia,2,1,FIFA World Cup qualification
2281,1993,Irak,Japón,2,2,FIFA World Cup qualification
2282,1993,Corea del Sur,Corea del Norte,3,0,FIFA World Cup qualification
2283,1993,Arabia Saudita,Irán,4,3,FIFA World Cup qualification
2284,1993,Australia,Argentina,1,1,FIFA World Cup qualification
2285,1993,Austria,Suecia,1,1,FIFA World Cup qualification
2286,1993,Israel,Finlandia,1,3,FIFA World Cup qualification
2287,1993,Portugal,Estonia,3,0,FIFA World Cup qualification
2288,1993,Turquía,Noruega,2,1,FIFA World Cup qualification
2289,1993,Argentina,Australia,1,0,FIFA World Cup qualification
2290,1993,Bélgica,República Checa,0,0,FIFA World Cup qualification
2291,1993,Francia,Bulgaria,1,2,FIFA World Cup qualification
2292,1993,Grecia,Rusia,1,0,FIFA World Cup qualification
2293,1993,Italia,Portugal,1,0,FIFA World Cup qualification
2294,1993,Malta,Escocia,0,2,FIFA World Cup qualification
2295,1993,Irlanda del Norte,Irlanda,1,1,FIFA World Cup qualification
2296,1993,Polonia,Países Bajos,1,3,FIFA World Cup qualification
2297,1993,San Marino,Inglaterra,1,7,FIFA World Cup qualification
2298,1993,España,Dinamarca,1,0,FIFA World Cup qualification
2299,1993,Suiza,Estonia,4,0,FIFA World Cup qualification
2300,1993,Gales,Rumania,1,2,FIFA World Cup qualification
2301,1996,Dominica,Antigua y Barbuda,3,3,FIFA World Cup qualification
2302,1996,República Dominicana,Aruba,3,2,FIFA World Cup qualification
2303,1996,Guayana,Granada,1,2,FIFA World Cup qualification
2304,1996,Antigua y Barbuda,Dominica,1,3,FIFA World Cup qualification
2305,1996,Aruba,República Dominicana,1,3,FIFA World Cup qualification
2306,1996,Surinam,Jamaica,0,1,FIFA World Cup qualification
2307,1996,Granada,Guayana,6,0,FIFA World Cup qualification
2308,1996,Jamaica,Surinam,1,0,FIFA World Cup qualification
2309,1996,Argentina,Bolivia,3,1,FIFA World Cup qualification
2310,1996,Colombia,Paraguay,1,0,FIFA World Cup qualification
2311,1996,Ecuador,Perú,4,1,FIFA World Cup qualification
2312,1996,Grecia,Eslovenia,2,0,FIFA World Cup qualification
2313,1996,Macedonia del Norte,Liechtenstein,3,0,FIFA World Cup qualification
2314,1996,Serbia,Islas Feroe,3,1,FIFA World Cup qualification
2315,1996,Venezuela,Uruguay,0,2,FIFA World Cup qualification
2316,1996,Puerto Rico,San Vicente y las Granadinas,1,2,FIFA World Cup qualification
2317,1996,República Dominicana,Curazao,2,1,FIFA World Cup qualification
2318,1996,Nicaragua,Guatemala,0,1,FIFA World Cup qualification
2319,1996,San Cristóbal y Nieves,Santa Lucía,5,1,FIFA World Cup qualification
2320,1996,Guatemala,Nicaragua,2,1,FIFA World Cup qualification
2321,1996,Curazao,República Dominicana,0,0,FIFA World Cup qualification
2322,1996,San Vicente y las Granadinas,Puerto Rico,7,0,FIFA World Cup qualification
2323,1996,Islas Caimán,Cuba,0,1,FIFA World Cup qualification
2324,1996,Haití,Granada,6,1,FIFA World Cup qualification
2325,1996,Islas Caimán,Cuba,0,5,FIFA World Cup qualification
2326,1996,Dominica,Barbados,0,1,FIFA World Cup qualification
2327,1996,Granada,Haití,0,1,FIFA World Cup qualification
2328,1996,Barbados,Dominica,1,0,FIFA World Cup qualification
2329,1996,Santa Lucía,San Cristóbal y Nieves,0,1,FIFA World Cup qualification
2330,1996,Mauritania,Burkina Faso,0,0,FIFA World Cup qualification
2331,1996,Gambia,Liberia,2,1,FIFA World Cup qualification
2332,1996,Guinea-Bissau,Guinea,3,2,FIFA World Cup qualification
2333,1996,Islandia,Macedonia del Norte,1,1,FIFA World Cup qualification
2334,1996,Malaui,Sudáfrica,0,1,FIFA World Cup qualification
2335,1996,Namibia,Mozambique,2,0,FIFA World Cup qualification
2336,1996,Sudán,Zambia,2,0,FIFA World Cup qualification
2337,1996,Suecia,Bielorrusia,5,1,FIFA World Cup qualification
2338,1996,Uganda,Angola,0,2,FIFA World Cup qualification
2339,1996,Belice,Panamá,1,2,FIFA World Cup qualification
2340,1996,Burundi,Sierra Leona,1,0,FIFA World Cup qualification
2341,1996,Congo,Costa de Marfil,2,0,FIFA World Cup qualification
2342,1996,Ecuador,Argentina,2,0,FIFA World Cup qualification
2343,1996,Kenia,Argelia,3,1,FIFA World Cup qualification
2344,1996,Madagascar,Zimbabue,1,2,FIFA World Cup qualification
2345,1996,Mauricio,República Democrática del Congo,1,5,FIFA World Cup qualification
2346,1996,Noruega,Azerbaiyán,5,0,FIFA World Cup qualification
2347,1996,Perú,Colombia,1,1,FIFA World Cup qualification
2348,1996,Ruanda,Túnez,1,3,FIFA World Cup qualification
2349,1996,San Marino,Gales,0,5,FIFA World Cup qualification
2350,1996,Serbia,Malta,6,0,FIFA World Cup qualification
2351,1996,Eswatini,Gabón,0,1,FIFA World Cup qualification
2352,1996,Togo,Senegal,2,1,FIFA World Cup qualification
2353,1996,Uruguay,Paraguay,0,2,FIFA World Cup qualification
2354,1996,Venezuela,Chile,1,1,FIFA World Cup qualification
2355,1996,Tanzania,Ghana,0,0,FIFA World Cup qualification
2356,1996,Panamá,Belice,4,1,FIFA World Cup qualification
2357,1996,Argelia,Kenia,1,0,FIFA World Cup qualification
2358,1996,República Dominicana,Trinidad y Tobago,1,4,FIFA World Cup qualification
2359,1996,Sudáfrica,Malaui,3,0,FIFA World Cup qualification
2360,1996,Senegal,Togo,1,1,FIFA World Cup qualification
2361,1996,Angola,Uganda,3,1,FIFA World Cup qualification
2362,1996,Burkina Faso,Mauritania,2,0,FIFA World Cup qualification
2363,1996,República Democrática del Congo,Mauricio,2,0,FIFA World Cup qualification
2364,1996,Gabón,Eswatini,2,0,FIFA World Cup qualification
2365,1996,Guinea,Guinea-Bissau,3,1,FIFA World Cup qualification
2366,1996,Costa de Marfil,Congo,1,1,FIFA World Cup qualification
2367,1996,Mozambique,Namibia,1,1,FIFA World Cup qualification
2368,1996,Sierra Leona,Burundi,0,1,FIFA World Cup qualification
2369,1996,Túnez,Ruanda,2,0,FIFA World Cup qualification
2370,1996,Zambia,Sudán,3,0,FIFA World Cup qualification
2371,1996,Zimbabue,Madagascar,2,2,FIFA World Cup qualification
2372,1996,Ghana,Tanzania,2,1,FIFA World Cup qualification
2373,1996,Cuba,Haití,6,1,FIFA World Cup qualification
2374,1996,Barbados,Jamaica,0,1,FIFA World Cup qualification
2375,1996,Liberia,Gambia,4,0,FIFA World Cup qualification
2376,1996,San Cristóbal y Nieves,San Vicente y las Granadinas,2,2,FIFA World Cup qualification
2377,1996,Trinidad y Tobago,República Dominicana,8,0,FIFA World Cup qualification
2378,1996,Haití,Cuba,1,1,FIFA World Cup qualification
2379,1996,Jamaica,Barbados,2,0,FIFA World Cup qualification
2380,1996,San Vicente y las Granadinas,San Cristóbal y Nieves,0,0,FIFA World Cup qualification
2381,1996,Chile,Ecuador,4,1,FIFA World Cup qualification
2382,1996,Bolivia,Venezuela,6,1,FIFA World Cup qualification
2383,1996,Colombia,Uruguay,3,1,FIFA World Cup qualification
2384,1996,Perú,Argentina,0,0,FIFA World Cup qualification
2385,1996,Canadá,Panamá,3,1,FIFA World Cup qualification
2386,1996,Armenia,Portugal,0,0,FIFA World Cup qualification
2387,1996,Austria,Escocia,0,0,FIFA World Cup qualification
2388,1996,Azerbaiyán,Suiza,1,0,FIFA World Cup qualification
2389,1996,Bielorrusia,Estonia,1,0,FIFA World Cup qualification
2390,1996,Bélgica,Turquía,2,1,FIFA World Cup qualification
2391,1996,Islas Feroe,Eslovaquia,1,2,FIFA World Cup qualification
2392,1996,Liechtenstein,Irlanda,0,5,FIFA World Cup qualification
2393,1996,Irlanda del Norte,Ucrania,0,1,FIFA World Cup qualification
2394,1996,Rumania,Lituania,3,0,FIFA World Cup qualification
2395,1996,Gales,San Marino,6,0,FIFA World Cup qualification
2396,1996,Argentina,Paraguay,1,1,FIFA World Cup qualification
2397,1996,Bolivia,Perú,0,0,FIFA World Cup qualification
2398,1996,Colombia,Chile,4,1,FIFA World Cup qualification
2399,1996,Ecuador,Venezuela,1,0,FIFA World Cup qualification
2400,1996,Grecia,Bosnia y Herzegovina,3,0,FIFA World Cup qualification
2401,1996,Hungría,Finlandia,1,0,FIFA World Cup qualification
2402,1996,Israel,Bulgaria,2,1,FIFA World Cup qualification
2403,1996,Letonia,Suecia,1,2,FIFA World Cup qualification
2404,1996,Moldavia,Inglaterra,0,3,FIFA World Cup qualification
2405,1996,Rusia,Chipre,4,0,FIFA World Cup qualification
2406,1996,Eslovenia,Dinamarca,0,2,FIFA World Cup qualification
2407,1996,Trinidad y Tobago,Costa Rica,0,1,FIFA World Cup qualification
2408,1996,Islas Feroe,España,2,6,FIFA World Cup qualification
2409,1996,El Salvador,Cuba,5,0,FIFA World Cup qualification
2410,1996,San Vicente y las Granadinas,México,0,3,FIFA World Cup qualification
2411,1996,Jamaica,Honduras,3,0,FIFA World Cup qualification
2412,1996,Papúa Nueva Guinea,Islas Salomón,1,1,FIFA World Cup qualification
2413,1996,República Checa,Malta,6,0,FIFA World Cup qualification
2414,1996,Islas Salomón,Vanuatu,1,1,FIFA World Cup qualification
2415,1996,Papúa Nueva Guinea,Vanuatu,2,1,FIFA World Cup qualification
2416,1996,Catar,Sri Lanka,3,0,FIFA World Cup qualification
2417,1996,Honduras,México,2,1,FIFA World Cup qualification
2418,1996,India,Filipinas,2,0,FIFA World Cup qualification
2419,1996,Panamá,Cuba,1,3,FIFA World Cup qualification
2420,1996,Eslovaquia,Malta,6,0,FIFA World Cup qualification
2421,1996,San Vicente y las Granadinas,Jamaica,1,2,FIFA World Cup qualification
2422,1996,Catar,Filipinas,5,0,FIFA World Cup qualification
2423,1996,Sri Lanka,India,1,1,FIFA World Cup qualification
2424,1996,Filipinas,Sri Lanka,0,3,FIFA World Cup qualification
2425,1996,Catar,India,6,0,FIFA World Cup qualification
2426,1996,Estonia,Bielorrusia,1,0,FIFA World Cup qualification
2427,1996,Letonia,Escocia,0,2,FIFA World Cup qualification
2428,1996,Lituania,Islandia,2,0,FIFA World Cup qualification
2429,1996,Moldavia,Italia,1,3,FIFA World Cup qualification
2430,1996,Irlanda del Norte,Armenia,1,1,FIFA World Cup qualification
2431,1996,Ucrania,Portugal,2,1,FIFA World Cup qualification
2432,1996,Gales,Países Bajos,1,3,FIFA World Cup qualification
2433,1996,Islas Feroe,Serbia,1,8,FIFA World Cup qualification
2434,1996,Finlandia,Suiza,2,3,FIFA World Cup qualification
2435,1996,Panamá,El Salvador,1,1,FIFA World Cup qualification
2436,1996,Trinidad y Tobago,Guatemala,1,1,FIFA World Cup qualification
2437,1996,Bosnia y Herzegovina,Croacia,1,4,FIFA World Cup qualification
2438,1996,Luxemburgo,Bulgaria,1,2,FIFA World Cup qualification
2439,1996,Uruguay,Bolivia,1,0,FIFA World Cup qualification
2440,1996,Albania,Portugal,0,3,FIFA World Cup qualification
2441,1996,Armenia,Alemania,1,5,FIFA World Cup qualification
2442,1996,Bielorrusia,Letonia,1,1,FIFA World Cup qualification
2443,1996,República Checa,España,0,0,FIFA World Cup qualification
2444,1996,Dinamarca,Grecia,2,1,FIFA World Cup qualification
2445,1996,Ecuador,Colombia,0,1,FIFA World Cup qualification
2446,1996,Inglaterra,Polonia,2,1,FIFA World Cup qualification
2447,1996,Islandia,Rumania,0,4,FIFA World Cup qualification
2448,1996,Irlanda,Macedonia del Norte,3,0,FIFA World Cup qualification
2449,1996,Israel,Rusia,1,1,FIFA World Cup qualification
2450,1996,Italia,Georgia,1,0,FIFA World Cup qualification
2451,1996,Lituania,Liechtenstein,2,1,FIFA World Cup qualification
2452,1996,Noruega,Hungría,3,0,FIFA World Cup qualification
2453,1996,Paraguay,Chile,2,1,FIFA World Cup qualification
2454,1996,San Marino,Bélgica,0,3,FIFA World Cup qualification
2455,1996,Suecia,Austria,0,1,FIFA World Cup qualification
2456,1996,Venezuela,Argentina,2,5,FIFA World Cup qualification
2457,1996,Canadá,Cuba,2,0,FIFA World Cup qualification
2458,1996,San Vicente y las Granadinas,Honduras,1,4,FIFA World Cup qualification
2459,1996,Canadá,Cuba,2,0,FIFA World Cup qualification
2460,1996,México,Jamaica,2,1,FIFA World Cup qualification
2461,1996,Eslovaquia,Islas Feroe,3,0,FIFA World Cup qualification
2462,1996,Honduras,Jamaica,0,0,FIFA World Cup qualification
2463,1996,Panamá,Canadá,0,0,FIFA World Cup qualification
2464,1996,México,San Vicente y las Granadinas,5,1,FIFA World Cup qualification
2465,1996,Canadá,El Salvador,1,0,FIFA World Cup qualification
2466,1996,Estados Unidos,Guatemala,2,0,FIFA World Cup qualification
2467,1996,México,Honduras,3,1,FIFA World Cup qualification
2468,1996,Egipto,Namibia,7,1,FIFA World Cup qualification
2469,1996,Albania,Armenia,1,1,FIFA World Cup qualification
2470,1996,Austria,Letonia,2,1,FIFA World Cup qualification
2471,1996,Georgia,Inglaterra,0,2,FIFA World Cup qualification
2472,1996,Alemania,Irlanda del Norte,1,1,FIFA World Cup qualification
2473,1996,Liechtenstein,Macedonia del Norte,1,11,FIFA World Cup qualification
2474,1996,Marruecos,Sierra Leona,4,0,FIFA World Cup qualification
2475,1996,Países Bajos,Gales,7,1,FIFA World Cup qualification
2476,1996,Nigeria,Burkina Faso,2,0,FIFA World Cup qualification
2477,1996,Portugal,Ucrania,1,0,FIFA World Cup qualification
2478,1996,Sudáfrica,República Democrática del Congo,1,0,FIFA World Cup qualification
2479,1996,Costa Rica,Guatemala,3,0,FIFA World Cup qualification
2480,1996,Jamaica,San Vicente y las Granadinas,5,0,FIFA World Cup qualification
2481,1996,Angola,Zimbabue,2,1,FIFA World Cup qualification
2482,1996,Azerbaiyán,Hungría,0,3,FIFA World Cup qualification
2483,1996,Bolivia,Colombia,2,2,FIFA World Cup qualification
2484,1996,Congo,Zambia,1,0,FIFA World Cup qualification
2485,1996,Croacia,Grecia,1,1,FIFA World Cup qualification
2486,1996,Chipre,Israel,2,0,FIFA World Cup qualification
2487,1996,El Salvador,Panamá,3,2,FIFA World Cup qualification
2488,1996,Gabón,Ghana,1,1,FIFA World Cup qualification
2489,1996,Guinea,Kenia,3,1,FIFA World Cup qualification
2490,1996,Irlanda,Islandia,0,0,FIFA World Cup qualification
2491,1996,Liberia,Túnez,0,1,FIFA World Cup qualification
2492,1996,Luxemburgo,Rusia,0,4,FIFA World Cup qualification
2493,1996,Paraguay,Ecuador,1,0,FIFA World Cup qualification
2494,1996,Perú,Venezuela,4,1,FIFA World Cup qualification
2495,1996,Polonia,Moldavia,2,1,FIFA World Cup qualification
2496,1996,Escocia,Suecia,1,0,FIFA World Cup qualification
2497,1996,Serbia,República Checa,1,0,FIFA World Cup qualification
2498,1996,Eslovenia,Bosnia y Herzegovina,1,2,FIFA World Cup qualification
2499,1996,Suiza,Noruega,0,1,FIFA World Cup qualification
2500,1996,Togo,Camerún,2,4,FIFA World Cup qualification
2501,1996,Turquía,San Marino,7,0,FIFA World Cup qualification
2502,1996,Estados Unidos,Trinidad y Tobago,2,0,FIFA World Cup qualification
2503,1996,Tonga,Islas Cook,2,0,FIFA World Cup qualification
2504,1996,Chile,Uruguay,1,0,FIFA World Cup qualification
2505,1996,Samoa,Islas Cook,2,1,FIFA World Cup qualification
2506,1996,España,Eslovaquia,4,1,FIFA World Cup qualification
2507,1996,Tonga,Samoa,1,0,FIFA World Cup qualification
2508,1996,Honduras,San Vicente y las Granadinas,11,3,FIFA World Cup qualification
2509,1996,Jamaica,México,1,0,FIFA World Cup qualification
2510,1996,Guatemala,Costa Rica,1,0,FIFA World Cup qualification
2511,1996,Trinidad y Tobago,Estados Unidos,0,1,FIFA World Cup qualification
2512,1996,Costa Rica,Estados Unidos,2,1,FIFA World Cup qualification
2513,1996,El Salvador,Cuba,3,0,FIFA World Cup qualification
2514,1996,Guatemala,Trinidad y Tobago,2,1,FIFA World Cup qualification
2515,1996,Bélgica,Países Bajos,0,3,FIFA World Cup qualification
2516,1996,Chipre,Bulgaria,1,3,FIFA World Cup qualification
2517,1996,Macedonia del Norte,Rumania,0,3,FIFA World Cup qualification
2518,1996,Irlanda del Norte,Albania,2,0,FIFA World Cup qualification
2519,1996,Portugal,Alemania,0,0,FIFA World Cup qualification
2520,1996,España,Serbia,2,0,FIFA World Cup qualification
2521,1996,Estados Unidos,Costa Rica,2,1,FIFA World Cup qualification
2522,1996,Gales,Turquía,0,0,FIFA World Cup qualification
2523,1996,Argentina,Chile,1,1,FIFA World Cup qualification
2524,1996,Bolivia,Paraguay,0,0,FIFA World Cup qualification
2525,1996,El Salvador,Canadá,0,2,FIFA World Cup qualification
2526,1996,Israel,Luxemburgo,1,0,FIFA World Cup qualification
2527,1996,Panamá,Cuba,3,1,FIFA World Cup qualification
2528,1996,Uruguay,Perú,2,0,FIFA World Cup qualification
2529,1996,Venezuela,Colombia,0,2,FIFA World Cup qualification
2530,1996,Malta,España,0,3,FIFA World Cup qualification
2531,1996,Costa Rica,Trinidad y Tobago,2,1,FIFA World Cup qualification
2532,1996,Guatemala,Estados Unidos,2,2,FIFA World Cup qualification
2533,1997,Namibia,Liberia,0,0,FIFA World Cup qualification
2534,1997,Sierra Leona,Gabón,1,0,FIFA World Cup qualification
2535,1997,Zambia,Sudáfrica,0,0,FIFA World Cup qualification
2536,1997,Bolivia,Ecuador,2,0,FIFA World Cup qualification
2537,1997,Burkina Faso,Guinea,0,2,FIFA World Cup qualification
2538,1997,Camerún,Angola,0,0,FIFA World Cup qualification
2539,1997,República Democrática del Congo,Congo,1,1,FIFA World Cup qualification
2540,1997,Ghana,Marruecos,2,2,FIFA World Cup qualification
2541,1997,Kenia,Nigeria,1,1,FIFA World Cup qualification
2542,1997,Perú,Chile,2,1,FIFA World Cup qualification
2543,1997,Túnez,Egipto,1,0,FIFA World Cup qualification
2544,1997,Uruguay,Argentina,0,0,FIFA World Cup qualification
2545,1997,Venezuela,Paraguay,0,2,FIFA World Cup qualification
2546,1997,Zimbabue,Togo,3,0,FIFA World Cup qualification
2547,1997,Ecuador,Uruguay,4,0,FIFA World Cup qualification
2548,1997,Estonia,Escocia,0,0,FIFA World Cup qualification
2549,1997,Bolivia,Chile,1,1,FIFA World Cup qualification
2550,1997,Colombia,Argentina,0,1,FIFA World Cup qualification
2551,1997,Inglaterra,Italia,0,1,FIFA World Cup qualification
2552,1997,Paraguay,Perú,2,1,FIFA World Cup qualification
2553,1997,España,Malta,4,0,FIFA World Cup qualification
2554,1997,Tonga,Islas Salomón,0,4,FIFA World Cup qualification
2555,1997,Hong Kong,Corea del Sur,0,2,FIFA World Cup qualification
2556,1997,Islas Salomón,Tonga,9,0,FIFA World Cup qualification
2557,1997,Jamaica,Estados Unidos,0,0,FIFA World Cup qualification
2558,1997,México,Canadá,4,0,FIFA World Cup qualification
2559,1997,Tailandia,Corea del Sur,1,3,FIFA World Cup qualification
2560,1997,Tailandia,Hong Kong,2,0,FIFA World Cup qualification
2561,1997,Taiwán,Arabia Saudita,0,2,FIFA World Cup qualification
2562,1997,Costa Rica,México,0,0,FIFA World Cup qualification
2563,1997,Malasia,Bangladesh,2,0,FIFA World Cup qualification
2564,1997,Estados Unidos,Canadá,3,0,FIFA World Cup qualification
2565,1997,Bangladesh,Taiwán,1,3,FIFA World Cup qualification
2566,1997,Malasia,Arabia Saudita,0,0,FIFA World Cup qualification
2567,1997,Bangladesh,Arabia Saudita,1,4,FIFA World Cup qualification
2568,1997,Malasia,Taiwán,2,0,FIFA World Cup qualification
2569,1997,Costa Rica,Estados Unidos,3,2,FIFA World Cup qualification
2570,1997,Nepal,Macao,1,1,FIFA World Cup qualification
2571,1997,Omán,Japón,0,1,FIFA World Cup qualification
2572,1997,Macao,Japón,0,10,FIFA World Cup qualification
2573,1997,Omán,Nepal,1,0,FIFA World Cup qualification
2574,1997,Nepal,Japón,0,6,FIFA World Cup qualification
2575,1997,Omán,Macao,4,0,FIFA World Cup qualification
2576,1997,Arabia Saudita,Bangladesh,3,0,FIFA World Cup qualification
2577,1997,Taiwán,Bangladesh,1,2,FIFA World Cup qualification
2578,1997,Albania,Ucrania,0,1,FIFA World Cup qualification
2579,1997,Croacia,Dinamarca,1,1,FIFA World Cup qualification
2580,1997,Chipre,Rusia,1,1,FIFA World Cup qualification
2581,1997,Italia,Moldavia,3,0,FIFA World Cup qualification
2582,1997,Países Bajos,San Marino,4,0,FIFA World Cup qualification
2583,1997,Irlanda del Norte,Portugal,0,0,FIFA World Cup qualification
2584,1997,Rumania,Liechtenstein,8,0,FIFA World Cup qualification
2585,1997,Arabia Saudita,Malasia,3,0,FIFA World Cup qualification
2586,1997,Escocia,Estonia,2,0,FIFA World Cup qualification
2587,1997,Gales,Bélgica,1,2,FIFA World Cup qualification
2588,1997,Hong Kong,Tailandia,3,2,FIFA World Cup qualification
2589,1997,Bangladesh,Malasia,0,1,FIFA World Cup qualification
2590,1997,Luxemburgo,Israel,0,3,FIFA World Cup qualification
2591,1997,Malta,Eslovaquia,0,2,FIFA World Cup qualification
2592,1997,Arabia Saudita,Taiwán,6,0,FIFA World Cup qualification
2593,1997,Albania,Alemania,2,3,FIFA World Cup qualification
2594,1997,Azerbaiyán,Finlandia,1,2,FIFA World Cup qualification
2595,1997,Bolivia,Argentina,2,1,FIFA World Cup qualification
2596,1997,Bosnia y Herzegovina,Grecia,0,1,FIFA World Cup qualification
2597,1997,Bulgaria,Chipre,4,1,FIFA World Cup qualification
2598,1997,Croacia,Eslovenia,3,3,FIFA World Cup qualification
2599,1997,República Checa,Serbia,1,2,FIFA World Cup qualification
2600,1997,Lituania,Rumania,0,1,FIFA World Cup qualification
2601,1997,Macedonia del Norte,Irlanda,3,2,FIFA World Cup qualification
2602,1997,Paraguay,Colombia,2,1,FIFA World Cup qualification
2603,1997,Perú,Ecuador,1,1,FIFA World Cup qualification
2604,1997,Polonia,Italia,0,0,FIFA World Cup qualification
2605,1997,Escocia,Austria,2,0,FIFA World Cup qualification
2606,1997,Turquía,Países Bajos,1,0,FIFA World Cup qualification
2607,1997,Ucrania,Irlanda del Norte,2,1,FIFA World Cup qualification
2608,1997,Uruguay,Venezuela,3,1,FIFA World Cup qualification
2609,1997,Nigeria,Guinea,2,1,FIFA World Cup qualification
2610,1997,Sierra Leona,Ghana,1,1,FIFA World Cup qualification
2611,1997,Angola,Togo,3,1,FIFA World Cup qualification
2612,1997,Camerún,Zimbabue,1,0,FIFA World Cup qualification
2613,1997,Canadá,El Salvador,0,0,FIFA World Cup qualification
2614,1997,Congo,Sudáfrica,2,0,FIFA World Cup qualification
2615,1997,Gabón,Marruecos,0,4,FIFA World Cup qualification
2616,1997,Indonesia,Camboya,8,0,FIFA World Cup qualification
2617,1997,Kenia,Burkina Faso,4,3,FIFA World Cup qualification
2618,1997,Liberia,Egipto,1,0,FIFA World Cup qualification
2619,1997,Namibia,Túnez,1,2,FIFA World Cup qualification
2620,1997,Jordania,Emiratos Árabes Unidos,0,0,FIFA World Cup qualification
2621,1997,República Democrática del Congo,Zambia,2,2,FIFA World Cup qualification
2622,1997,Baréin,Emiratos Árabes Unidos,1,2,FIFA World Cup qualification
2623,1997,Indonesia,Yemen,0,0,FIFA World Cup qualification
2624,1997,Líbano,Singapur,1,1,FIFA World Cup qualification
2625,1997,México,Jamaica,6,0,FIFA World Cup qualification
2626,1997,Baréin,Jordania,1,0,FIFA World Cup qualification
2627,1997,Jordania,Baréin,4,1,FIFA World Cup qualification
2628,1997,Camboya,Yemen,0,1,FIFA World Cup qualification
2629,1997,Estados Unidos,México,2,2,FIFA World Cup qualification
2630,1997,Emiratos Árabes Unidos,Baréin,3,0,FIFA World Cup qualification
2631,1997,Namibia,Egipto,2,3,FIFA World Cup qualification
2632,1997,Sierra Leona,Marruecos,0,1,FIFA World Cup qualification
2633,1997,Singapur,Kuwait,0,1,FIFA World Cup qualification
2634,1997,Emiratos Árabes Unidos,Jordania,2,0,FIFA World Cup qualification
2635,1997,Burkina Faso,Nigeria,1,2,FIFA World Cup qualification
2636,1997,Camboya,Indonesia,1,1,FIFA World Cup qualification
2637,1997,Camerún,Togo,2,0,FIFA World Cup qualification
2638,1997,Canadá,Jamaica,0,0,FIFA World Cup qualification
2639,1997,República Democrática del Congo,Sudáfrica,1,2,FIFA World Cup qualification
2640,1997,Ghana,Gabón,3,0,FIFA World Cup qualification
2641,1997,Kenia,Guinea,1,0,FIFA World Cup qualification
2642,1997,Túnez,Liberia,2,0,FIFA World Cup qualification
2643,1997,Zambia,Congo,3,0,FIFA World Cup qualification
2644,1997,Zimbabue,Angola,0,0,FIFA World Cup qualification
2645,1997,Chile,Venezuela,6,0,FIFA World Cup qualification
2646,1997,Argentina,Ecuador,2,1,FIFA World Cup qualification
2647,1997,Armenia,Irlanda del Norte,0,0,FIFA World Cup qualification
2648,1997,Austria,Estonia,2,0,FIFA World Cup qualification
2649,1997,Colombia,Perú,0,1,FIFA World Cup qualification
2650,1997,Dinamarca,Eslovenia,4,0,FIFA World Cup qualification
2651,1997,Inglaterra,Georgia,2,0,FIFA World Cup qualification
2652,1997,Alemania,Ucrania,2,0,FIFA World Cup qualification
2653,1997,Grecia,Croacia,0,1,FIFA World Cup qualification
2654,1997,Israel,Chipre,2,0,FIFA World Cup qualification
2655,1997,Italia,Polonia,3,0,FIFA World Cup qualification
2656,1997,Letonia,Bielorrusia,2,0,FIFA World Cup qualification
2657,1997,Liechtenstein,Lituania,0,2,FIFA World Cup qualification
2658,1997,Malta,Islas Feroe,1,2,FIFA World Cup qualification
2659,1997,Noruega,Finlandia,1,1,FIFA World Cup qualification
2660,1997,Paraguay,Uruguay,3,1,FIFA World Cup qualification
2661,1997,Rumania,Irlanda,1,0,FIFA World Cup qualification
2662,1997,Rusia,Luxemburgo,3,0,FIFA World Cup qualification
2663,1997,San Marino,Países Bajos,0,6,FIFA World Cup qualification
2664,1997,Serbia,España,1,1,FIFA World Cup qualification
2665,1997,Suecia,Escocia,2,1,FIFA World Cup qualification
2666,1997,Suiza,Hungría,1,0,FIFA World Cup qualification
2667,1997,Turquía,Bélgica,1,3,FIFA World Cup qualification
2668,1997,El Salvador,Costa Rica,2,1,FIFA World Cup qualification
2669,1997,Tayikistán,Vietnam,4,0,FIFA World Cup qualification
2670,1997,Turkmenistán,China,1,4,FIFA World Cup qualification
2671,1997,Ucrania,Armenia,1,1,FIFA World Cup qualification
2672,1997,Kuwait,Líbano,2,0,FIFA World Cup qualification
2673,1997,Yemen,Uzbekistán,0,1,FIFA World Cup qualification
2674,1997,Costa Rica,Jamaica,3,1,FIFA World Cup qualification
2675,1997,Kazajistán,Pakistán,3,0,FIFA World Cup qualification
2676,1997,Tayikistán,China,0,1,FIFA World Cup qualification
2677,1997,Turkmenistán,Vietnam,2,1,FIFA World Cup qualification
2678,1997,Yemen,Camboya,7,0,FIFA World Cup qualification
2679,1997,Estonia,Letonia,1,3,FIFA World Cup qualification
2680,1997,Jamaica,El Salvador,1,0,FIFA World Cup qualification
2681,1997,Irlanda,Liechtenstein,5,0,FIFA World Cup qualification
2682,1997,Pakistán,Irak,2,6,FIFA World Cup qualification
2683,1997,Singapur,Líbano,1,2,FIFA World Cup qualification
2684,1997,Turkmenistán,Tayikistán,1,2,FIFA World Cup qualification
2685,1997,Uzbekistán,Camboya,6,0,FIFA World Cup qualification
2686,1997,Vietnam,China,1,3,FIFA World Cup qualification
2687,1997,Corea del Sur,Hong Kong,4,0,FIFA World Cup qualification
2688,1997,Papúa Nueva Guinea,Nueva Zelanda,1,0,FIFA World Cup qualification
2689,1997,Polonia,Inglaterra,0,2,FIFA World Cup qualification
2690,1997,Canadá,Costa Rica,1,0,FIFA World Cup qualification
2691,1997,China,Turkmenistán,1,0,FIFA World Cup qualification
2692,1997,Indonesia,Uzbekistán,1,1,FIFA World Cup qualification
2693,1997,Corea del Sur,Tailandia,0,0,FIFA World Cup qualification
2694,1997,Vietnam,Tayikistán,0,4,FIFA World Cup qualification
2695,1997,Maldivas,Irán,0,17,FIFA World Cup qualification
2696,1997,Kirguistán,Irán,0,7,FIFA World Cup qualification
2697,1997,Siria,Maldivas,12,0,FIFA World Cup qualification
2698,1997,Kuwait,Singapur,4,0,FIFA World Cup qualification
2699,1997,Irak,Kazajistán,1,2,FIFA World Cup qualification
2700,1997,Kirguistán,Maldivas,3,0,FIFA World Cup qualification
2701,1997,Siria,Irán,0,1,FIFA World Cup qualification
2702,1997,Bélgica,San Marino,6,0,FIFA World Cup qualification
2703,1997,Fiyi,Nueva Zelanda,0,1,FIFA World Cup qualification
2704,1997,Georgia,Moldavia,2,0,FIFA World Cup qualification
2705,1997,Macedonia del Norte,Islandia,1,0,FIFA World Cup qualification
2706,1997,Nigeria,Kenia,3,0,FIFA World Cup qualification
2707,1997,Portugal,Albania,2,0,FIFA World Cup qualification
2708,1997,Ucrania,Alemania,0,0,FIFA World Cup qualification
2709,1997,Marruecos,Ghana,1,0,FIFA World Cup qualification
2710,1997,Angola,Camerún,1,1,FIFA World Cup qualification
2711,1997,Argentina,Perú,2,0,FIFA World Cup qualification
2712,1997,Bielorrusia,Escocia,0,1,FIFA World Cup qualification
2713,1997,Bulgaria,Luxemburgo,4,0,FIFA World Cup qualification
2714,1997,China,Tayikistán,0,0,FIFA World Cup qualification
2715,1997,Congo,República Democrática del Congo,1,0,FIFA World Cup qualification
2716,1997,Dinamarca,Bosnia y Herzegovina,2,0,FIFA World Cup qualification
2717,1997,Ecuador,Chile,1,1,FIFA World Cup qualification
2718,1997,Egipto,Túnez,0,0,FIFA World Cup qualification
2719,1997,El Salvador,México,0,1,FIFA World Cup qualification
2720,1997,Estonia,Suecia,2,3,FIFA World Cup qualification
2721,1997,Islas Feroe,Malta,2,1,FIFA World Cup qualification
2722,1997,Finlandia,Azerbaiyán,3,0,FIFA World Cup qualification
2723,1997,Guinea,Burkina Faso,3,1,FIFA World Cup qualification
2724,1997,Hungría,Noruega,1,1,FIFA World Cup qualification
2725,1997,Letonia,Austria,1,3,FIFA World Cup qualification
2726,1997,Liberia,Namibia,1,2,FIFA World Cup qualification
2727,1997,Rusia,Israel,2,0,FIFA World Cup qualification
2728,1997,Serbia,Eslovaquia,2,0,FIFA World Cup qualification
2729,1997,Sudáfrica,Zambia,3,0,FIFA World Cup qualification
2730,1997,España,República Checa,1,0,FIFA World Cup qualification
2731,1997,Togo,Zimbabue,2,1,FIFA World Cup qualification
2732,1997,Uruguay,Colombia,1,1,FIFA World Cup qualification
2733,1997,Venezuela,Bolivia,1,1,FIFA World Cup qualification
2734,1997,Vietnam,Turkmenistán,0,4,FIFA World Cup qualification
2735,1997,Irán,Kirguistán,3,1,FIFA World Cup qualification
2736,1997,Maldivas,Siria,0,12,FIFA World Cup qualification
2737,1997,Australia,Islas Salomón,13,0,FIFA World Cup qualification
2738,1997,Islandia,Lituania,0,0,FIFA World Cup qualification
2739,1997,Irán,Maldivas,9,0,FIFA World Cup qualification
2740,1997,Kirguistán,Siria,2,1,FIFA World Cup qualification
2741,1997,Nueva Zelanda,Papúa Nueva Guinea,7,0,FIFA World Cup qualification
2742,1997,Pakistán,Kazajistán,0,7,FIFA World Cup qualification
2743,1997,Australia,Tahití,5,0,FIFA World Cup qualification
2744,1997,Irán,Siria,2,2,FIFA World Cup qualification
2745,1997,Maldivas,Kirguistán,0,6,FIFA World Cup qualification
2746,1997,Yemen,Indonesia,1,1,FIFA World Cup qualification
2747,1997,Polonia,Georgia,4,1,FIFA World Cup qualification
2748,1997,Fiyi,Papúa Nueva Guinea,3,1,FIFA World Cup qualification
2749,1997,Islas Salomón,Tahití,4,1,FIFA World Cup qualification
2750,1997,Australia,Islas Salomón,6,2,FIFA World Cup qualification
2751,1997,Nueva Zelanda,Fiyi,5,0,FIFA World Cup qualification
2752,1997,Australia,Tahití,2,0,FIFA World Cup qualification
2753,1997,Irak,Pakistán,6,1,FIFA World Cup qualification
2754,1997,Uzbekistán,Indonesia,3,0,FIFA World Cup qualification
2755,1997,Papúa Nueva Guinea,Fiyi,0,1,FIFA World Cup qualification
2756,1997,Tahití,Islas Salomón,1,1,FIFA World Cup qualification
2757,1997,China,Vietnam,4,0,FIFA World Cup qualification
2758,1997,Japón,Macao,10,0,FIFA World Cup qualification
2759,1997,Líbano,Kuwait,1,3,FIFA World Cup qualification
2760,1997,Nepal,Omán,0,6,FIFA World Cup qualification
2761,1997,Tayikistán,Turkmenistán,5,0,FIFA World Cup qualification
2762,1997,Japón,Nepal,3,0,FIFA World Cup qualification
2763,1997,Macao,Omán,0,2,FIFA World Cup qualification
2764,1997,Japón,Omán,1,1,FIFA World Cup qualification
2765,1997,Macao,Nepal,2,1,FIFA World Cup qualification
2766,1997,Nueva Zelanda,Australia,0,3,FIFA World Cup qualification
2767,1997,Camboya,Uzbekistán,1,4,FIFA World Cup qualification
2768,1997,El Salvador,Estados Unidos,1,1,FIFA World Cup qualification
2769,1997,Kazajistán,Irak,3,1,FIFA World Cup qualification
2770,1997,Chile,Colombia,4,1,FIFA World Cup qualification
2771,1997,Australia,Nueva Zelanda,2,0,FIFA World Cup qualification
2772,1997,Paraguay,Argentina,1,2,FIFA World Cup qualification
2773,1997,Perú,Bolivia,2,1,FIFA World Cup qualification
2774,1997,Venezuela,Ecuador,1,1,FIFA World Cup qualification
2775,1997,Argentina,Venezuela,2,0,FIFA World Cup qualification
2776,1997,Bolivia,Uruguay,1,0,FIFA World Cup qualification
2777,1997,Chile,Paraguay,2,1,FIFA World Cup qualification
2778,1997,Colombia,Ecuador,1,0,FIFA World Cup qualification
2779,1997,Costa Rica,El Salvador,0,0,FIFA World Cup qualification
2780,1997,Guinea,Nigeria,1,0,FIFA World Cup qualification
2781,1997,Burkina Faso,Kenia,2,4,FIFA World Cup qualification
2782,1997,Marruecos,Gabón,2,0,FIFA World Cup qualification
2783,1997,Sudáfrica,Congo,1,0,FIFA World Cup qualification
2784,1997,Zambia,República Democrática del Congo,2,0,FIFA World Cup qualification
2785,1997,Egipto,Liberia,5,0,FIFA World Cup qualification
2786,1997,Ghana,Sierra Leona,0,2,FIFA World Cup qualification
2787,1997,Togo,Angola,1,1,FIFA World Cup qualification
2788,1997,Túnez,Namibia,4,0,FIFA World Cup qualification
2789,1997,Zimbabue,Camerún,1,2,FIFA World Cup qualification
2790,1997,Bielorrusia,Suecia,1,2,FIFA World Cup qualification
2791,1997,Bosnia y Herzegovina,Dinamarca,3,0,FIFA World Cup qualification
2792,1997,Bulgaria,Israel,1,0,FIFA World Cup qualification
2793,1997,Colombia,Bolivia,3,0,FIFA World Cup qualification
2794,1997,República Checa,Islas Feroe,2,0,FIFA World Cup qualification
2795,1997,Ecuador,Paraguay,2,1,FIFA World Cup qualification
2796,1997,Estonia,Austria,0,3,FIFA World Cup qualification
2797,1997,Finlandia,Noruega,0,4,FIFA World Cup qualification
2798,1997,Hungría,Suiza,1,1,FIFA World Cup qualification
2799,1997,Irlanda,Lituania,0,0,FIFA World Cup qualification
2800,1997,Liechtenstein,Islandia,0,4,FIFA World Cup qualification
2801,1997,Irlanda del Norte,Alemania,1,3,FIFA World Cup qualification
2802,1997,Portugal,Armenia,3,1,FIFA World Cup qualification
2803,1997,Rumania,Macedonia del Norte,4,2,FIFA World Cup qualification
2804,1997,Turquía,Gales,6,4,FIFA World Cup qualification
2805,1997,Ucrania,Albania,1,0,FIFA World Cup qualification
2806,1997,Uruguay,Chile,1,0,FIFA World Cup qualification
2807,1997,Venezuela,Perú,0,3,FIFA World Cup qualification
2808,1997,Eslovaquia,República Checa,2,1,FIFA World Cup qualification
2809,1997,Uzbekistán,Yemen,5,1,FIFA World Cup qualification
2810,1997,Armenia,Albania,3,0,FIFA World Cup qualification
2811,1997,Austria,Suecia,1,0,FIFA World Cup qualification
2812,1997,Azerbaiyán,Noruega,0,1,FIFA World Cup qualification
2813,1997,Croacia,Bosnia y Herzegovina,3,2,FIFA World Cup qualification
2814,1997,Islas Feroe,República Checa,0,2,FIFA World Cup qualification
2815,1997,Alemania,Portugal,1,1,FIFA World Cup qualification
2816,1997,Islandia,Irlanda,2,4,FIFA World Cup qualification
2817,1997,Corea del Sur,Kazajistán,3,0,FIFA World Cup qualification
2818,1997,Letonia,Estonia,1,0,FIFA World Cup qualification
2819,1997,Liechtenstein,Rumania,1,8,FIFA World Cup qualification
2820,1997,Lituania,Macedonia del Norte,2,0,FIFA World Cup qualification
2821,1997,Países Bajos,Bélgica,3,1,FIFA World Cup qualification
2822,1997,Eslovenia,Grecia,0,3,FIFA World Cup qualification
2823,1997,Suiza,Finlandia,1,2,FIFA World Cup qualification
2824,1997,Jamaica,Canadá,1,0,FIFA World Cup qualification
2825,1997,Japón,Uzbekistán,6,3,FIFA World Cup qualification
2826,1997,Luxemburgo,Chipre,1,3,FIFA World Cup qualification
2827,1997,Escocia,Bielorrusia,4,1,FIFA World Cup qualification
2828,1997,Estados Unidos,Costa Rica,1,0,FIFA World Cup qualification
2829,1997,Albania,Irlanda del Norte,1,0,FIFA World Cup qualification
2830,1997,Bielorrusia,Austria,0,1,FIFA World Cup qualification
2831,1997,Bosnia y Herzegovina,Eslovenia,1,0,FIFA World Cup qualification
2832,1997,Bulgaria,Rusia,1,0,FIFA World Cup qualification
2833,1997,Chile,Argentina,1,2,FIFA World Cup qualification
2834,1997,Colombia,Venezuela,1,0,FIFA World Cup qualification
2835,1997,Dinamarca,Croacia,3,1,FIFA World Cup qualification
2836,1997,Inglaterra,Moldavia,4,0,FIFA World Cup qualification
2837,1997,Georgia,Italia,0,0,FIFA World Cup qualification
2838,1997,Alemania,Armenia,4,0,FIFA World Cup qualification
2839,1997,Hungría,Azerbaiyán,3,1,FIFA World Cup qualification
2840,1997,Lituania,Irlanda,1,2,FIFA World Cup qualification
2841,1997,Noruega,Suiza,5,0,FIFA World Cup qualification
2842,1997,Paraguay,Bolivia,2,1,FIFA World Cup qualification
2843,1997,Perú,Uruguay,2,1,FIFA World Cup qualification
2844,1997,Rumania,Islandia,4,0,FIFA World Cup qualification
2845,1997,San Marino,Turquía,0,5,FIFA World Cup qualification
2846,1997,Eslovaquia,Serbia,1,1,FIFA World Cup qualification
2847,1997,Suecia,Letonia,1,0,FIFA World Cup qualification
2848,1997,Corea del Sur,Uzbekistán,2,1,FIFA World Cup qualification
2849,1997,Emiratos Árabes Unidos,Kazajistán,4,0,FIFA World Cup qualification
2850,1997,China,Irán,2,4,FIFA World Cup qualification
2851,1997,El Salvador,Canadá,4,1,FIFA World Cup qualification
2852,1997,Jamaica,Costa Rica,1,0,FIFA World Cup qualification
2853,1997,Arabia Saudita,Kuwait,2,1,FIFA World Cup qualification
2854,1997,Irán,Arabia Saudita,1,1,FIFA World Cup qualification
2855,1997,Catar,Kuwait,0,2,FIFA World Cup qualification
2856,1997,Emiratos Árabes Unidos,Japón,0,0,FIFA World Cup qualification
2857,1997,Kazajistán,Uzbekistán,1,1,FIFA World Cup qualification
2858,1997,Malta,República Checa,0,1,FIFA World Cup qualification
2859,1997,Moldavia,Georgia,0,1,FIFA World Cup qualification
2860,1997,Eslovaquia,España,1,2,FIFA World Cup qualification
2861,1997,Kuwait,Irán,1,1,FIFA World Cup qualification
2862,1997,Catar,China,1,1,FIFA World Cup qualification
2863,1997,Uzbekistán,Emiratos Árabes Unidos,2,3,FIFA World Cup qualification
2864,1997,Japón,Corea del Sur,1,2,FIFA World Cup qualification
2865,1997,China,Arabia Saudita,1,0,FIFA World Cup qualification
2866,1997,Irán,Catar,3,0,FIFA World Cup qualification
2867,1997,Estados Unidos,Jamaica,1,1,FIFA World Cup qualification
2868,1997,Kazajistán,Japón,1,1,FIFA World Cup qualification
2869,1997,Corea del Sur,Emiratos Árabes Unidos,3,0,FIFA World Cup qualification
2870,1997,México,El Salvador,5,0,FIFA World Cup qualification
2871,1997,Moldavia,Polonia,0,3,FIFA World Cup qualification
2872,1997,Kuwait,China,1,2,FIFA World Cup qualification
2873,1997,Armenia,Ucrania,0,2,FIFA World Cup qualification
2874,1997,Austria,Bielorrusia,4,0,FIFA World Cup qualification
2875,1997,Bélgica,Gales,3,2,FIFA World Cup qualification
2876,1997,Chipre,Luxemburgo,2,0,FIFA World Cup qualification
2877,1997,República Checa,Eslovaquia,3,0,FIFA World Cup qualification
2878,1997,Finlandia,Hungría,1,1,FIFA World Cup qualification
2879,1997,Georgia,Polonia,3,0,FIFA World Cup qualification
2880,1997,Alemania,Albania,4,3,FIFA World Cup qualification
2881,1997,Grecia,Dinamarca,0,0,FIFA World Cup qualification
2882,1997,Islandia,Liechtenstein,4,0,FIFA World Cup qualification
2883,1997,Irlanda,Rumania,1,1,FIFA World Cup qualification
2884,1997,Italia,Inglaterra,0,0,FIFA World Cup qualification
2885,1997,Kazajistán,Corea del Sur,1,1,FIFA World Cup qualification
2886,1997,Macedonia del Norte,Lituania,1,2,FIFA World Cup qualification
2887,1997,Malta,Serbia,0,5,FIFA World Cup qualification
2888,1997,Países Bajos,Turquía,0,0,FIFA World Cup qualification
2889,1997,Portugal,Irlanda del Norte,1,0,FIFA World Cup qualification
2890,1997,Rusia,Bulgaria,4,2,FIFA World Cup qualification
2891,1997,Arabia Saudita,Catar,1,0,FIFA World Cup qualification
2892,1997,Escocia,Letonia,2,0,FIFA World Cup qualification
2893,1997,Eslovenia,Croacia,1,3,FIFA World Cup qualification
2894,1997,España,Islas Feroe,3,1,FIFA World Cup qualification
2895,1997,Suecia,Estonia,1,0,FIFA World Cup qualification
2896,1997,Suiza,Azerbaiyán,5,0,FIFA World Cup qualification
2897,1997,Uzbekistán,Japón,1,1,FIFA World Cup qualification
2898,1997,Argentina,Uruguay,0,0,FIFA World Cup qualification
2899,1997,Canadá,México,2,2,FIFA World Cup qualification
2900,1997,Ecuador,Bolivia,1,0,FIFA World Cup qualification
2901,1997,Paraguay,Venezuela,1,0,FIFA World Cup qualification
2902,1997,Perú,Chile,0,4,FIFA World Cup qualification
2903,1997,Irán,China,4,1,FIFA World Cup qualification
2904,1997,Kuwait,Arabia Saudita,2,1,FIFA World Cup qualification
2905,1997,Kazajistán,Emiratos Árabes Unidos,3,0,FIFA World Cup qualification
2906,1997,Uzbekistán,Corea del Sur,1,5,FIFA World Cup qualification
2907,1997,Kuwait,Catar,0,1,FIFA World Cup qualification
2908,1997,Arabia Saudita,Irán,1,0,FIFA World Cup qualification
2909,1997,Uzbekistán,Kazajistán,4,0,FIFA World Cup qualification
2910,1997,Japón,Emiratos Árabes Unidos,1,1,FIFA World Cup qualification
2911,1997,Croacia,Ucrania,2,0,FIFA World Cup qualification
2912,1997,Hungría,Serbia,1,7,FIFA World Cup qualification
2913,1997,Irlanda,Bélgica,1,1,FIFA World Cup qualification
2914,1997,Rusia,Italia,1,1,FIFA World Cup qualification
2915,1997,China,Catar,2,3,FIFA World Cup qualification
2916,1997,Irán,Kuwait,0,0,FIFA World Cup qualification
2917,1997,Corea del Sur,Japón,0,2,FIFA World Cup qualification
2918,1997,México,Estados Unidos,0,0,FIFA World Cup qualification
2919,1997,Emiratos Árabes Unidos,Uzbekistán,0,0,FIFA World Cup qualification
2920,1997,Arabia Saudita,China,1,1,FIFA World Cup qualification
2921,1997,Catar,Irán,2,0,FIFA World Cup qualification
2922,1997,Japón,Kazajistán,5,1,FIFA World Cup qualification
2923,1997,Canadá,Estados Unidos,0,3,FIFA World Cup qualification
2924,1997,El Salvador,Jamaica,2,2,FIFA World Cup qualification
2925,1997,México,Costa Rica,3,3,FIFA World Cup qualification
2926,1997,Emiratos Árabes Unidos,Corea del Sur,1,3,FIFA World Cup qualification
2927,1997,China,Kuwait,1,0,FIFA World Cup qualification
2928,1997,Catar,Arabia Saudita,0,1,FIFA World Cup qualification
2929,1997,Bélgica,Irlanda,2,1,FIFA World Cup qualification
2930,1997,Italia,Rusia,1,0,FIFA World Cup qualification
2931,1997,Serbia,Hungría,5,0,FIFA World Cup qualification
2932,1997,Ucrania,Croacia,1,1,FIFA World Cup qualification
2933,1997,Argentina,Colombia,1,1,FIFA World Cup qualification
2934,1997,Chile,Bolivia,3,0,FIFA World Cup qualification
2935,1997,Costa Rica,Canadá,3,1,FIFA World Cup qualification
2936,1997,Jamaica,México,0,0,FIFA World Cup qualification
2937,1997,Japón,Irán,3,2,FIFA World Cup qualification
2938,1997,Perú,Paraguay,1,0,FIFA World Cup qualification
2939,1997,Uruguay,Ecuador,5,3,FIFA World Cup qualification
2940,1997,Estados Unidos,El Salvador,4,2,FIFA World Cup qualification
2941,1997,Irán,Australia,1,1,FIFA World Cup qualification
2942,1997,Australia,Irán,2,2,FIFA World Cup qualification
2943,2000,Honduras,Nicaragua,3,0,FIFA World Cup qualification
2944,2000,Trinidad y Tobago,Curazao,5,0,FIFA World Cup qualification
2945,2000,Anguila,Bahamas,1,3,FIFA World Cup qualification
2946,2000,Barbados,Granada,2,2,FIFA World Cup qualification
2947,2000,Islas Vírgenes Británicas,islas Bermudas,1,5,FIFA World Cup qualification
2948,2000,Cuba,Islas Caimán,4,0,FIFA World Cup qualification
2949,2000,República Dominicana,Montserrat,3,0,FIFA World Cup qualification
2950,2000,El Salvador,Belice,5,0,FIFA World Cup qualification
2951,2000,Santa Lucía,Surinam,1,0,FIFA World Cup qualification
2952,2000,San Vicente y las Granadinas,Islas Vírgenes de los Estados Unidos,9,0,FIFA World Cup qualification
2953,2000,Aruba,Puerto Rico,4,2,FIFA World Cup qualification
2954,2000,Haití,Dominica,4,0,FIFA World Cup qualification
2955,2000,Curazao,Trinidad y Tobago,1,1,FIFA World Cup qualification
2956,2000,Granada,Barbados,2,3,FIFA World Cup qualification
2957,2000,Puerto Rico,Aruba,2,2,FIFA World Cup qualification
2958,2000,San Cristóbal y Nieves,Islas Turcas y Caicos,8,0,FIFA World Cup qualification
2959,2000,Bahamas,Anguila,2,1,FIFA World Cup qualification
2960,2000,Belice,Guatemala,1,2,FIFA World Cup qualification
2961,2000,islas Bermudas,Islas Vírgenes Británicas,9,0,FIFA World Cup qualification
2962,2000,Islas Caimán,Cuba,0,0,FIFA World Cup qualification
2963,2000,Dominica,Haití,1,3,FIFA World Cup qualification
2964,2000,Montserrat,República Dominicana,1,3,FIFA World Cup qualification
2965,2000,Nicaragua,Panamá,0,2,FIFA World Cup qualification
2966,2000,Surinam,Santa Lucía,1,0,FIFA World Cup qualification
2967,2000,Islas Vírgenes de los Estados Unidos,San Vicente y las Granadinas,1,5,FIFA World Cup qualification
2968,2000,San Cristóbal y Nieves,Islas Turcas y Caicos,6,0,FIFA World Cup qualification
2969,2000,Colombia,Brasil,0,0,FIFA World Cup qualification
2970,2000,Argentina,Chile,4,1,FIFA World Cup qualification
2971,2000,Ecuador,Venezuela,2,0,FIFA World Cup qualification
2972,2000,Perú,Paraguay,2,0,FIFA World Cup qualification
2973,2000,Uruguay,Bolivia,1,0,FIFA World Cup qualification
2974,2000,Aruba,Barbados,1,3,FIFA World Cup qualification
2975,2000,Haití,Bahamas,9,0,FIFA World Cup qualification
2976,2000,Cuba,Surinam,1,0,FIFA World Cup qualification
2977,2000,Guatemala,El Salvador,0,1,FIFA World Cup qualification
2978,2000,Panamá,Honduras,1,0,FIFA World Cup qualification
2979,2000,Trinidad y Tobago,República Dominicana,3,0,FIFA World Cup qualification
2980,2000,Yibuti,República Democrática del Congo,1,1,FIFA World Cup qualification
2981,2000,Mauritania,Túnez,1,2,FIFA World Cup qualification
2982,2000,República Centroafricana,Zimbabue,0,1,FIFA World Cup qualification
2983,2000,Botsuana,Zambia,0,1,FIFA World Cup qualification
2984,2000,Guinea-Bissau,Togo,0,0,FIFA World Cup qualification
2985,2000,Madagascar,Gabón,2,0,FIFA World Cup qualification
2986,2000,Malaui,Kenia,2,0,FIFA World Cup qualification
2987,2000,Santo Tomé y Príncipe,Sierra Leona,2,0,FIFA World Cup qualification
2988,2000,Seychelles,Namibia,1,1,FIFA World Cup qualification
2989,2000,Tanzania,Ghana,0,1,FIFA World Cup qualification
2990,2000,Uganda,Guinea,4,4,FIFA World Cup qualification
2991,2000,Benín,Senegal,1,1,FIFA World Cup qualification
2992,2000,Cabo Verde,Argelia,0,0,FIFA World Cup qualification
2993,2000,Chad,Liberia,0,1,FIFA World Cup qualification
2994,2000,Guinea Ecuatorial,Congo,1,3,FIFA World Cup qualification
2995,2000,Eritrea,Nigeria,0,0,FIFA World Cup qualification
2996,2000,Etiopía,Burkina Faso,2,1,FIFA World Cup qualification
2997,2000,Gambia,Marruecos,0,1,FIFA World Cup qualification
2998,2000,Lesoto,Sudáfrica,0,2,FIFA World Cup qualification
2999,2000,Libia,Malí,3,0,FIFA World Cup qualification
3000,2000,Ruanda,Costa de Marfil,2,2,FIFA World Cup qualification
3001,2000,Sudán,Mozambique,1,0,FIFA World Cup qualification
3002,2000,Eswatini,Angola,0,1,FIFA World Cup qualification
3003,2000,Egipto,Mauricio,2,0,FIFA World Cup qualification
3004,2000,Antigua y Barbuda,islas Bermudas,0,0,FIFA World Cup qualification
3005,2000,Bahamas,Haití,0,4,FIFA World Cup qualification
3006,2000,Barbados,Aruba,4,0,FIFA World Cup qualification
3007,2000,Belice,El Salvador,1,3,FIFA World Cup qualification
3008,2000,República Dominicana,Trinidad y Tobago,0,1,FIFA World Cup qualification
3009,2000,Nicaragua,Honduras,0,1,FIFA World Cup qualification
3010,2000,San Vicente y las Granadinas,San Cristóbal y Nieves,1,0,FIFA World Cup qualification
3011,2000,Surinam,Cuba,0,0,FIFA World Cup qualification
3012,2000,Camerún,Somalia,3,0,FIFA World Cup qualification
3013,2000,Argelia,Cabo Verde,2,0,FIFA World Cup qualification
3014,2000,Gabón,Madagascar,1,0,FIFA World Cup qualification
3015,2000,Kenia,Malaui,0,0,FIFA World Cup qualification
3016,2000,Marruecos,Gambia,2,0,FIFA World Cup qualification
3017,2000,Namibia,Seychelles,3,0,FIFA World Cup qualification
3018,2000,Nigeria,Eritrea,4,0,FIFA World Cup qualification
3019,2000,Sierra Leona,Santo Tomé y Príncipe,4,0,FIFA World Cup qualification
3020,2000,Sudáfrica,Lesoto,1,0,FIFA World Cup qualification
3021,2000,San Cristóbal y Nieves,San Vicente y las Granadinas,1,2,FIFA World Cup qualification
3022,2000,Túnez,Mauritania,3,0,FIFA World Cup qualification
3023,2000,Zambia,Botsuana,1,0,FIFA World Cup qualification
3024,2000,Angola,Eswatini,7,1,FIFA World Cup qualification
3025,2000,islas Bermudas,Antigua y Barbuda,1,1,FIFA World Cup qualification
3026,2000,Burkina Faso,Etiopía,3,0,FIFA World Cup qualification
3027,2000,Camerún,Somalia,3,0,FIFA World Cup qualification
3028,2000,Congo,Guinea Ecuatorial,2,1,FIFA World Cup qualification
3029,2000,República Democrática del Congo,Yibuti,9,1,FIFA World Cup qualification
3030,2000,Egipto,Mauricio,4,2,FIFA World Cup qualification
3031,2000,Ghana,Tanzania,3,2,FIFA World Cup qualification
3032,2000,Guinea,Uganda,3,0,FIFA World Cup qualification
3033,2000,Costa de Marfil,Ruanda,2,0,FIFA World Cup qualification
3034,2000,Liberia,Chad,0,0,FIFA World Cup qualification
3035,2000,Malí,Libia,3,1,FIFA World Cup qualification
3036,2000,Mozambique,Sudán,2,1,FIFA World Cup qualification
3037,2000,Senegal,Benín,1,0,FIFA World Cup qualification
3038,2000,Togo,Guinea-Bissau,3,0,FIFA World Cup qualification
3039,2000,Zimbabue,República Centroafricana,3,1,FIFA World Cup qualification
3040,2000,Bolivia,Colombia,1,1,FIFA World Cup qualification
3041,2000,Brasil,Ecuador,3,2,FIFA World Cup qualification
3042,2000,Chile,Perú,1,1,FIFA World Cup qualification
3043,2000,Paraguay,Uruguay,1,0,FIFA World Cup qualification
3044,2000,Venezuela,Argentina,0,4,FIFA World Cup qualification
3045,2000,Antigua y Barbuda,San Vicente y las Granadinas,2,1,FIFA World Cup qualification
3046,2000,Cuba,Barbados,1,1,FIFA World Cup qualification
3047,2000,El Salvador,Guatemala,1,1,FIFA World Cup qualification
3048,2000,Honduras,Panamá,3,1,FIFA World Cup qualification
3049,2000,Trinidad y Tobago,Haití,3,1,FIFA World Cup qualification
3050,2000,Guatemala,Belice,0,0,FIFA World Cup qualification
3051,2000,Haití,Trinidad y Tobago,1,1,FIFA World Cup qualification
3052,2000,San Vicente y las Granadinas,Antigua y Barbuda,4,0,FIFA World Cup qualification
3053,2000,Barbados,Cuba,1,1,FIFA World Cup qualification
3054,2000,Panamá,Nicaragua,4,0,FIFA World Cup qualification
3055,2000,Honduras,Haití,4,0,FIFA World Cup qualification
3056,2000,Paraguay,Ecuador,3,1,FIFA World Cup qualification
3057,2000,Uruguay,Chile,2,1,FIFA World Cup qualification
3058,2000,Argentina,Bolivia,1,0,FIFA World Cup qualification
3059,2000,Colombia,Venezuela,3,0,FIFA World Cup qualification
3060,2000,Cuba,Canadá,0,1,FIFA World Cup qualification
3061,2000,Perú,Brasil,0,1,FIFA World Cup qualification
3062,2000,Antigua y Barbuda,Guatemala,0,1,FIFA World Cup qualification
3063,2000,Canadá,Cuba,0,0,FIFA World Cup qualification
3064,2000,Argelia,Senegal,1,1,FIFA World Cup qualification
3065,2000,Haití,Honduras,1,3,FIFA World Cup qualification
3066,2000,Madagascar,República Democrática del Congo,3,0,FIFA World Cup qualification
3067,2000,Malaui,Burkina Faso,1,1,FIFA World Cup qualification
3068,2000,Namibia,Marruecos,0,0,FIFA World Cup qualification
3069,2000,Nigeria,Sierra Leona,2,0,FIFA World Cup qualification
3070,2000,Angola,Zambia,2,1,FIFA World Cup qualification
3071,2000,Guatemala,Antigua y Barbuda,8,1,FIFA World Cup qualification
3072,2000,Costa de Marfil,Túnez,2,2,FIFA World Cup qualification
3073,2000,Libia,Camerún,0,3,FIFA World Cup qualification
3074,2000,Sudán,Liberia,2,0,FIFA World Cup qualification
3075,2000,Brasil,Uruguay,1,1,FIFA World Cup qualification
3076,2000,Venezuela,Bolivia,4,2,FIFA World Cup qualification
3077,2000,Chile,Paraguay,3,1,FIFA World Cup qualification
3078,2000,Colombia,Argentina,1,3,FIFA World Cup qualification
3079,2000,Ecuador,Perú,2,1,FIFA World Cup qualification
3080,2000,Túnez,Madagascar,1,0,FIFA World Cup qualification
3081,2000,Zambia,Togo,2,0,FIFA World Cup qualification
3082,2000,Camerún,Angola,3,0,FIFA World Cup qualification
3083,2000,República Democrática del Congo,Congo,2,0,FIFA World Cup qualification
3084,2000,Ghana,Sierra Leona,5,0,FIFA World Cup qualification
3085,2000,Liberia,Nigeria,2,1,FIFA World Cup qualification
3086,2000,Marruecos,Argelia,2,1,FIFA World Cup qualification
3087,2000,Senegal,Egipto,0,0,FIFA World Cup qualification
3088,2000,Zimbabue,Sudáfrica,0,2,FIFA World Cup qualification
3089,2000,San Vicente y las Granadinas,Jamaica,0,1,FIFA World Cup qualification
3090,2000,Barbados,Costa Rica,2,1,FIFA World Cup qualification
3091,2000,Canadá,Trinidad y Tobago,0,2,FIFA World Cup qualification
3092,2000,El Salvador,Honduras,2,5,FIFA World Cup qualification
3093,2000,Guatemala,Estados Unidos,1,1,FIFA World Cup qualification
3094,2000,Panamá,México,0,1,FIFA World Cup qualification
3095,2000,Paraguay,Brasil,2,1,FIFA World Cup qualification
3096,2000,Uruguay,Venezuela,3,1,FIFA World Cup qualification
3097,2000,Argentina,Ecuador,2,0,FIFA World Cup qualification
3098,2000,Bolivia,Chile,1,0,FIFA World Cup qualification
3099,2000,Perú,Colombia,0,1,FIFA World Cup qualification
3100,2000,Guatemala,Barbados,2,0,FIFA World Cup qualification
3101,2000,El Salvador,San Vicente y las Granadinas,7,1,FIFA World Cup qualification
3102,2000,Costa Rica,Estados Unidos,2,1,FIFA World Cup qualification
3103,2000,Jamaica,Honduras,3,1,FIFA World Cup qualification
3104,2000,Panamá,Canadá,0,0,FIFA World Cup qualification
3105,2000,Trinidad y Tobago,México,1,0,FIFA World Cup qualification
3106,2000,Ecuador,Colombia,0,0,FIFA World Cup qualification
3107,2000,Venezuela,Chile,0,2,FIFA World Cup qualification
3108,2000,Brasil,Argentina,3,1,FIFA World Cup qualification
3109,2000,Uruguay,Perú,0,0,FIFA World Cup qualification
3110,2000,Bolivia,Paraguay,0,0,FIFA World Cup qualification
3111,2000,Chile,Brasil,3,0,FIFA World Cup qualification
3112,2000,Colombia,Uruguay,1,0,FIFA World Cup qualification
3113,2000,Costa Rica,Guatemala,2,1,FIFA World Cup qualification
3114,2000,México,Canadá,2,0,FIFA World Cup qualification
3115,2000,Honduras,San Vicente y las Granadinas,6,0,FIFA World Cup qualification
3116,2000,Argentina,Paraguay,1,1,FIFA World Cup qualification
3117,2000,Ecuador,Bolivia,2,0,FIFA World Cup qualification
3118,2000,Estonia,Andorra,1,0,FIFA World Cup qualification
3119,2000,Jamaica,El Salvador,1,0,FIFA World Cup qualification
3120,2000,Perú,Venezuela,1,0,FIFA World Cup qualification
3121,2000,Trinidad y Tobago,Panamá,6,0,FIFA World Cup qualification
3122,2000,Estados Unidos,Barbados,7,0,FIFA World Cup qualification
3123,2000,Andorra,Chipre,2,3,FIFA World Cup qualification
3124,2000,Azerbaiyán,Suecia,0,1,FIFA World Cup qualification
3125,2000,Bielorrusia,Gales,2,1,FIFA World Cup qualification
3126,2000,Bélgica,Croacia,0,0,FIFA World Cup qualification
3127,2000,Bosnia y Herzegovina,España,1,2,FIFA World Cup qualification
3128,2000,Bulgaria,República Checa,0,1,FIFA World Cup qualification
3129,2000,Chile,Colombia,0,1,FIFA World Cup qualification
3130,2000,Finlandia,Albania,2,1,FIFA World Cup qualification
3131,2000,Alemania,Grecia,2,0,FIFA World Cup qualification
3132,2000,Honduras,El Salvador,5,0,FIFA World Cup qualification
3133,2000,Islandia,Dinamarca,1,2,FIFA World Cup qualification
3134,2000,Países Bajos,Irlanda,2,2,FIFA World Cup qualification
3135,2000,Irlanda del Norte,Malta,1,0,FIFA World Cup qualification
3136,2000,Noruega,Armenia,0,0,FIFA World Cup qualification
3137,2000,Paraguay,Venezuela,3,0,FIFA World Cup qualification
3138,2000,Suiza,Rusia,0,1,FIFA World Cup qualification
3139,2000,Turquía,Moldavia,2,0,FIFA World Cup qualification
3140,2000,Ucrania,Polonia,1,3,FIFA World Cup qualification
3141,2000,Jamaica,San Vicente y las Granadinas,2,0,FIFA World Cup qualification
3142,2000,Letonia,Escocia,0,1,FIFA World Cup qualification
3143,2000,Brasil,Bolivia,5,0,FIFA World Cup qualification
3144,2000,Costa Rica,Barbados,3,0,FIFA World Cup qualification
3145,2000,Estonia,Portugal,1,3,FIFA World Cup qualification
3146,2000,Islas Feroe,Eslovenia,2,2,FIFA World Cup qualification
3147,2000,Hungría,Italia,2,2,FIFA World Cup qualification
3148,2000,Israel,Liechtenstein,2,0,FIFA World Cup qualification
3149,2000,Luxemburgo,Serbia,0,2,FIFA World Cup qualification
3150,2000,México,Panamá,7,1,FIFA World Cup qualification
3151,2000,Perú,Argentina,1,2,FIFA World Cup qualification
3152,2000,Rumania,Lituania,1,0,FIFA World Cup qualification
3153,2000,Eslovaquia,Macedonia del Norte,2,0,FIFA World Cup qualification
3154,2000,Trinidad y Tobago,Canadá,4,0,FIFA World Cup qualification
3155,2000,Uruguay,Ecuador,4,0,FIFA World Cup qualification
3156,2000,Estados Unidos,Guatemala,1,0,FIFA World Cup qualification
3157,2000,Macedonia del Norte,Azerbaiyán,3,0,FIFA World Cup qualification
3158,2000,Andorra,Estonia,1,2,FIFA World Cup qualification
3159,2000,Armenia,Ucrania,2,3,FIFA World Cup qualification
3160,2000,Bulgaria,Malta,3,0,FIFA World Cup qualification
3161,2000,Colombia,Paraguay,0,2,FIFA World Cup qualification
3162,2000,Chipre,Países Bajos,0,4,FIFA World Cup qualification
3163,2000,República Checa,Islandia,4,0,FIFA World Cup qualification
3164,2000,Inglaterra,Alemania,0,1,FIFA World Cup qualification
3165,2000,Grecia,Finlandia,1,0,FIFA World Cup qualification
3166,2000,Italia,Rumania,3,0,FIFA World Cup qualification
3167,2000,Letonia,Bélgica,0,4,FIFA World Cup qualification
3168,2000,Liechtenstein,Austria,0,1,FIFA World Cup qualification
3169,2000,Lituania,Georgia,0,4,FIFA World Cup qualification
3170,2000,Luxemburgo,Eslovenia,1,2,FIFA World Cup qualification
3171,2000,Moldavia,Eslovaquia,0,1,FIFA World Cup qualification
3172,2000,Irlanda del Norte,Dinamarca,1,1,FIFA World Cup qualification
3173,2000,Polonia,Bielorrusia,3,1,FIFA World Cup qualification
3174,2000,Portugal,Irlanda,1,1,FIFA World Cup qualification
3175,2000,San Marino,Escocia,0,2,FIFA World Cup qualification
3176,2000,España,Israel,2,0,FIFA World Cup qualification
3177,2000,Suecia,Turquía,1,1,FIFA World Cup qualification
3178,2000,Suiza,Islas Feroe,5,1,FIFA World Cup qualification
3179,2000,Gales,Noruega,1,1,FIFA World Cup qualification
3180,2000,San Vicente y las Granadinas,El Salvador,1,2,FIFA World Cup qualification
3181,2000,Argentina,Uruguay,2,1,FIFA World Cup qualification
3182,2000,Barbados,Guatemala,1,3,FIFA World Cup qualification
3183,2000,Bolivia,Perú,1,0,FIFA World Cup qualification
3184,2000,Ecuador,Chile,1,0,FIFA World Cup qualification
3185,2000,Honduras,Jamaica,1,0,FIFA World Cup qualification
3186,2000,México,Trinidad y Tobago,7,0,FIFA World Cup qualification
3187,2000,Venezuela,Brasil,0,6,FIFA World Cup qualification
3188,2000,Canadá,Panamá,1,0,FIFA World Cup qualification
3189,2000,Albania,Grecia,2,0,FIFA World Cup qualification
3190,2000,Austria,España,1,1,FIFA World Cup qualification
3191,2000,Azerbaiyán,Turquía,0,1,FIFA World Cup qualification
3192,2000,Bielorrusia,Armenia,2,1,FIFA World Cup qualification
3193,2000,Croacia,Escocia,1,1,FIFA World Cup qualification
3194,2000,Dinamarca,Bulgaria,1,1,FIFA World Cup qualification
3195,2000,Finlandia,Inglaterra,0,0,FIFA World Cup qualification
3196,2000,Islandia,Irlanda del Norte,1,0,FIFA World Cup qualification
3197,2000,Irlanda,Estonia,2,0,FIFA World Cup qualification
3198,2000,Israel,Bosnia y Herzegovina,3,1,FIFA World Cup qualification
3199,2000,Italia,Georgia,2,0,FIFA World Cup qualification
3200,2000,Lituania,Hungría,1,6,FIFA World Cup qualification
3201,2000,Malta,República Checa,0,0,FIFA World Cup qualification
3202,2000,Moldavia,Macedonia del Norte,0,0,FIFA World Cup qualification
3203,2000,Países Bajos,Portugal,0,2,FIFA World Cup qualification
3204,2000,Noruega,Ucrania,0,1,FIFA World Cup qualification
3205,2000,Polonia,Gales,0,0,FIFA World Cup qualification
3206,2000,Rusia,Luxemburgo,3,0,FIFA World Cup qualification
3207,2000,Eslovaquia,Suecia,0,0,FIFA World Cup qualification
3208,2000,Eslovenia,Suiza,2,2,FIFA World Cup qualification
3209,2000,Estados Unidos,Costa Rica,0,0,FIFA World Cup qualification
3210,2000,San Vicente y las Granadinas,Honduras,0,7,FIFA World Cup qualification
3211,2000,Barbados,Estados Unidos,0,4,FIFA World Cup qualification
3212,2000,Bolivia,Uruguay,0,0,FIFA World Cup qualification
3213,2000,Brasil,Colombia,1,0,FIFA World Cup qualification
3214,2000,Canadá,México,0,0,FIFA World Cup qualification
3215,2000,Chile,Argentina,0,2,FIFA World Cup qualification
3216,2000,Chipre,Andorra,5,0,FIFA World Cup qualification
3217,2000,El Salvador,Jamaica,2,0,FIFA World Cup qualification
3218,2000,Guatemala,Costa Rica,2,1,FIFA World Cup qualification
3219,2000,Paraguay,Perú,5,1,FIFA World Cup qualification
3220,2000,San Marino,Letonia,0,1,FIFA World Cup qualification
3221,2000,Trinidad y Tobago,Panamá,1,0,FIFA World Cup qualification
3222,2000,Venezuela,Ecuador,1,2,FIFA World Cup qualification
3223,2000,Irán,Guam,19,0,FIFA World Cup qualification
3224,2000,Tayikistán,Guam,16,0,FIFA World Cup qualification
3225,2000,Irán,Tayikistán,2,0,FIFA World Cup qualification
3226,2001,Costa Rica,Guatemala,5,2,FIFA World Cup qualification
3227,2001,Argelia,Namibia,1,0,FIFA World Cup qualification
3228,2001,Nigeria,Sudán,3,0,FIFA World Cup qualification
3229,2001,Sudáfrica,Burkina Faso,1,0,FIFA World Cup qualification
3230,2001,Angola,Libia,3,1,FIFA World Cup qualification
3231,2001,Congo,Túnez,1,2,FIFA World Cup qualification
3232,2001,Egipto,Marruecos,0,0,FIFA World Cup qualification
3233,2001,Ghana,Liberia,1,3,FIFA World Cup qualification
3234,2001,Madagascar,Costa de Marfil,1,3,FIFA World Cup qualification
3235,2001,Togo,Camerún,0,2,FIFA World Cup qualification
3236,2001,Baréin,Kuwait,1,2,FIFA World Cup qualification
3237,2001,Singapur,Kirguistán,0,1,FIFA World Cup qualification
3238,2001,Baréin,Kirguistán,1,0,FIFA World Cup qualification
3239,2001,Singapur,Kuwait,1,1,FIFA World Cup qualification
3240,2001,Arabia Saudita,Mongolia,6,0,FIFA World Cup qualification
3241,2001,Vietnam,Bangladesh,0,0,FIFA World Cup qualification
3242,2001,Kirguistán,Kuwait,0,3,FIFA World Cup qualification
3243,2001,Singapur,Baréin,1,2,FIFA World Cup qualification
3244,2001,Mongolia,Vietnam,0,1,FIFA World Cup qualification
3245,2001,Arabia Saudita,Bangladesh,3,0,FIFA World Cup qualification
3246,2001,Mongolia,Bangladesh,0,3,FIFA World Cup qualification
3247,2001,Arabia Saudita,Vietnam,5,0,FIFA World Cup qualification
3248,2001,Bangladesh,Vietnam,0,4,FIFA World Cup qualification
3249,2001,Arabia Saudita,Mongolia,6,0,FIFA World Cup qualification
3250,2001,Arabia Saudita,Bangladesh,6,0,FIFA World Cup qualification
3251,2001,Vietnam,Mongolia,4,0,FIFA World Cup qualification
3252,2001,Bangladesh,Mongolia,2,2,FIFA World Cup qualification
3253,2001,Arabia Saudita,Vietnam,4,0,FIFA World Cup qualification
3254,2001,Kuwait,Singapur,1,0,FIFA World Cup qualification
3255,2001,Kirguistán,Baréin,1,2,FIFA World Cup qualification
3256,2001,Libia,Togo,3,3,FIFA World Cup qualification
3257,2001,Baréin,Singapur,2,0,FIFA World Cup qualification
3258,2001,Burkina Faso,Zimbabue,1,2,FIFA World Cup qualification
3259,2001,Kuwait,Kirguistán,2,0,FIFA World Cup qualification
3260,2001,Marruecos,Senegal,0,0,FIFA World Cup qualification
3261,2001,Namibia,Egipto,1,1,FIFA World Cup qualification
3262,2001,Camerún,Zambia,1,0,FIFA World Cup qualification
3263,2001,Liberia,Sierra Leona,1,0,FIFA World Cup qualification
3264,2001,Malaui,Sudáfrica,1,2,FIFA World Cup qualification
3265,2001,Sudán,Ghana,1,0,FIFA World Cup qualification
3266,2001,Túnez,República Democrática del Congo,6,0,FIFA World Cup qualification
3267,2001,Kuwait,Baréin,0,1,FIFA World Cup qualification
3268,2001,Kirguistán,Singapur,1,1,FIFA World Cup qualification
3269,2001,Bélgica,San Marino,10,1,FIFA World Cup qualification
3270,2001,Costa Rica,Honduras,2,2,FIFA World Cup qualification
3271,2001,Jamaica,Trinidad y Tobago,1,0,FIFA World Cup qualification
3272,2001,Portugal,Andorra,3,0,FIFA World Cup qualification
3273,2001,Estados Unidos,México,2,0,FIFA World Cup qualification
3274,2001,Hong Kong,Palestina,1,1,FIFA World Cup qualification
3275,2001,Catar,Malasia,5,1,FIFA World Cup qualification
3276,2001,Hong Kong,Malasia,0,2,FIFA World Cup qualification
3277,2001,Palestina,Catar,1,2,FIFA World Cup qualification
3278,2001,República Democrática del Congo,Costa de Marfil,1,2,FIFA World Cup qualification
3279,2001,Senegal,Namibia,4,0,FIFA World Cup qualification
3280,2001,Sierra Leona,Sudán,0,2,FIFA World Cup qualification
3281,2001,Zambia,Libia,2,0,FIFA World Cup qualification
3282,2001,Egipto,Argelia,5,2,FIFA World Cup qualification
3283,2001,Ghana,Nigeria,0,0,FIFA World Cup qualification
3284,2001,Hong Kong,Catar,0,2,FIFA World Cup qualification
3285,2001,Palestina,Malasia,1,0,FIFA World Cup qualification
3286,2001,Togo,Angola,1,1,FIFA World Cup qualification
3287,2001,Zimbabue,Malaui,2,0,FIFA World Cup qualification
3288,2001,Palestina,Hong Kong,1,0,FIFA World Cup qualification
3289,2001,Catar,Malasia,0,0,FIFA World Cup qualification
3290,2001,Hong Kong,Malasia,2,1,FIFA World Cup qualification
3291,2001,Catar,Palestina,2,1,FIFA World Cup qualification
3292,2001,Andorra,Países Bajos,0,5,FIFA World Cup qualification
3293,2001,Armenia,Gales,2,2,FIFA World Cup qualification
3294,2001,Azerbaiyán,Moldavia,0,0,FIFA World Cup qualification
3295,2001,Bosnia y Herzegovina,Austria,1,1,FIFA World Cup qualification
3296,2001,Bulgaria,Islandia,2,1,FIFA World Cup qualification
3297,2001,Croacia,Letonia,4,1,FIFA World Cup qualification
3298,2001,Chipre,Irlanda,0,4,FIFA World Cup qualification
3299,2001,Inglaterra,Finlandia,2,1,FIFA World Cup qualification
3300,2001,Alemania,Albania,2,1,FIFA World Cup qualification
3301,2001,Hungría,Lituania,1,1,FIFA World Cup qualification
3302,2001,Luxemburgo,Islas Feroe,0,2,FIFA World Cup qualification
3303,2001,Malta,Dinamarca,0,5,FIFA World Cup qualification
3304,2001,Irlanda del Norte,República Checa,0,1,FIFA World Cup qualification
3305,2001,Noruega,Polonia,2,3,FIFA World Cup qualification
3306,2001,Rumania,Italia,0,2,FIFA World Cup qualification
3307,2001,Rusia,Eslovenia,1,1,FIFA World Cup qualification
3308,2001,Escocia,Bélgica,2,2,FIFA World Cup qualification
3309,2001,Serbia,Suiza,1,1,FIFA World Cup qualification
3310,2001,España,Liechtenstein,5,0,FIFA World Cup qualification
3311,2001,Suecia,Macedonia del Norte,1,0,FIFA World Cup qualification
3312,2001,Turquía,Eslovaquia,1,1,FIFA World Cup qualification
3313,2001,Ucrania,Bielorrusia,0,0,FIFA World Cup qualification
3314,2001,Costa Rica,Trinidad y Tobago,3,0,FIFA World Cup qualification
3315,2001,Malasia,Palestina,4,3,FIFA World Cup qualification
3316,2001,México,Jamaica,4,0,FIFA World Cup qualification
3317,2001,Catar,Hong Kong,3,0,FIFA World Cup qualification
3318,2001,Colombia,Bolivia,2,0,FIFA World Cup qualification
3319,2001,Perú,Chile,3,1,FIFA World Cup qualification
3320,2001,Albania,Inglaterra,1,3,FIFA World Cup qualification
3321,2001,Andorra,Irlanda,0,3,FIFA World Cup qualification
3322,2001,Argentina,Venezuela,5,0,FIFA World Cup qualification
3323,2001,Austria,Israel,2,1,FIFA World Cup qualification
3324,2001,Bielorrusia,Noruega,2,1,FIFA World Cup qualification
3325,2001,Bulgaria,Irlanda del Norte,4,3,FIFA World Cup qualification
3326,2001,Chipre,Estonia,2,2,FIFA World Cup qualification
3327,2001,República Checa,Dinamarca,0,0,FIFA World Cup qualification
3328,2001,Ecuador,Brasil,1,0,FIFA World Cup qualification
3329,2001,Georgia,Rumania,0,2,FIFA World Cup qualification
3330,2001,Grecia,Alemania,2,4,FIFA World Cup qualification
3331,2001,Honduras,Estados Unidos,1,2,FIFA World Cup qualification
3332,2001,Italia,Lituania,4,0,FIFA World Cup qualification
3333,2001,Liechtenstein,Bosnia y Herzegovina,0,3,FIFA World Cup qualification
3334,2001,Macedonia del Norte,Turquía,1,2,FIFA World Cup qualification
3335,2001,Moldavia,Suecia,0,2,FIFA World Cup qualification
3336,2001,Polonia,Armenia,4,0,FIFA World Cup qualification
3337,2001,Portugal,Países Bajos,2,2,FIFA World Cup qualification
3338,2001,Rusia,Islas Feroe,1,0,FIFA World Cup qualification
3339,2001,Escocia,San Marino,4,0,FIFA World Cup qualification
3340,2001,Eslovaquia,Azerbaiyán,3,1,FIFA World Cup qualification
3341,2001,Eslovenia,Serbia,1,1,FIFA World Cup qualification
3342,2001,Suiza,Luxemburgo,5,0,FIFA World Cup qualification
3343,2001,Uruguay,Paraguay,0,1,FIFA World Cup qualification
3344,2001,Gales,Ucrania,1,1,FIFA World Cup qualification
3345,2001,Maldivas,Camboya,6,0,FIFA World Cup qualification
3346,2001,Brunéi,Yemen,0,5,FIFA World Cup qualification
3347,2001,Fiyi,Samoa Americana,13,0,FIFA World Cup qualification
3348,2001,Samoa,Tonga,0,1,FIFA World Cup qualification
3349,2001,India,Emiratos Árabes Unidos,1,0,FIFA World Cup qualification
3350,2001,Indonesia,Maldivas,5,0,FIFA World Cup qualification
3351,2001,Samoa Americana,Samoa,0,8,FIFA World Cup qualification
3352,2001,Australia,Tonga,22,0,FIFA World Cup qualification
3353,2001,Australia,Samoa Americana,31,0,FIFA World Cup qualification
3354,2001,Samoa,Fiyi,1,6,FIFA World Cup qualification
3355,2001,Irak,Macao,8,0,FIFA World Cup qualification
3356,2001,Nepal,Kazajistán,0,6,FIFA World Cup qualification
3357,2001,Samoa Americana,Tonga,0,5,FIFA World Cup qualification
3358,2001,Australia,Fiyi,2,0,FIFA World Cup qualification
3359,2001,Brunéi,Emiratos Árabes Unidos,0,12,FIFA World Cup qualification
3360,2001,Irak,Nepal,9,1,FIFA World Cup qualification
3361,2001,Kazajistán,Macao,3,0,FIFA World Cup qualification
3362,2001,Camboya,Maldivas,1,1,FIFA World Cup qualification
3363,2001,India,Yemen,1,1,FIFA World Cup qualification
3364,2001,Australia,Samoa,11,0,FIFA World Cup qualification
3365,2001,Irak,Kazajistán,1,1,FIFA World Cup qualification
3366,2001,Nepal,Macao,4,1,FIFA World Cup qualification
3367,2001,Tonga,Fiyi,1,8,FIFA World Cup qualification
3368,2001,Burkina Faso,Malaui,4,2,FIFA World Cup qualification
3369,2001,Kazajistán,Nepal,4,0,FIFA World Cup qualification
3370,2001,Macao,Irak,0,5,FIFA World Cup qualification
3371,2001,Marruecos,Namibia,3,0,FIFA World Cup qualification
3372,2001,Senegal,Argelia,3,0,FIFA World Cup qualification
3373,2001,Sierra Leona,Nigeria,1,0,FIFA World Cup qualification
3374,2001,Zambia,Angola,1,1,FIFA World Cup qualification
3375,2001,Camerún,Libia,1,0,FIFA World Cup qualification
3376,2001,China,Maldivas,10,1,FIFA World Cup qualification
3377,2001,República Democrática del Congo,Madagascar,1,0,FIFA World Cup qualification
3378,2001,Indonesia,Camboya,6,0,FIFA World Cup qualification
3379,2001,Costa de Marfil,Congo,2,0,FIFA World Cup qualification
3380,2001,Liberia,Sudán,2,0,FIFA World Cup qualification
3381,2001,Irak,Nepal,4,2,FIFA World Cup qualification
3382,2001,Kazajistán,Macao,5,0,FIFA World Cup qualification
3383,2001,Turkmenistán,Jordania,2,0,FIFA World Cup qualification
3384,2001,Uzbekistán,Taiwán,7,0,FIFA World Cup qualification
3385,2001,Chile,Uruguay,0,1,FIFA World Cup qualification
3386,2001,Ecuador,Paraguay,2,1,FIFA World Cup qualification
3387,2001,Venezuela,Colombia,2,2,FIFA World Cup qualification
3388,2001,Austria,Liechtenstein,2,0,FIFA World Cup qualification
3389,2001,Bolivia,Argentina,3,3,FIFA World Cup qualification
3390,2001,Brasil,Perú,1,1,FIFA World Cup qualification
3391,2001,Irlanda,Andorra,3,1,FIFA World Cup qualification
3392,2001,Jamaica,Honduras,1,1,FIFA World Cup qualification
3393,2001,Kazajistán,Irak,1,1,FIFA World Cup qualification
3394,2001,Letonia,San Marino,1,1,FIFA World Cup qualification
3395,2001,Macao,Nepal,1,6,FIFA World Cup qualification
3396,2001,Malta,Islandia,1,4,FIFA World Cup qualification
3397,2001,Países Bajos,Chipre,4,0,FIFA World Cup qualification
3398,2001,Serbia,Rusia,0,1,FIFA World Cup qualification
3399,2001,Trinidad y Tobago,México,1,1,FIFA World Cup qualification
3400,2001,Estados Unidos,Costa Rica,1,0,FIFA World Cup qualification
3401,2001,Uzbekistán,Turkmenistán,1,0,FIFA World Cup qualification
3402,2001,Taiwán,Jordania,0,2,FIFA World Cup qualification
3403,2001,Emiratos Árabes Unidos,India,1,0,FIFA World Cup qualification
3404,2001,Uzbekistán,Jordania,2,2,FIFA World Cup qualification
3405,2001,Yemen,Brunéi,1,0,FIFA World Cup qualification
3406,2001,Taiwán,Turkmenistán,0,5,FIFA World Cup qualification
3407,2001,Congo,Madagascar,2,0,FIFA World Cup qualification
3408,2001,Maldivas,China,0,1,FIFA World Cup qualification
3409,2001,Camboya,Indonesia,0,2,FIFA World Cup qualification
3410,2001,Omán,Laos,12,0,FIFA World Cup qualification
3411,2001,Siria,Filipinas,12,0,FIFA World Cup qualification
3412,2001,Jordania,Taiwán,6,0,FIFA World Cup qualification
3413,2001,Turkmenistán,Uzbekistán,2,5,FIFA World Cup qualification
3414,2001,Argelia,Marruecos,1,2,FIFA World Cup qualification
3415,2001,Omán,Laos,7,0,FIFA World Cup qualification
3416,2001,Siria,Filipinas,5,1,FIFA World Cup qualification
3417,2001,Emiratos Árabes Unidos,Brunéi,4,0,FIFA World Cup qualification
3418,2001,Yemen,India,3,3,FIFA World Cup qualification
3419,2001,Jordania,Turkmenistán,1,2,FIFA World Cup qualification
3420,2001,Madagascar,Túnez,0,2,FIFA World Cup qualification
3421,2001,Nigeria,Liberia,2,0,FIFA World Cup qualification
3422,2001,Sierra Leona,Ghana,1,1,FIFA World Cup qualification
3423,2001,Sudáfrica,Zimbabue,2,1,FIFA World Cup qualification
3424,2001,Taiwán,Uzbekistán,0,4,FIFA World Cup qualification
3425,2001,Angola,Camerún,2,0,FIFA World Cup qualification
3426,2001,Camboya,China,0,4,FIFA World Cup qualification
3427,2001,Congo,República Democrática del Congo,1,1,FIFA World Cup qualification
3428,2001,Egipto,Senegal,1,0,FIFA World Cup qualification
3429,2001,Maldivas,Indonesia,0,2,FIFA World Cup qualification
3430,2001,Togo,Zambia,3,2,FIFA World Cup qualification
3431,2001,Jordania,Uzbekistán,1,1,FIFA World Cup qualification
3432,2001,Omán,Filipinas,7,0,FIFA World Cup qualification
3433,2001,Siria,Laos,11,0,FIFA World Cup qualification
3434,2001,Turkmenistán,Taiwán,1,0,FIFA World Cup qualification
3435,2001,Omán,Filipinas,2,0,FIFA World Cup qualification
3436,2001,Siria,Laos,9,0,FIFA World Cup qualification
3437,2001,Yemen,Emiratos Árabes Unidos,2,1,FIFA World Cup qualification
3438,2001,Brunéi,India,0,1,FIFA World Cup qualification
3439,2001,China,Indonesia,5,1,FIFA World Cup qualification
3440,2001,Líbano,Pakistán,6,0,FIFA World Cup qualification
3441,2001,Tailandia,Sri Lanka,4,2,FIFA World Cup qualification
3442,2001,Líbano,Sri Lanka,4,0,FIFA World Cup qualification
3443,2001,Tailandia,Pakistán,3,0,FIFA World Cup qualification
3444,2001,Líbano,Tailandia,1,2,FIFA World Cup qualification
3445,2001,Pakistán,Sri Lanka,3,3,FIFA World Cup qualification
3446,2001,Siria,Omán,3,3,FIFA World Cup qualification
3447,2001,Emiratos Árabes Unidos,Yemen,3,2,FIFA World Cup qualification
3448,2001,Laos,Filipinas,2,0,FIFA World Cup qualification
3449,2001,China,Camboya,3,1,FIFA World Cup qualification
3450,2001,India,Brunéi,5,0,FIFA World Cup qualification
3451,2001,Túnez,Costa de Marfil,1,1,FIFA World Cup qualification
3452,2001,Omán,Siria,2,0,FIFA World Cup qualification
3453,2001,Pakistán,Líbano,1,8,FIFA World Cup qualification
3454,2001,Filipinas,Laos,1,1,FIFA World Cup qualification
3455,2001,Tailandia,Sri Lanka,3,0,FIFA World Cup qualification
3456,2001,Indonesia,China,0,2,FIFA World Cup qualification
3457,2001,Sri Lanka,Líbano,0,5,FIFA World Cup qualification
3458,2001,Tailandia,Pakistán,6,0,FIFA World Cup qualification
3459,2001,Sri Lanka,Pakistán,3,1,FIFA World Cup qualification
3460,2001,Tailandia,Líbano,2,2,FIFA World Cup qualification
3461,2001,Armenia,Bielorrusia,0,0,FIFA World Cup qualification
3462,2001,Bélgica,Letonia,3,1,FIFA World Cup qualification
3463,2001,Croacia,San Marino,4,0,FIFA World Cup qualification
3464,2001,Dinamarca,República Checa,2,1,FIFA World Cup qualification
3465,2001,Estonia,Países Bajos,2,4,FIFA World Cup qualification
3466,2001,Islas Feroe,Suiza,0,1,FIFA World Cup qualification
3467,2001,Finlandia,Alemania,2,2,FIFA World Cup qualification
3468,2001,Georgia,Italia,1,2,FIFA World Cup qualification
3469,2001,Grecia,Albania,1,0,FIFA World Cup qualification
3470,2001,Islandia,Malta,3,0,FIFA World Cup qualification
3471,2001,Irlanda,Portugal,1,1,FIFA World Cup qualification
3472,2001,Liechtenstein,Israel,0,3,FIFA World Cup qualification
3473,2001,Macedonia del Norte,Moldavia,2,2,FIFA World Cup qualification
3474,2001,Irlanda del Norte,Bulgaria,0,1,FIFA World Cup qualification
3475,2001,Paraguay,Chile,1,0,FIFA World Cup qualification
3476,2001,Perú,Ecuador,1,2,FIFA World Cup qualification
3477,2001,Rumania,Hungría,2,0,FIFA World Cup qualification
3478,2001,Rusia,Serbia,1,1,FIFA World Cup qualification
3479,2001,Eslovenia,Luxemburgo,2,0,FIFA World Cup qualification
3480,2001,España,Bosnia y Herzegovina,4,1,FIFA World Cup qualification
3481,2001,Suecia,Eslovaquia,2,0,FIFA World Cup qualification
3482,2001,Turquía,Azerbaiyán,3,0,FIFA World Cup qualification
3483,2001,Ucrania,Noruega,0,0,FIFA World Cup qualification
3484,2001,Gales,Polonia,1,2,FIFA World Cup qualification
3485,2001,Argentina,Colombia,3,0,FIFA World Cup qualification
3486,2001,Bolivia,Venezuela,5,0,FIFA World Cup qualification
3487,2001,Islas Salomón,Islas Cook,9,1,FIFA World Cup qualification
3488,2001,Vanuatu,Tahití,1,6,FIFA World Cup qualification
3489,2001,Albania,Alemania,0,2,FIFA World Cup qualification
3490,2001,Armenia,Polonia,1,1,FIFA World Cup qualification
3491,2001,Azerbaiyán,Eslovaquia,2,0,FIFA World Cup qualification
3492,2001,Islas Cook,Vanuatu,1,8,FIFA World Cup qualification
3493,2001,República Checa,Irlanda del Norte,3,1,FIFA World Cup qualification
3494,2001,Dinamarca,Malta,2,1,FIFA World Cup qualification
3495,2001,Estonia,Irlanda,0,2,FIFA World Cup qualification
3496,2001,Islas Feroe,Serbia,0,6,FIFA World Cup qualification
3497,2001,Grecia,Inglaterra,0,2,FIFA World Cup qualification
3498,2001,Hungría,Georgia,4,1,FIFA World Cup qualification
3499,2001,Islandia,Bulgaria,1,1,FIFA World Cup qualification
3500,2001,Israel,España,1,1,FIFA World Cup qualification
3501,2001,Letonia,Croacia,0,1,FIFA World Cup qualification
3502,2001,Lituania,Rumania,1,2,FIFA World Cup qualification
3503,2001,Luxemburgo,Rusia,1,2,FIFA World Cup qualification
3504,2001,Nueva Zelanda,Tahití,5,0,FIFA World Cup qualification
3505,2001,Noruega,Bielorrusia,1,1,FIFA World Cup qualification
3506,2001,Portugal,Chipre,6,0,FIFA World Cup qualification
3507,2001,San Marino,Bélgica,1,4,FIFA World Cup qualification
3508,2001,Suecia,Moldavia,6,0,FIFA World Cup qualification
3509,2001,Suiza,Eslovenia,0,1,FIFA World Cup qualification
3510,2001,Turquía,Macedonia del Norte,3,3,FIFA World Cup qualification
3511,2001,Ucrania,Gales,1,1,FIFA World Cup qualification
3512,2001,Nueva Zelanda,Islas Cook,2,0,FIFA World Cup qualification
3513,2001,Vanuatu,Islas Salomón,2,7,FIFA World Cup qualification
3514,2001,Islas Cook,Tahití,0,6,FIFA World Cup qualification
3515,2001,Nueva Zelanda,Islas Salomón,5,1,FIFA World Cup qualification
3516,2001,Nueva Zelanda,Vanuatu,7,0,FIFA World Cup qualification
3517,2001,Tahití,Islas Salomón,2,0,FIFA World Cup qualification
3518,2001,Jamaica,Estados Unidos,0,0,FIFA World Cup qualification
3519,2001,México,Costa Rica,1,2,FIFA World Cup qualification
3520,2001,Trinidad y Tobago,Honduras,2,4,FIFA World Cup qualification
3521,2001,Costa Rica,Jamaica,2,1,FIFA World Cup qualification
3522,2001,Honduras,México,3,1,FIFA World Cup qualification
3523,2001,Nueva Zelanda,Australia,0,2,FIFA World Cup qualification
3524,2001,Estados Unidos,Trinidad y Tobago,2,0,FIFA World Cup qualification
3525,2001,Australia,Nueva Zelanda,4,1,FIFA World Cup qualification
3526,2001,Libia,Angola,1,1,FIFA World Cup qualification
3527,2001,Marruecos,Egipto,1,0,FIFA World Cup qualification
3528,2001,Namibia,Argelia,0,4,FIFA World Cup qualification
3529,2001,Trinidad y Tobago,Jamaica,1,2,FIFA World Cup qualification
3530,2001,Burkina Faso,Sudáfrica,1,1,FIFA World Cup qualification
3531,2001,Camerún,Togo,2,0,FIFA World Cup qualification
3532,2001,Honduras,Costa Rica,2,3,FIFA World Cup qualification
3533,2001,Costa de Marfil,Madagascar,6,0,FIFA World Cup qualification
3534,2001,Liberia,Ghana,1,2,FIFA World Cup qualification
3535,2001,México,Estados Unidos,1,0,FIFA World Cup qualification
3536,2001,Sudán,Nigeria,0,4,FIFA World Cup qualification
3537,2001,Túnez,Congo,6,0,FIFA World Cup qualification
3538,2001,Uruguay,Brasil,1,0,FIFA World Cup qualification
3539,2001,Egipto,Namibia,8,2,FIFA World Cup qualification
3540,2001,Senegal,Marruecos,1,0,FIFA World Cup qualification
3541,2001,Sierra Leona,Liberia,0,1,FIFA World Cup qualification
3542,2001,Sudáfrica,Malaui,2,0,FIFA World Cup qualification
3543,2001,Zambia,Camerún,2,2,FIFA World Cup qualification
3544,2001,Congo,Costa de Marfil,1,1,FIFA World Cup qualification
3545,2001,República Democrática del Congo,Túnez,0,3,FIFA World Cup qualification
3546,2001,Ghana,Sudán,1,0,FIFA World Cup qualification
3547,2001,Togo,Libia,2,0,FIFA World Cup qualification
3548,2001,Zimbabue,Burkina Faso,1,0,FIFA World Cup qualification
3549,2001,Argelia,Egipto,1,1,FIFA World Cup qualification
3550,2001,Namibia,Senegal,0,5,FIFA World Cup qualification
3551,2001,Libia,Zambia,2,4,FIFA World Cup qualification
3552,2001,Malaui,Zimbabue,0,1,FIFA World Cup qualification
3553,2001,Angola,Togo,1,1,FIFA World Cup qualification
3554,2001,Costa de Marfil,República Democrática del Congo,1,2,FIFA World Cup qualification
3555,2001,Madagascar,Congo,1,0,FIFA World Cup qualification
3556,2001,Nigeria,Ghana,3,0,FIFA World Cup qualification
3557,2001,Sudán,Sierra Leona,3,0,FIFA World Cup qualification
3558,2001,Chile,Bolivia,2,2,FIFA World Cup qualification
3559,2001,Venezuela,Uruguay,2,0,FIFA World Cup qualification
3560,2001,Brasil,Paraguay,2,0,FIFA World Cup qualification
3561,2001,Ecuador,Argentina,0,2,FIFA World Cup qualification
3562,2001,Estonia,Chipre,2,2,FIFA World Cup qualification
3563,2001,Serbia,Islas Feroe,2,0,FIFA World Cup qualification
3564,2001,Colombia,Perú,0,1,FIFA World Cup qualification
3565,2001,Catar,Omán,0,0,FIFA World Cup qualification
3566,2001,Irak,Tailandia,4,0,FIFA World Cup qualification
3567,2001,Arabia Saudita,Baréin,1,1,FIFA World Cup qualification
3568,2001,Emiratos Árabes Unidos,Uzbekistán,4,1,FIFA World Cup qualification
3569,2001,Baréin,Irak,2,0,FIFA World Cup qualification
3570,2001,Irán,Arabia Saudita,2,0,FIFA World Cup qualification
3571,2001,China,Emiratos Árabes Unidos,3,0,FIFA World Cup qualification
3572,2001,Uzbekistán,Catar,2,1,FIFA World Cup qualification
3573,2001,Omán,China,0,2,FIFA World Cup qualification
3574,2001,Arabia Saudita,Irak,1,0,FIFA World Cup qualification
3575,2001,Emiratos Árabes Unidos,Catar,0,2,FIFA World Cup qualification
3576,2001,Albania,Finlandia,0,2,FIFA World Cup qualification
3577,2001,Andorra,Portugal,1,7,FIFA World Cup qualification
3578,2001,Bielorrusia,Ucrania,0,2,FIFA World Cup qualification
3579,2001,Bosnia y Herzegovina,Israel,0,0,FIFA World Cup qualification
3580,2001,Dinamarca,Irlanda del Norte,1,1,FIFA World Cup qualification
3581,2001,Islas Feroe,Luxemburgo,1,0,FIFA World Cup qualification
3582,2001,Georgia,Hungría,3,1,FIFA World Cup qualification
3583,2001,Alemania,Inglaterra,1,5,FIFA World Cup qualification
3584,2001,Islandia,República Checa,3,1,FIFA World Cup qualification
3585,2001,Irlanda,Países Bajos,1,0,FIFA World Cup qualification
3586,2001,Lituania,Italia,0,0,FIFA World Cup qualification
3587,2001,Macedonia del Norte,Suecia,1,2,FIFA World Cup qualification
3588,2001,Malta,Bulgaria,0,2,FIFA World Cup qualification
3589,2001,Moldavia,Azerbaiyán,2,0,FIFA World Cup qualification
3590,2001,Polonia,Noruega,3,0,FIFA World Cup qualification
3591,2001,Escocia,Croacia,0,0,FIFA World Cup qualification
3592,2001,Eslovaquia,Turquía,0,1,FIFA World Cup qualification
3593,2001,Eslovenia,Rusia,2,1,FIFA World Cup qualification
3594,2001,España,Austria,4,0,FIFA World Cup qualification
3595,2001,Suiza,Serbia,1,2,FIFA World Cup qualification
3596,2001,Tailandia,Irán,0,0,FIFA World Cup qualification
3597,2001,Trinidad y Tobago,Costa Rica,0,2,FIFA World Cup qualification
3598,2001,Estados Unidos,Honduras,2,3,FIFA World Cup qualification
3599,2001,Gales,Armenia,0,0,FIFA World Cup qualification
3600,2001,Jamaica,México,1,2,FIFA World Cup qualification
3601,2001,Chile,Venezuela,0,2,FIFA World Cup qualification
3602,2001,Perú,Uruguay,0,2,FIFA World Cup qualification
3603,2001,Argentina,Brasil,2,1,FIFA World Cup qualification
3604,2001,Austria,Bosnia y Herzegovina,2,0,FIFA World Cup qualification
3605,2001,Azerbaiyán,Macedonia del Norte,1,1,FIFA World Cup qualification
3606,2001,Bielorrusia,Polonia,4,1,FIFA World Cup qualification
3607,2001,Bélgica,Escocia,2,0,FIFA World Cup qualification
3608,2001,Bulgaria,Dinamarca,0,2,FIFA World Cup qualification
3609,2001,Colombia,Ecuador,0,0,FIFA World Cup qualification
3610,2001,Costa Rica,Estados Unidos,2,0,FIFA World Cup qualification
3611,2001,Chipre,Portugal,1,3,FIFA World Cup qualification
3612,2001,República Checa,Malta,3,2,FIFA World Cup qualification
3613,2001,Inglaterra,Albania,2,0,FIFA World Cup qualification
3614,2001,Islas Feroe,Rusia,0,3,FIFA World Cup qualification
3615,2001,Finlandia,Grecia,5,1,FIFA World Cup qualification
3616,2001,Georgia,Lituania,2,0,FIFA World Cup qualification
3617,2001,Honduras,Jamaica,1,0,FIFA World Cup qualification
3618,2001,Hungría,Rumania,0,2,FIFA World Cup qualification
3619,2001,Liechtenstein,España,0,2,FIFA World Cup qualification
3620,2001,Luxemburgo,Suiza,0,3,FIFA World Cup qualification
3621,2001,México,Trinidad y Tobago,3,0,FIFA World Cup qualification
3622,2001,Países Bajos,Estonia,5,0,FIFA World Cup qualification
3623,2001,Irlanda del Norte,Islandia,3,0,FIFA World Cup qualification
3624,2001,Noruega,Gales,3,2,FIFA World Cup qualification
3625,2001,Paraguay,Bolivia,5,1,FIFA World Cup qualification
3626,2001,San Marino,Croacia,0,4,FIFA World Cup qualification
3627,2001,Serbia,Eslovenia,1,1,FIFA World Cup qualification
3628,2001,Eslovaquia,Moldavia,4,2,FIFA World Cup qualification
3629,2001,Turquía,Suecia,1,2,FIFA World Cup qualification
3630,2001,Ucrania,Armenia,3,0,FIFA World Cup qualification
3631,2001,Baréin,Tailandia,1,1,FIFA World Cup qualification
3632,2001,Irak,Irán,1,2,FIFA World Cup qualification
3633,2001,Catar,China,1,1,FIFA World Cup qualification
3634,2001,Uzbekistán,Omán,5,0,FIFA World Cup qualification
3635,2001,Irán,Baréin,0,0,FIFA World Cup qualification
3636,2001,Omán,Emiratos Árabes Unidos,1,1,FIFA World Cup qualification
3637,2001,China,Uzbekistán,2,0,FIFA World Cup qualification
3638,2001,Tailandia,Arabia Saudita,1,3,FIFA World Cup qualification
3639,2001,Baréin,Arabia Saudita,0,4,FIFA World Cup qualification
3640,2001,Omán,Catar,0,3,FIFA World Cup qualification
3641,2001,Tailandia,Irak,1,1,FIFA World Cup qualification
3642,2001,Uzbekistán,Emiratos Árabes Unidos,0,1,FIFA World Cup qualification
3643,2001,Emiratos Árabes Unidos,China,0,1,FIFA World Cup qualification
3644,2001,Irak,Baréin,1,0,FIFA World Cup qualification
3645,2001,Catar,Uzbekistán,2,2,FIFA World Cup qualification
3646,2001,Arabia Saudita,Irán,2,2,FIFA World Cup qualification
3647,2001,Catar,Emiratos Árabes Unidos,1,2,FIFA World Cup qualification
3648,2001,Irán,Tailandia,1,0,FIFA World Cup qualification
3649,2001,Irak,Arabia Saudita,1,2,FIFA World Cup qualification
3650,2001,Armenia,Noruega,1,4,FIFA World Cup qualification
3651,2001,Bolivia,Ecuador,1,5,FIFA World Cup qualification
3652,2001,Croacia,Bélgica,1,0,FIFA World Cup qualification
3653,2001,República Checa,Bulgaria,6,0,FIFA World Cup qualification
3654,2001,Dinamarca,Islandia,6,0,FIFA World Cup qualification
3655,2001,Inglaterra,Grecia,2,2,FIFA World Cup qualification
3656,2001,Alemania,Finlandia,0,0,FIFA World Cup qualification
3657,2001,Irlanda,Chipre,4,0,FIFA World Cup qualification
3658,2001,Italia,Hungría,1,0,FIFA World Cup qualification
3659,2001,Malta,Irlanda del Norte,0,1,FIFA World Cup qualification
3660,2001,Moldavia,Turquía,0,3,FIFA World Cup qualification
3661,2001,Países Bajos,Andorra,4,0,FIFA World Cup qualification
3662,2001,Polonia,Ucrania,1,1,FIFA World Cup qualification
3663,2001,Portugal,Estonia,5,0,FIFA World Cup qualification
3664,2001,Rumania,Georgia,1,1,FIFA World Cup qualification
3665,2001,Rusia,Suiza,4,0,FIFA World Cup qualification
3666,2001,Escocia,Letonia,2,1,FIFA World Cup qualification
3667,2001,Serbia,Luxemburgo,6,2,FIFA World Cup qualification
3668,2001,Eslovenia,Islas Feroe,3,0,FIFA World Cup qualification
3669,2001,Venezuela,Perú,3,0,FIFA World Cup qualification
3670,2001,Gales,Bielorrusia,1,0,FIFA World Cup qualification
3671,2001,Bosnia y Herzegovina,Liechtenstein,5,0,FIFA World Cup qualification
3672,2001,Brasil,Chile,2,0,FIFA World Cup qualification
3673,2001,China,Omán,1,0,FIFA World Cup qualification
3674,2001,Costa Rica,México,0,0,FIFA World Cup qualification
3675,2001,Honduras,Trinidad y Tobago,0,1,FIFA World Cup qualification
3676,2001,Macedonia del Norte,Eslovaquia,0,5,FIFA World Cup qualification
3677,2001,Paraguay,Argentina,2,2,FIFA World Cup qualification
3678,2001,Suecia,Azerbaiyán,3,0,FIFA World Cup qualification
3679,2001,Uruguay,Colombia,1,1,FIFA World Cup qualification
3680,2001,Estados Unidos,Jamaica,2,1,FIFA World Cup qualification
3681,2001,Irán,Irak,2,1,FIFA World Cup qualification
3682,2001,China,Catar,3,0,FIFA World Cup qualification
3683,2001,Omán,Uzbekistán,4,2,FIFA World Cup qualification
3684,2001,Tailandia,Baréin,1,1,FIFA World Cup qualification
3685,2001,Emiratos Árabes Unidos,Omán,2,2,FIFA World Cup qualification
3686,2001,Uzbekistán,China,1,0,FIFA World Cup qualification
3687,2001,Baréin,Irán,3,1,FIFA World Cup qualification
3688,2001,Arabia Saudita,Tailandia,4,1,FIFA World Cup qualification
3689,2001,Irán,Emiratos Árabes Unidos,1,0,FIFA World Cup qualification
3690,2001,Israel,Austria,1,1,FIFA World Cup qualification
3691,2001,Emiratos Árabes Unidos,Irán,0,3,FIFA World Cup qualification
3692,2001,Bolivia,Brasil,3,1,FIFA World Cup qualification
3693,2001,Colombia,Chile,3,1,FIFA World Cup qualification
3694,2001,Ecuador,Uruguay,1,1,FIFA World Cup qualification
3695,2001,Argentina,Perú,2,0,FIFA World Cup qualification
3696,2001,Venezuela,Paraguay,3,1,FIFA World Cup qualification
3697,2001,Austria,Turquía,0,1,FIFA World Cup qualification
3698,2001,Bélgica,República Checa,1,0,FIFA World Cup qualification
3699,2001,Irlanda,Irán,2,0,FIFA World Cup qualification
3700,2001,Eslovenia,Rumania,2,1,FIFA World Cup qualification
3701,2001,Ucrania,Alemania,1,1,FIFA World Cup qualification
3702,2001,Jamaica,Costa Rica,0,1,FIFA World Cup qualification
3703,2001,México,Honduras,3,0,FIFA World Cup qualification
3704,2001,Trinidad y Tobago,Estados Unidos,0,0,FIFA World Cup qualification
3705,2001,Brasil,Venezuela,3,0,FIFA World Cup qualification
3706,2001,Chile,Ecuador,0,0,FIFA World Cup qualification
3707,2001,República Checa,Bélgica,0,1,FIFA World Cup qualification
3708,2001,Alemania,Ucrania,4,1,FIFA World Cup qualification
3709,2001,Paraguay,Colombia,0,4,FIFA World Cup qualification
3710,2001,Perú,Bolivia,1,1,FIFA World Cup qualification
3711,2001,Rumania,Eslovenia,1,1,FIFA World Cup qualification
3712,2001,Turquía,Austria,5,0,FIFA World Cup qualification
3713,2001,Uruguay,Argentina,1,1,FIFA World Cup qualification
3714,2001,Irán,Irlanda,1,0,FIFA World Cup qualification
3715,2001,Australia,Uruguay,1,0,FIFA World Cup qualification
3716,2001,Uruguay,Australia,3,0,FIFA World Cup qualification
3717,2003,Argentina,Chile,2,2,FIFA World Cup qualification
3718,2003,Ecuador,Venezuela,2,0,FIFA World Cup qualification
3719,2003,Perú,Paraguay,4,1,FIFA World Cup qualification
3720,2003,Colombia,Brasil,1,2,FIFA World Cup qualification
3721,2003,Uruguay,Bolivia,5,0,FIFA World Cup qualification
3722,2003,Chile,Perú,2,1,FIFA World Cup qualification
3723,2003,Venezuela,Argentina,0,3,FIFA World Cup qualification
3724,2003,Bolivia,Colombia,4,0,FIFA World Cup qualification
3725,2003,Brasil,Ecuador,1,0,FIFA World Cup qualification
3726,2003,Paraguay,Uruguay,4,1,FIFA World Cup qualification
3727,2003,Guinea-Bissau,Malí,1,2,FIFA World Cup qualification
3728,2003,Botsuana,Lesoto,4,1,FIFA World Cup qualification
3729,2003,Guinea Ecuatorial,Togo,1,0,FIFA World Cup qualification
3730,2003,Madagascar,Benín,1,1,FIFA World Cup qualification
3731,2003,Níger,Argelia,0,1,FIFA World Cup qualification
3732,2003,Santo Tomé y Príncipe,Libia,0,1,FIFA World Cup qualification
3733,2003,Seychelles,Zambia,0,4,FIFA World Cup qualification
3734,2003,Tanzania,Kenia,0,0,FIFA World Cup qualification
3735,2003,Uganda,Mauricio,3,0,FIFA World Cup qualification
3736,2003,Sudán,Eritrea,3,0,FIFA World Cup qualification
3737,2003,Burundi,Gabón,0,0,FIFA World Cup qualification
3738,2003,Chad,Angola,3,1,FIFA World Cup qualification
3739,2003,Congo,Sierra Leona,1,0,FIFA World Cup qualification
3740,2003,Etiopía,Malaui,1,3,FIFA World Cup qualification
3741,2003,Gambia,Liberia,2,0,FIFA World Cup qualification
3742,2003,Guinea,Mozambique,1,0,FIFA World Cup qualification
3743,2003,Ruanda,Namibia,3,0,FIFA World Cup qualification
3744,2003,Eswatini,Cabo Verde,1,1,FIFA World Cup qualification
3745,2003,Zimbabue,Mauritania,3,0,FIFA World Cup qualification
3746,2003,Argelia,Níger,6,0,FIFA World Cup qualification
3747,2003,Malí,Guinea-Bissau,2,0,FIFA World Cup qualification
3748,2003,Mauritania,Zimbabue,2,1,FIFA World Cup qualification
3749,2003,Argentina,Bolivia,3,0,FIFA World Cup qualification
3750,2003,Colombia,Venezuela,0,1,FIFA World Cup qualification
3751,2003,Gabón,Burundi,4,1,FIFA World Cup qualification
3752,2003,Kenia,Tanzania,3,0,FIFA World Cup qualification
3753,2003,Malaui,Etiopía,0,0,FIFA World Cup qualification
3754,2003,Namibia,Ruanda,1,1,FIFA World Cup qualification
3755,2003,Paraguay,Ecuador,2,1,FIFA World Cup qualification
3756,2003,Uruguay,Chile,2,1,FIFA World Cup qualification
3757,2003,Zambia,Seychelles,1,1,FIFA World Cup qualification
3758,2003,Angola,Chad,2,0,FIFA World Cup qualification
3759,2003,Benín,Madagascar,3,2,FIFA World Cup qualification
3760,2003,Cabo Verde,Eswatini,3,0,FIFA World Cup qualification
3761,2003,Eritrea,Sudán,0,0,FIFA World Cup qualification
3762,2003,Ghana,Somalia,5,0,FIFA World Cup qualification
3763,2003,Lesoto,Botsuana,0,0,FIFA World Cup qualification
3764,2003,Liberia,Gambia,3,0,FIFA World Cup qualification
3765,2003,Libia,Santo Tomé y Príncipe,8,0,FIFA World Cup qualification
3766,2003,Mauricio,Uganda,3,1,FIFA World Cup qualification
3767,2003,Mozambique,Guinea,3,4,FIFA World Cup qualification
3768,2003,Perú,Brasil,1,1,FIFA World Cup qualification
3769,2003,Sierra Leona,Congo,1,1,FIFA World Cup qualification
3770,2003,Togo,Guinea Ecuatorial,2,0,FIFA World Cup qualification
3771,2003,Chile,Paraguay,0,1,FIFA World Cup qualification
3772,2003,Venezuela,Bolivia,2,1,FIFA World Cup qualification
3773,2003,Brasil,Uruguay,3,3,FIFA World Cup qualification
3774,2003,Colombia,Argentina,1,1,FIFA World Cup qualification
3775,2003,Ecuador,Perú,0,0,FIFA World Cup qualification
3776,2003,Ghana,Somalia,2,0,FIFA World Cup qualification
3777,2003,Turkmenistán,Afganistán,11,0,FIFA World Cup qualification
3778,2003,Afganistán,Turkmenistán,0,2,FIFA World Cup qualification
3779,2003,Taiwán,Macao,3,0,FIFA World Cup qualification
3780,2003,Bangladesh,Tayikistán,0,2,FIFA World Cup qualification
3781,2003,Laos,Sri Lanka,0,0,FIFA World Cup qualification
3782,2003,Macao,Taiwán,1,3,FIFA World Cup qualification
3783,2003,Mongolia,Maldivas,0,1,FIFA World Cup qualification
3784,2003,Pakistán,Kirguistán,0,2,FIFA World Cup qualification
3785,2003,Tayikistán,Bangladesh,2,0,FIFA World Cup qualification
3786,2003,Kirguistán,Pakistán,4,0,FIFA World Cup qualification
3787,2003,Maldivas,Mongolia,12,0,FIFA World Cup qualification
3788,2003,Sri Lanka,Laos,3,0,FIFA World Cup qualification
3789,2004,Antigua y Barbuda,Curazao,2,0,FIFA World Cup qualification
3790,2004,Baréin,Siria,2,1,FIFA World Cup qualification
3791,2004,China,Kuwait,1,0,FIFA World Cup qualification
3792,2004,Haití,Islas Turcas y Caicos,5,0,FIFA World Cup qualification
3793,2004,India,Singapur,1,0,FIFA World Cup qualification
3794,2004,Irán,Catar,3,1,FIFA World Cup qualification
3795,2004,Japón,Omán,1,0,FIFA World Cup qualification
3796,2004,Jordania,Laos,5,0,FIFA World Cup qualification
3797,2004,Corea del Sur,Líbano,2,0,FIFA World Cup qualification
3798,2004,Kirguistán,Tayikistán,1,2,FIFA World Cup qualification
3799,2004,Malasia,Hong Kong,1,3,FIFA World Cup qualification
3800,2004,Palestina,Taiwán,8,0,FIFA World Cup qualification
3801,2004,Arabia Saudita,Indonesia,3,0,FIFA World Cup qualification
3802,2004,Turkmenistán,Sri Lanka,2,0,FIFA World Cup qualification
3803,2004,Emiratos Árabes Unidos,Tailandia,1,0,FIFA World Cup qualification
3804,2004,Uzbekistán,Irak,1,1,FIFA World Cup qualification
3805,2004,Vietnam,Maldivas,4,0,FIFA World Cup qualification
3806,2004,Islas Vírgenes de los Estados Unidos,San Cristóbal y Nieves,0,4,FIFA World Cup qualification
3807,2004,Yemen,Corea del Norte,1,1,FIFA World Cup qualification
3808,2004,Islas Turcas y Caicos,Haití,0,2,FIFA World Cup qualification
3809,2004,Islas Vírgenes Británicas,Santa Lucía,0,1,FIFA World Cup qualification
3810,2004,Islas Caimán,Cuba,1,2,FIFA World Cup qualification
3811,2004,Aruba,Surinam,1,2,FIFA World Cup qualification
3812,2004,Granada,Guayana,5,0,FIFA World Cup qualification
3813,2004,islas Bermudas,Montserrat,13,0,FIFA World Cup qualification
3814,2004,Guayana,Granada,1,3,FIFA World Cup qualification
3815,2004,República Dominicana,Anguila,0,0,FIFA World Cup qualification
3816,2004,República Dominicana,Anguila,6,0,FIFA World Cup qualification
3817,2004,Montserrat,islas Bermudas,0,7,FIFA World Cup qualification
3818,2004,Bahamas,Dominica,1,1,FIFA World Cup qualification
3819,2004,Cuba,Islas Caimán,3,0,FIFA World Cup qualification
3820,2004,Surinam,Aruba,8,1,FIFA World Cup qualification
3821,2004,Bahamas,Dominica,1,3,FIFA World Cup qualification
3822,2004,Santa Lucía,Islas Vírgenes Británicas,9,0,FIFA World Cup qualification
3823,2004,Argentina,Ecuador,1,0,FIFA World Cup qualification
3824,2004,Bolivia,Chile,0,2,FIFA World Cup qualification
3825,2004,Curazao,Antigua y Barbuda,3,0,FIFA World Cup qualification
3826,2004,Hong Kong,China,0,1,FIFA World Cup qualification
3827,2004,India,Omán,1,5,FIFA World Cup qualification
3828,2004,Jordania,Catar,1,0,FIFA World Cup qualification
3829,2004,Corea del Norte,Emiratos Árabes Unidos,0,0,FIFA World Cup qualification
3830,2004,Kirguistán,Siria,1,1,FIFA World Cup qualification
3831,2004,Laos,Irán,0,7,FIFA World Cup qualification
3832,2004,Malasia,Kuwait,0,2,FIFA World Cup qualification
3833,2004,Maldivas,Corea del Sur,0,0,FIFA World Cup qualification
3834,2004,Palestina,Irak,1,1,FIFA World Cup qualification
3835,2004,Paraguay,Brasil,0,0,FIFA World Cup qualification
3836,2004,Perú,Colombia,0,2,FIFA World Cup qualification
3837,2004,Singapur,Japón,1,2,FIFA World Cup qualification
3838,2004,Sri Lanka,Arabia Saudita,0,1,FIFA World Cup qualification
3839,2004,San Cristóbal y Nieves,Islas Vírgenes de los Estados Unidos,7,0,FIFA World Cup qualification
3840,2004,Tayikistán,Baréin,0,0,FIFA World Cup qualification
3841,2004,Turkmenistán,Indonesia,3,1,FIFA World Cup qualification
3842,2004,Uruguay,Venezuela,0,3,FIFA World Cup qualification
3843,2004,Vietnam,Líbano,0,2,FIFA World Cup qualification
3844,2004,Yemen,Tailandia,0,3,FIFA World Cup qualification
3845,2004,Taiwán,Uzbekistán,0,1,FIFA World Cup qualification
3846,2004,Papúa Nueva Guinea,Vanuatu,1,1,FIFA World Cup qualification
3847,2004,Samoa,Samoa Americana,4,0,FIFA World Cup qualification
3848,2004,Islas Salomón,Tonga,6,0,FIFA World Cup qualification
3849,2004,Tahití,Islas Cook,2,0,FIFA World Cup qualification
3850,2004,Samoa Americana,Vanuatu,1,9,FIFA World Cup qualification
3851,2004,Fiyi,Papúa Nueva Guinea,4,2,FIFA World Cup qualification
3852,2004,Islas Salomón,Islas Cook,5,0,FIFA World Cup qualification
3853,2004,Tahití,Nueva Caledonia,0,0,FIFA World Cup qualification
3854,2004,Fiyi,Samoa Americana,11,0,FIFA World Cup qualification
3855,2004,Samoa,Vanuatu,0,3,FIFA World Cup qualification
3856,2004,Islas Salomón,Nueva Caledonia,2,0,FIFA World Cup qualification
3857,2004,Tonga,Islas Cook,2,1,FIFA World Cup qualification
3858,2004,Samoa Americana,Papúa Nueva Guinea,0,10,FIFA World Cup qualification
3859,2004,Nueva Caledonia,Islas Cook,8,0,FIFA World Cup qualification
3860,2004,Samoa,Fiyi,0,4,FIFA World Cup qualification
3861,2004,Tahití,Tonga,2,0,FIFA World Cup qualification
3862,2004,Fiyi,Vanuatu,0,3,FIFA World Cup qualification
3863,2004,Nueva Caledonia,Tonga,8,0,FIFA World Cup qualification
3864,2004,Samoa,Papúa Nueva Guinea,1,4,FIFA World Cup qualification
3865,2004,Islas Salomón,Tahití,1,1,FIFA World Cup qualification
3866,2004,Bolivia,Paraguay,2,1,FIFA World Cup qualification
3867,2004,Uruguay,Perú,1,3,FIFA World Cup qualification
3868,2004,Venezuela,Chile,0,1,FIFA World Cup qualification
3869,2004,Brasil,Argentina,3,1,FIFA World Cup qualification
3870,2004,Ecuador,Colombia,2,1,FIFA World Cup qualification
3871,2004,Argelia,Angola,0,0,FIFA World Cup qualification
3872,2004,Burkina Faso,Ghana,1,0,FIFA World Cup qualification
3873,2004,Ecuador,Bolivia,3,2,FIFA World Cup qualification
3874,2004,Gabón,Zimbabue,1,1,FIFA World Cup qualification
3875,2004,Malaui,Marruecos,1,1,FIFA World Cup qualification
3876,2004,Nigeria,Ruanda,2,0,FIFA World Cup qualification
3877,2004,Senegal,Congo,2,0,FIFA World Cup qualification
3878,2004,Sudáfrica,Cabo Verde,2,1,FIFA World Cup qualification
3879,2004,Túnez,Botsuana,4,1,FIFA World Cup qualification
3880,2004,Zambia,Togo,1,0,FIFA World Cup qualification
3881,2004,Argentina,Paraguay,0,0,FIFA World Cup qualification
3882,2004,Camerún,Benín,2,1,FIFA World Cup qualification
3883,2004,Chile,Brasil,1,1,FIFA World Cup qualification
3884,2004,Colombia,Uruguay,5,0,FIFA World Cup qualification
3885,2004,Costa de Marfil,Libia,2,0,FIFA World Cup qualification
3886,2004,Liberia,Malí,1,0,FIFA World Cup qualification
3887,2004,Perú,Venezuela,0,0,FIFA World Cup qualification
3888,2004,Sudán,Egipto,0,3,FIFA World Cup qualification
3889,2004,Uganda,República Democrática del Congo,1,0,FIFA World Cup qualification
3890,2004,Baréin,Kirguistán,5,0,FIFA World Cup qualification
3891,2004,China,Malasia,4,0,FIFA World Cup qualification
3892,2004,Indonesia,Sri Lanka,1,0,FIFA World Cup qualification
3893,2004,Irán,Jordania,0,1,FIFA World Cup qualification
3894,2004,Irak,Taiwán,6,1,FIFA World Cup qualification
3895,2004,Japón,India,7,0,FIFA World Cup qualification
3896,2004,Corea del Sur,Vietnam,2,0,FIFA World Cup qualification
3897,2004,Kuwait,Hong Kong,4,0,FIFA World Cup qualification
3898,2004,Líbano,Maldivas,3,0,FIFA World Cup qualification
3899,2004,Omán,Singapur,7,0,FIFA World Cup qualification
3900,2004,Catar,Laos,5,0,FIFA World Cup qualification
3901,2004,Arabia Saudita,Turkmenistán,3,0,FIFA World Cup qualification
3902,2004,Tailandia,Corea del Norte,1,4,FIFA World Cup qualification
3903,2004,Emiratos Árabes Unidos,Yemen,3,0,FIFA World Cup qualification
3904,2004,Uzbekistán,Palestina,3,0,FIFA World Cup qualification
3905,2004,Siria,Tayikistán,2,1,FIFA World Cup qualification
3906,2004,Cuba,Costa Rica,2,2,FIFA World Cup qualification
3907,2004,Curazao,Honduras,1,2,FIFA World Cup qualification
3908,2004,Haití,Jamaica,1,1,FIFA World Cup qualification
3909,2004,Surinam,Guatemala,1,1,FIFA World Cup qualification
3910,2004,Barbados,San Cristóbal y Nieves,0,2,FIFA World Cup qualification
3911,2004,Canadá,Belice,4,0,FIFA World Cup qualification
3912,2004,República Dominicana,Trinidad y Tobago,0,2,FIFA World Cup qualification
3913,2004,El Salvador,islas Bermudas,2,1,FIFA World Cup qualification
3914,2004,Panamá,Santa Lucía,4,0,FIFA World Cup qualification
3915,2004,Estados Unidos,Granada,3,0,FIFA World Cup qualification
3916,2004,Nicaragua,San Vicente y las Granadinas,2,2,FIFA World Cup qualification
3917,2004,Canadá,Belice,4,0,FIFA World Cup qualification
3918,2004,Libia,Camerún,0,0,FIFA World Cup qualification
3919,2004,Botsuana,Malaui,2,0,FIFA World Cup qualification
3920,2004,Cabo Verde,Uganda,1,0,FIFA World Cup qualification
3921,2004,Dominica,México,0,10,FIFA World Cup qualification
3922,2004,Honduras,Curazao,4,0,FIFA World Cup qualification
3923,2004,Malí,Zambia,1,1,FIFA World Cup qualification
3924,2004,Ruanda,Gabón,3,1,FIFA World Cup qualification
3925,2004,San Cristóbal y Nieves,Barbados,3,2,FIFA World Cup qualification
3926,2004,Angola,Nigeria,1,0,FIFA World Cup qualification
3927,2004,Benín,Sudán,1,1,FIFA World Cup qualification
3928,2004,islas Bermudas,El Salvador,2,2,FIFA World Cup qualification
3929,2004,Congo,Liberia,3,0,FIFA World Cup qualification
3930,2004,República Democrática del Congo,Burkina Faso,3,2,FIFA World Cup qualification
3931,2004,Costa Rica,Cuba,1,1,FIFA World Cup qualification
3932,2004,Egipto,Costa de Marfil,1,2,FIFA World Cup qualification
3933,2004,Ghana,Sudáfrica,3,0,FIFA World Cup qualification
3934,2004,Granada,Estados Unidos,2,3,FIFA World Cup qualification
3935,2004,Guatemala,Surinam,3,1,FIFA World Cup qualification
3936,2004,Guinea,Túnez,2,1,FIFA World Cup qualification
3937,2004,Jamaica,Haití,3,0,FIFA World Cup qualification
3938,2004,Santa Lucía,Panamá,0,3,FIFA World Cup qualification
3939,2004,Togo,Senegal,3,1,FIFA World Cup qualification
3940,2004,Trinidad y Tobago,República Dominicana,4,0,FIFA World Cup qualification
3941,2004,Zimbabue,Argelia,1,1,FIFA World Cup qualification
3942,2004,San Vicente y las Granadinas,Nicaragua,4,1,FIFA World Cup qualification
3943,2004,México,Dominica,8,0,FIFA World Cup qualification
3944,2004,Botsuana,Marruecos,0,1,FIFA World Cup qualification
3945,2004,Cabo Verde,República Democrática del Congo,1,1,FIFA World Cup qualification
3946,2004,Gabón,Angola,2,2,FIFA World Cup qualification
3947,2004,Malaui,Guinea,1,1,FIFA World Cup qualification
3948,2004,Nigeria,Argelia,1,0,FIFA World Cup qualification
3949,2004,Ruanda,Zimbabue,0,2,FIFA World Cup qualification
3950,2004,Senegal,Zambia,1,0,FIFA World Cup qualification
3951,2004,Sudáfrica,Burkina Faso,2,0,FIFA World Cup qualification
3952,2004,Sudán,Libia,0,1,FIFA World Cup qualification
3953,2004,Uganda,Ghana,1,1,FIFA World Cup qualification
3954,2004,Benín,Egipto,3,3,FIFA World Cup qualification
3955,2004,Camerún,Costa de Marfil,2,0,FIFA World Cup qualification
3956,2004,Liberia,Togo,0,0,FIFA World Cup qualification
3957,2004,Congo,Malí,1,0,FIFA World Cup qualification
3958,2004,Canadá,Guatemala,0,2,FIFA World Cup qualification
3959,2004,Costa Rica,Honduras,2,5,FIFA World Cup qualification
3960,2004,El Salvador,Panamá,2,1,FIFA World Cup qualification
3961,2004,Jamaica,Estados Unidos,1,1,FIFA World Cup qualification
3962,2004,Liechtenstein,Estonia,1,2,FIFA World Cup qualification
3963,2004,Rumania,Finlandia,2,1,FIFA World Cup qualification
3964,2004,Eslovaquia,Luxemburgo,3,1,FIFA World Cup qualification
3965,2004,Macedonia del Norte,Armenia,3,0,FIFA World Cup qualification
3966,2004,San Vicente y las Granadinas,Trinidad y Tobago,0,2,FIFA World Cup qualification
3967,2004,Libia,Benín,4,1,FIFA World Cup qualification
3968,2004,Albania,Grecia,2,1,FIFA World Cup qualification
3969,2004,Austria,Inglaterra,2,2,FIFA World Cup qualification
3970,2004,Azerbaiyán,Gales,1,1,FIFA World Cup qualification
3971,2004,Bélgica,Lituania,1,1,FIFA World Cup qualification
3972,2004,Burkina Faso,Uganda,2,0,FIFA World Cup qualification
3973,2004,Canadá,Honduras,1,1,FIFA World Cup qualification
3974,2004,Croacia,Hungría,3,0,FIFA World Cup qualification
3975,2004,Dinamarca,Ucrania,1,1,FIFA World Cup qualification
3976,2004,Estonia,Luxemburgo,4,0,FIFA World Cup qualification
3977,2004,Finlandia,Andorra,3,0,FIFA World Cup qualification
3978,2004,Francia,Israel,0,0,FIFA World Cup qualification
3979,2004,Islandia,Bulgaria,1,3,FIFA World Cup qualification
3980,2004,Irlanda,Chipre,3,0,FIFA World Cup qualification
3981,2004,Italia,Noruega,2,1,FIFA World Cup qualification
3982,2004,Jamaica,Panamá,1,2,FIFA World Cup qualification
3983,2004,Kenia,Malaui,3,2,FIFA World Cup qualification
3984,2004,Letonia,Portugal,0,2,FIFA World Cup qualification
3985,2004,Malta,Suecia,0,7,FIFA World Cup qualification
3986,2004,Marruecos,Túnez,1,1,FIFA World Cup qualification
3987,2004,Irlanda del Norte,Polonia,0,3,FIFA World Cup qualification
3988,2004,Perú,Argentina,1,3,FIFA World Cup qualification
3989,2004,Rumania,Macedonia del Norte,2,1,FIFA World Cup qualification
3990,2004,Rusia,Eslovaquia,1,1,FIFA World Cup qualification
3991,2004,San Marino,Serbia,0,3,FIFA World Cup qualification
3992,2004,Eslovenia,Moldavia,3,0,FIFA World Cup qualification
3993,2004,San Cristóbal y Nieves,Trinidad y Tobago,1,2,FIFA World Cup qualification
3994,2004,Suiza,Islas Feroe,6,0,FIFA World Cup qualification
3995,2004,Turquía,Georgia,1,1,FIFA World Cup qualification
3996,2004,Estados Unidos,El Salvador,2,0,FIFA World Cup qualification
3997,2004,Zambia,Liberia,1,0,FIFA World Cup qualification
3998,2004,Argelia,Gabón,0,3,FIFA World Cup qualification
3999,2004,Angola,Ruanda,1,0,FIFA World Cup qualification
4000,2004,Brasil,Bolivia,3,1,FIFA World Cup qualification
4001,2004,Chile,Colombia,0,0,FIFA World Cup qualification
4002,2004,República Democrática del Congo,Sudáfrica,1,0,FIFA World Cup qualification
4003,2004,Egipto,Camerún,3,2,FIFA World Cup qualification
4004,2004,Ghana,Cabo Verde,2,0,FIFA World Cup qualification
4005,2004,Guatemala,Costa Rica,2,1,FIFA World Cup qualification
4006,2004,Guinea,Botsuana,4,0,FIFA World Cup qualification
4007,2004,Costa de Marfil,Sudán,5,0,FIFA World Cup qualification
4008,2004,Malí,Senegal,2,2,FIFA World Cup qualification
4009,2004,Paraguay,Venezuela,1,0,FIFA World Cup qualification
4010,2004,Togo,Congo,2,0,FIFA World Cup qualification
4011,2004,Uruguay,Ecuador,1,0,FIFA World Cup qualification
4012,2004,Zimbabue,Nigeria,0,3,FIFA World Cup qualification
4013,2004,Andorra,Rumania,1,5,FIFA World Cup qualification
4014,2004,Armenia,Finlandia,0,2,FIFA World Cup qualification
4015,2004,Austria,Azerbaiyán,2,0,FIFA World Cup qualification
4016,2004,Bosnia y Herzegovina,España,1,1,FIFA World Cup qualification
4017,2004,Costa Rica,Canadá,1,0,FIFA World Cup qualification
4018,2004,El Salvador,Jamaica,0,3,FIFA World Cup qualification
4019,2004,Islas Feroe,Francia,0,2,FIFA World Cup qualification
4020,2004,Georgia,Albania,2,0,FIFA World Cup qualification
4021,2004,Grecia,Turquía,0,0,FIFA World Cup qualification
4022,2004,Honduras,Guatemala,2,2,FIFA World Cup qualification
4023,2004,Hong Kong,Kuwait,0,2,FIFA World Cup qualification
4024,2004,Hungría,Islandia,3,2,FIFA World Cup qualification
4025,2004,India,Japón,0,4,FIFA World Cup qualification
4026,2004,Israel,Chipre,2,1,FIFA World Cup qualification
4027,2004,Jordania,Irán,0,2,FIFA World Cup qualification
4028,2004,Kazajistán,Ucrania,1,2,FIFA World Cup qualification
4029,2004,Corea del Norte,Tailandia,4,1,FIFA World Cup qualification
4030,2004,Kirguistán,Baréin,1,2,FIFA World Cup qualification
4031,2004,Laos,Catar,1,6,FIFA World Cup qualification
4032,2004,Lituania,San Marino,4,0,FIFA World Cup qualification
4033,2004,Luxemburgo,Letonia,3,4,FIFA World Cup qualification
4034,2004,Malasia,China,0,1,FIFA World Cup qualification
4035,2004,Maldivas,Líbano,2,5,FIFA World Cup qualification
4036,2004,Moldavia,Italia,0,1,FIFA World Cup qualification
4037,2004,Países Bajos,República Checa,2,0,FIFA World Cup qualification
4038,2004,Noruega,Bielorrusia,1,1,FIFA World Cup qualification
4039,2004,Palestina,Uzbekistán,0,3,FIFA World Cup qualification
4040,2004,Panamá,Estados Unidos,1,1,FIFA World Cup qualification
4041,2004,Polonia,Inglaterra,1,2,FIFA World Cup qualification
4042,2004,Portugal,Estonia,4,0,FIFA World Cup qualification
4043,2004,Escocia,Eslovenia,0,0,FIFA World Cup qualification
4044,2004,Singapur,Omán,0,2,FIFA World Cup qualification
4045,2004,Eslovaquia,Liechtenstein,7,0,FIFA World Cup qualification
4046,2004,Sri Lanka,Indonesia,2,2,FIFA World Cup qualification
4047,2004,Suecia,Croacia,0,1,FIFA World Cup qualification
4048,2004,Suiza,Irlanda,1,1,FIFA World Cup qualification
4049,2004,Tayikistán,Siria,0,1,FIFA World Cup qualification
4050,2004,Trinidad y Tobago,México,1,3,FIFA World Cup qualification
4051,2004,Turkmenistán,Arabia Saudita,0,1,FIFA World Cup qualification
4052,2004,Vietnam,Corea del Sur,1,2,FIFA World Cup qualification
4053,2004,Gales,Irlanda del Norte,2,2,FIFA World Cup qualification
4054,2004,Yemen,Emiratos Árabes Unidos,3,1,FIFA World Cup qualification
4055,2004,Taiwán,Irak,1,4,FIFA World Cup qualification
4056,2004,San Vicente y las Granadinas,San Cristóbal y Nieves,1,0,FIFA World Cup qualification
4057,2004,México,San Vicente y las Granadinas,7,0,FIFA World Cup qualification
4058,2004,Libia,Egipto,2,1,FIFA World Cup qualification
4059,2004,Albania,Dinamarca,0,2,FIFA World Cup qualification
4060,2004,Argentina,Uruguay,4,2,FIFA World Cup qualification
4061,2004,Austria,Polonia,1,3,FIFA World Cup qualification
4062,2004,Azerbaiyán,Irlanda del Norte,0,0,FIFA World Cup qualification
4063,2004,Bielorrusia,Moldavia,4,0,FIFA World Cup qualification
4064,2004,Bolivia,Perú,1,0,FIFA World Cup qualification
4065,2004,Bosnia y Herzegovina,Serbia,0,0,FIFA World Cup qualification
4066,2004,Botsuana,Kenia,2,1,FIFA World Cup qualification
4067,2004,Cabo Verde,Burkina Faso,1,0,FIFA World Cup qualification
4068,2004,Colombia,Paraguay,1,1,FIFA World Cup qualification
4069,2004,Costa Rica,Guatemala,5,0,FIFA World Cup qualification
4070,2004,Croacia,Bulgaria,2,2,FIFA World Cup qualification
4071,2004,Chipre,Islas Feroe,2,2,FIFA World Cup qualification
4072,2004,República Checa,Rumania,1,0,FIFA World Cup qualification
4073,2004,El Salvador,Estados Unidos,0,2,FIFA World Cup qualification
4074,2004,Inglaterra,Gales,2,0,FIFA World Cup qualification
4075,2004,Finlandia,Armenia,3,1,FIFA World Cup qualification
4076,2004,Francia,Irlanda,0,0,FIFA World Cup qualification
4077,2004,Gabón,Nigeria,1,1,FIFA World Cup qualification
4078,2004,Honduras,Canadá,1,1,FIFA World Cup qualification
4079,2004,Israel,Suiza,2,2,FIFA World Cup qualification
4080,2004,Liechtenstein,Portugal,2,2,FIFA World Cup qualification
4081,2004,Luxemburgo,Rusia,0,4,FIFA World Cup qualification
4082,2004,Macedonia del Norte,Países Bajos,2,2,FIFA World Cup qualification
4083,2004,Malaui,Túnez,2,2,FIFA World Cup qualification
4084,2004,Malta,Islandia,0,0,FIFA World Cup qualification
4085,2004,Panamá,Jamaica,1,1,FIFA World Cup qualification
4086,2004,Ruanda,Argelia,1,1,FIFA World Cup qualification
4087,2004,Escocia,Noruega,0,1,FIFA World Cup qualification
4088,2004,Eslovaquia,Letonia,4,1,FIFA World Cup qualification
4089,2004,Eslovenia,Italia,1,0,FIFA World Cup qualification
4090,2004,España,Bélgica,2,0,FIFA World Cup qualification
4091,2004,Sri Lanka,Turkmenistán,2,2,FIFA World Cup qualification
4092,2004,Sudán,Camerún,1,1,FIFA World Cup qualification
4093,2004,Suecia,Hungría,3,0,FIFA World Cup qualification
4094,2004,Turquía,Kazajistán,4,0,FIFA World Cup qualification
4095,2004,Ucrania,Grecia,1,1,FIFA World Cup qualification
4096,2004,Venezuela,Brasil,2,5,FIFA World Cup qualification
4097,2004,Angola,Zimbabue,1,0,FIFA World Cup qualification
4098,2004,Benín,Costa de Marfil,0,1,FIFA World Cup qualification
4099,2004,Congo,Zambia,2,3,FIFA World Cup qualification
4100,2004,Ecuador,Chile,2,0,FIFA World Cup qualification
4101,2004,Ghana,República Democrática del Congo,0,0,FIFA World Cup qualification
4102,2004,Guinea,Marruecos,1,1,FIFA World Cup qualification
4103,2004,Liberia,Senegal,0,3,FIFA World Cup qualification
4104,2004,Togo,Malí,1,0,FIFA World Cup qualification
4105,2004,Trinidad y Tobago,San Cristóbal y Nieves,5,1,FIFA World Cup qualification
4106,2004,Uganda,Sudáfrica,0,1,FIFA World Cup qualification
4107,2004,San Vicente y las Granadinas,México,0,1,FIFA World Cup qualification
4108,2004,Bolivia,Uruguay,0,0,FIFA World Cup qualification
4109,2004,Indonesia,Arabia Saudita,1,3,FIFA World Cup qualification
4110,2004,Andorra,Macedonia del Norte,1,0,FIFA World Cup qualification
4111,2004,Armenia,República Checa,0,3,FIFA World Cup qualification
4112,2004,Azerbaiyán,Inglaterra,0,1,FIFA World Cup qualification
4113,2004,Brasil,Colombia,0,0,FIFA World Cup qualification
4114,2004,Bulgaria,Malta,4,1,FIFA World Cup qualification
4115,2004,Canadá,Costa Rica,1,3,FIFA World Cup qualification
4116,2004,Chile,Argentina,0,0,FIFA World Cup qualification
4117,2004,Chipre,Francia,0,2,FIFA World Cup qualification
4118,2004,Dinamarca,Turquía,1,1,FIFA World Cup qualification
4119,2004,Guatemala,Honduras,1,0,FIFA World Cup qualification
4120,2004,Hong Kong,Malasia,2,0,FIFA World Cup qualification
4121,2004,Islandia,Suecia,1,4,FIFA World Cup qualification
4122,2004,Irak,Uzbekistán,1,2,FIFA World Cup qualification
4123,2004,Irlanda,Islas Feroe,2,0,FIFA World Cup qualification
4124,2004,Italia,Bielorrusia,4,3,FIFA World Cup qualification
4125,2004,Jamaica,El Salvador,0,0,FIFA World Cup qualification
4126,2004,Kazajistán,Albania,0,1,FIFA World Cup qualification
4127,2004,Corea del Norte,Yemen,2,1,FIFA World Cup qualification
4128,2004,Kuwait,China,1,0,FIFA World Cup qualification
4129,2004,Laos,Jordania,2,3,FIFA World Cup qualification
4130,2004,Letonia,Estonia,2,2,FIFA World Cup qualification
4131,2004,Líbano,Corea del Sur,1,1,FIFA World Cup qualification
4132,2004,Lituania,España,0,0,FIFA World Cup qualification
4133,2004,Luxemburgo,Liechtenstein,0,4,FIFA World Cup qualification
4134,2004,Maldivas,Vietnam,3,0,FIFA World Cup qualification
4135,2004,México,Trinidad y Tobago,3,0,FIFA World Cup qualification
4136,2004,Moldavia,Escocia,1,1,FIFA World Cup qualification
4137,2004,Países Bajos,Finlandia,3,1,FIFA World Cup qualification
4138,2004,Irlanda del Norte,Austria,3,3,FIFA World Cup qualification
4139,2004,Noruega,Eslovenia,3,0,FIFA World Cup qualification
4140,2004,Omán,Japón,0,1,FIFA World Cup qualification
4141,2004,Paraguay,Perú,1,1,FIFA World Cup qualification
4142,2004,Portugal,Rusia,7,1,FIFA World Cup qualification
4143,2004,Catar,Irán,2,3,FIFA World Cup qualification
4144,2004,Serbia,San Marino,5,0,FIFA World Cup qualification
4145,2004,Singapur,India,2,0,FIFA World Cup qualification
4146,2004,San Cristóbal y Nieves,San Vicente y las Granadinas,0,3,FIFA World Cup qualification
4147,2004,Siria,Baréin,2,2,FIFA World Cup qualification
4148,2004,Tayikistán,Kirguistán,2,1,FIFA World Cup qualification
4149,2004,Tailandia,Emiratos Árabes Unidos,3,0,FIFA World Cup qualification
4150,2004,Ucrania,Georgia,2,0,FIFA World Cup qualification
4151,2004,Estados Unidos,Panamá,6,0,FIFA World Cup qualification
4152,2004,Gales,Polonia,2,3,FIFA World Cup qualification
4153,2004,Venezuela,Ecuador,3,1,FIFA World Cup qualification
4154,2004,Taiwán,Palestina,0,1,FIFA World Cup qualification
4155,2004,San Cristóbal y Nieves,México,0,5,FIFA World Cup qualification
4156,2004,Irak,Palestina,4,1,FIFA World Cup qualification
4157,2004,Andorra,Países Bajos,0,3,FIFA World Cup qualification
4158,2004,Argentina,Venezuela,3,2,FIFA World Cup qualification
4159,2004,Armenia,Rumania,1,1,FIFA World Cup qualification
4160,2004,Baréin,Tayikistán,4,0,FIFA World Cup qualification
4161,2004,Bélgica,Serbia,0,2,FIFA World Cup qualification
4162,2004,China,Hong Kong,7,0,FIFA World Cup qualification
4163,2004,Colombia,Bolivia,1,0,FIFA World Cup qualification
4164,2004,Chipre,Israel,1,2,FIFA World Cup qualification
4165,2004,Ecuador,Brasil,1,0,FIFA World Cup qualification
4166,2004,Georgia,Dinamarca,2,2,FIFA World Cup qualification
4167,2004,Grecia,Kazajistán,3,1,FIFA World Cup qualification
4168,2004,Guatemala,Canadá,0,1,FIFA World Cup qualification
4169,2004,Honduras,Costa Rica,0,0,FIFA World Cup qualification
4170,2004,Indonesia,Turkmenistán,3,1,FIFA World Cup qualification
4171,2004,Irán,Laos,7,0,FIFA World Cup qualification
4172,2004,Japón,Singapur,1,0,FIFA World Cup qualification
4173,2004,Kenia,Guinea,2,1,FIFA World Cup qualification
4174,2004,Corea del Sur,Maldivas,2,0,FIFA World Cup qualification
4175,2004,Kuwait,Malasia,6,1,FIFA World Cup qualification
4176,2004,Líbano,Vietnam,0,0,FIFA World Cup qualification
4177,2004,Liechtenstein,Letonia,1,3,FIFA World Cup qualification
4178,2004,Luxemburgo,Portugal,0,5,FIFA World Cup qualification
4179,2004,Macedonia del Norte,República Checa,0,2,FIFA World Cup qualification
4180,2004,Malta,Hungría,0,2,FIFA World Cup qualification
4181,2004,México,San Cristóbal y Nieves,8,0,FIFA World Cup qualification
4182,2004,Omán,India,0,0,FIFA World Cup qualification
4183,2004,Panamá,El Salvador,3,0,FIFA World Cup qualification
4184,2004,Perú,Chile,2,1,FIFA World Cup qualification
4185,2004,Catar,Jordania,2,0,FIFA World Cup qualification
4186,2004,Rusia,Estonia,4,0,FIFA World Cup qualification
4187,2004,San Marino,Lituania,0,1,FIFA World Cup qualification
4188,2004,Arabia Saudita,Sri Lanka,3,0,FIFA World Cup qualification
4189,2004,Siria,Kirguistán,0,1,FIFA World Cup qualification
4190,2004,Tailandia,Yemen,1,1,FIFA World Cup qualification
4191,2004,Turquía,Ucrania,0,3,FIFA World Cup qualification
4192,2004,Emiratos Árabes Unidos,Corea del Norte,1,0,FIFA World Cup qualification
4193,2004,Uruguay,Paraguay,1,0,FIFA World Cup qualification
4194,2004,Estados Unidos,Jamaica,1,1,FIFA World Cup qualification
4195,2004,Uzbekistán,Taiwán,6,1,FIFA World Cup qualification
4196,2004,Trinidad y Tobago,San Vicente y las Granadinas,2,1,FIFA World Cup qualification
4197,2005,Albania,Ucrania,0,2,FIFA World Cup qualification
4198,2005,Baréin,Irán,0,0,FIFA World Cup qualification
4199,2005,Costa Rica,México,1,2,FIFA World Cup qualification
4200,2005,Grecia,Dinamarca,2,1,FIFA World Cup qualification
4201,2005,Japón,Corea del Norte,2,1,FIFA World Cup qualification
4202,2005,Corea del Sur,Kuwait,2,0,FIFA World Cup qualification
4203,2005,Macedonia del Norte,Andorra,0,0,FIFA World Cup qualification
4204,2005,Marruecos,Kenia,5,1,FIFA World Cup qualification
4205,2005,Panamá,Guatemala,0,0,FIFA World Cup qualification
4206,2005,España,San Marino,5,0,FIFA World Cup qualification
4207,2005,Trinidad y Tobago,Estados Unidos,1,2,FIFA World Cup qualification
4208,2005,Uzbekistán,Arabia Saudita,1,1,FIFA World Cup qualification
4209,2005,Irán,Japón,2,1,FIFA World Cup qualification
4210,2005,Corea del Norte,Baréin,1,2,FIFA World Cup qualification
4211,2005,Kuwait,Uzbekistán,2,1,FIFA World Cup qualification
4212,2005,Arabia Saudita,Corea del Sur,2,0,FIFA World Cup qualification
4213,2005,Armenia,Andorra,2,1,FIFA World Cup qualification
4214,2005,Bélgica,Bosnia y Herzegovina,4,1,FIFA World Cup qualification
4215,2005,Bolivia,Argentina,1,2,FIFA World Cup qualification
4216,2005,Bulgaria,Suecia,0,3,FIFA World Cup qualification
4217,2005,Burkina Faso,Cabo Verde,1,2,FIFA World Cup qualification
4218,2005,Chile,Uruguay,1,1,FIFA World Cup qualification
4219,2005,Costa Rica,Panamá,2,1,FIFA World Cup qualification
4220,2005,Croacia,Islandia,4,0,FIFA World Cup qualification
4221,2005,República Checa,Finlandia,4,3,FIFA World Cup qualification
4222,2005,Dinamarca,Kazajistán,3,0,FIFA World Cup qualification
4223,2005,Inglaterra,Irlanda del Norte,4,0,FIFA World Cup qualification
4224,2005,Estonia,Eslovaquia,1,2,FIFA World Cup qualification
4225,2005,Francia,Suiza,0,0,FIFA World Cup qualification
4226,2005,Georgia,Grecia,1,3,FIFA World Cup qualification
4227,2005,Guatemala,Trinidad y Tobago,5,1,FIFA World Cup qualification
4228,2005,Israel,Irlanda,1,1,FIFA World Cup qualification
4229,2005,Italia,Escocia,2,0,FIFA World Cup qualification
4230,2005,Kenia,Botsuana,1,0,FIFA World Cup qualification
4231,2005,Liechtenstein,Rusia,1,2,FIFA World Cup qualification
4232,2005,Marruecos,Guinea,1,0,FIFA World Cup qualification
4233,2005,Nigeria,Gabón,2,0,FIFA World Cup qualification
4234,2005,Polonia,Azerbaiyán,8,0,FIFA World Cup qualification
4235,2005,Rumania,Países Bajos,0,2,FIFA World Cup qualification
4236,2005,Senegal,Liberia,6,1,FIFA World Cup qualification
4237,2005,Sudáfrica,Uganda,2,1,FIFA World Cup qualification
4238,2005,Túnez,Malaui,7,0,FIFA World Cup qualification
4239,2005,Turquía,Albania,2,0,FIFA World Cup qualification
4240,2005,Venezuela,Colombia,0,0,FIFA World Cup qualification
4241,2005,Gales,Austria,0,2,FIFA World Cup qualification
4242,2005,Zambia,Congo,2,0,FIFA World Cup qualification
4243,2005,Argelia,Ruanda,1,0,FIFA World Cup qualification
4244,2005,Brasil,Perú,1,0,FIFA World Cup qualification
4245,2005,Camerún,Sudán,2,1,FIFA World Cup qualification
4246,2005,República Democrática del Congo,Ghana,1,1,FIFA World Cup qualification
4247,2005,Ecuador,Paraguay,5,2,FIFA World Cup qualification
4248,2005,Egipto,Libia,4,1,FIFA World Cup qualification
4249,2005,Costa de Marfil,Benín,3,0,FIFA World Cup qualification
4250,2005,Malí,Togo,1,2,FIFA World Cup qualification
4251,2005,México,Estados Unidos,2,1,FIFA World Cup qualification
4252,2005,Zimbabue,Angola,2,0,FIFA World Cup qualification
4253,2005,Bolivia,Venezuela,3,1,FIFA World Cup qualification
4254,2005,Andorra,República Checa,0,4,FIFA World Cup qualification
4255,2005,Argentina,Colombia,1,0,FIFA World Cup qualification
4256,2005,Austria,Gales,1,0,FIFA World Cup qualification
4257,2005,Bosnia y Herzegovina,Lituania,1,1,FIFA World Cup qualification
4258,2005,Croacia,Malta,3,0,FIFA World Cup qualification
4259,2005,Inglaterra,Azerbaiyán,2,0,FIFA World Cup qualification
4260,2005,Estonia,Rusia,1,1,FIFA World Cup qualification
4261,2005,Georgia,Turquía,2,5,FIFA World Cup qualification
4262,2005,Grecia,Albania,2,0,FIFA World Cup qualification
4263,2005,Hungría,Bulgaria,1,1,FIFA World Cup qualification
4264,2005,Israel,Francia,1,1,FIFA World Cup qualification
4265,2005,Japón,Baréin,1,0,FIFA World Cup qualification
4266,2005,Corea del Norte,Irán,0,2,FIFA World Cup qualification
4267,2005,Corea del Sur,Uzbekistán,2,1,FIFA World Cup qualification
4268,2005,Kuwait,Arabia Saudita,0,0,FIFA World Cup qualification
4269,2005,Letonia,Luxemburgo,4,0,FIFA World Cup qualification
4270,2005,Macedonia del Norte,Rumania,1,2,FIFA World Cup qualification
4271,2005,Moldavia,Noruega,0,0,FIFA World Cup qualification
4272,2005,Países Bajos,Armenia,2,0,FIFA World Cup qualification
4273,2005,Panamá,México,1,1,FIFA World Cup qualification
4274,2005,Paraguay,Chile,2,1,FIFA World Cup qualification
4275,2005,Perú,Ecuador,2,2,FIFA World Cup qualification
4276,2005,Polonia,Irlanda del Norte,1,0,FIFA World Cup qualification
4277,2005,San Marino,Bélgica,1,2,FIFA World Cup qualification
4278,2005,Serbia,España,0,0,FIFA World Cup qualification
4279,2005,Eslovaquia,Portugal,1,1,FIFA World Cup qualification
4280,2005,Eslovenia,Bielorrusia,1,1,FIFA World Cup qualification
4281,2005,Suiza,Chipre,1,0,FIFA World Cup qualification
4282,2005,Trinidad y Tobago,Costa Rica,0,0,FIFA World Cup qualification
4283,2005,Ucrania,Dinamarca,1,0,FIFA World Cup qualification
4284,2005,Uruguay,Brasil,1,1,FIFA World Cup qualification
4285,2005,Estados Unidos,Guatemala,2,0,FIFA World Cup qualification
4286,2005,Baréin,Japón,0,1,FIFA World Cup qualification
4287,2005,Irán,Corea del Norte,1,0,FIFA World Cup qualification
4288,2005,Libia,Costa de Marfil,0,0,FIFA World Cup qualification
4289,2005,Arabia Saudita,Kuwait,3,0,FIFA World Cup qualification
4290,2005,Uzbekistán,Corea del Sur,1,1,FIFA World Cup qualification
4291,2005,Albania,Georgia,3,2,FIFA World Cup qualification
4292,2005,Armenia,Macedonia del Norte,1,2,FIFA World Cup qualification
4293,2005,Azerbaiyán,Polonia,0,3,FIFA World Cup qualification
4294,2005,Bielorrusia,Eslovenia,1,1,FIFA World Cup qualification
4295,2005,Benín,Camerún,1,4,FIFA World Cup qualification
4296,2005,Botsuana,Túnez,1,3,FIFA World Cup qualification
4297,2005,Bulgaria,Croacia,1,3,FIFA World Cup qualification
4298,2005,Cabo Verde,Sudáfrica,1,2,FIFA World Cup qualification
4299,2005,Chile,Bolivia,3,1,FIFA World Cup qualification
4300,2005,Colombia,Perú,5,0,FIFA World Cup qualification
4301,2005,República Checa,Andorra,8,1,FIFA World Cup qualification
4302,2005,Ecuador,Argentina,2,0,FIFA World Cup qualification
4303,2005,Estonia,Liechtenstein,2,0,FIFA World Cup qualification
4304,2005,Islas Feroe,Suiza,1,3,FIFA World Cup qualification
4305,2005,Guatemala,México,0,2,FIFA World Cup qualification
4306,2005,Islandia,Hungría,2,3,FIFA World Cup qualification
4307,2005,Irlanda,Israel,2,2,FIFA World Cup qualification
4308,2005,Marruecos,Malaui,4,1,FIFA World Cup qualification
4309,2005,Países Bajos,Rumania,2,0,FIFA World Cup qualification
4310,2005,Noruega,Italia,0,0,FIFA World Cup qualification
4311,2005,Portugal,Eslovaquia,2,0,FIFA World Cup qualification
4312,2005,Rusia,Letonia,2,0,FIFA World Cup qualification
4313,2005,San Marino,Bosnia y Herzegovina,1,3,FIFA World Cup qualification
4314,2005,Escocia,Moldavia,2,0,FIFA World Cup qualification
4315,2005,Serbia,Bélgica,0,0,FIFA World Cup qualification
4316,2005,España,Lituania,1,0,FIFA World Cup qualification
4317,2005,Suecia,Malta,6,0,FIFA World Cup qualification
4318,2005,Trinidad y Tobago,Panamá,2,0,FIFA World Cup qualification
4319,2005,Turquía,Grecia,0,0,FIFA World Cup qualification
4320,2005,Ucrania,Kazajistán,2,0,FIFA World Cup qualification
4321,2005,Estados Unidos,Costa Rica,3,0,FIFA World Cup qualification
4322,2005,Venezuela,Uruguay,1,1,FIFA World Cup qualification
4323,2005,Angola,Argelia,2,1,FIFA World Cup qualification
4324,2005,Brasil,Paraguay,4,1,FIFA World Cup qualification
4325,2005,Congo,Senegal,0,0,FIFA World Cup qualification
4326,2005,República Democrática del Congo,Uganda,4,0,FIFA World Cup qualification
4327,2005,Egipto,Sudán,6,1,FIFA World Cup qualification
4328,2005,Ghana,Burkina Faso,2,1,FIFA World Cup qualification
4329,2005,Guinea,Kenia,1,0,FIFA World Cup qualification
4330,2005,Malí,Liberia,4,1,FIFA World Cup qualification
4331,2005,Ruanda,Nigeria,1,1,FIFA World Cup qualification
4332,2005,Togo,Zambia,4,1,FIFA World Cup qualification
4333,2005,Zimbabue,Gabón,1,0,FIFA World Cup qualification
4334,2005,Perú,Uruguay,0,0,FIFA World Cup qualification
4335,2005,Argentina,Brasil,3,1,FIFA World Cup qualification
4336,2005,Bielorrusia,Escocia,0,0,FIFA World Cup qualification
4337,2005,Chile,Venezuela,2,1,FIFA World Cup qualification
4338,2005,Colombia,Ecuador,3,0,FIFA World Cup qualification
4339,2005,Costa Rica,Guatemala,3,2,FIFA World Cup qualification
4340,2005,República Checa,Macedonia del Norte,6,1,FIFA World Cup qualification
4341,2005,Dinamarca,Albania,3,1,FIFA World Cup qualification
4342,2005,Estonia,Portugal,0,1,FIFA World Cup qualification
4343,2005,Islas Feroe,Irlanda,0,2,FIFA World Cup qualification
4344,2005,Finlandia,Países Bajos,0,4,FIFA World Cup qualification
4345,2005,Grecia,Ucrania,0,1,FIFA World Cup qualification
4346,2005,Islandia,Malta,4,1,FIFA World Cup qualification
4347,2005,Irán,Baréin,1,0,FIFA World Cup qualification
4348,2005,Kazajistán,Turquía,0,6,FIFA World Cup qualification
4349,2005,Corea del Norte,Japón,0,2,FIFA World Cup qualification
4350,2005,Kuwait,Corea del Sur,0,4,FIFA World Cup qualification
4351,2005,Letonia,Liechtenstein,1,0,FIFA World Cup qualification
4352,2005,Luxemburgo,Eslovaquia,0,4,FIFA World Cup qualification
4353,2005,México,Trinidad y Tobago,2,0,FIFA World Cup qualification
4354,2005,Panamá,Estados Unidos,0,3,FIFA World Cup qualification
4355,2005,Paraguay,Bolivia,4,1,FIFA World Cup qualification
4356,2005,Rumania,Armenia,3,0,FIFA World Cup qualification
4357,2005,Arabia Saudita,Uzbekistán,3,0,FIFA World Cup qualification
4358,2005,España,Bosnia y Herzegovina,1,1,FIFA World Cup qualification
4359,2005,Túnez,Guinea,2,0,FIFA World Cup qualification
4360,2005,Burkina Faso,República Democrática del Congo,2,0,FIFA World Cup qualification
4361,2005,Gabón,Ruanda,3,0,FIFA World Cup qualification
4362,2005,Kenia,Marruecos,0,0,FIFA World Cup qualification
4363,2005,Malaui,Botsuana,1,3,FIFA World Cup qualification
4364,2005,Nigeria,Angola,1,1,FIFA World Cup qualification
4365,2005,Senegal,Togo,2,2,FIFA World Cup qualification
4366,2005,Sudáfrica,Ghana,0,2,FIFA World Cup qualification
4367,2005,Uganda,Cabo Verde,1,0,FIFA World Cup qualification
4368,2005,Zambia,Malí,2,1,FIFA World Cup qualification
4369,2005,Argelia,Zimbabue,2,2,FIFA World Cup qualification
4370,2005,Camerún,Libia,1,0,FIFA World Cup qualification
4371,2005,Costa de Marfil,Egipto,2,0,FIFA World Cup qualification
4372,2005,Liberia,Congo,0,2,FIFA World Cup qualification
4373,2005,Baréin,Corea del Norte,2,3,FIFA World Cup qualification
4374,2005,Islas Feroe,Chipre,0,3,FIFA World Cup qualification
4375,2005,Guatemala,Panamá,2,1,FIFA World Cup qualification
4376,2005,Japón,Irán,2,1,FIFA World Cup qualification
4377,2005,Kazajistán,Georgia,1,2,FIFA World Cup qualification
4378,2005,Corea del Sur,Arabia Saudita,0,1,FIFA World Cup qualification
4379,2005,Letonia,Rusia,1,1,FIFA World Cup qualification
4380,2005,Liechtenstein,Eslovaquia,0,0,FIFA World Cup qualification
4381,2005,Macedonia del Norte,Finlandia,0,3,FIFA World Cup qualification
4382,2005,México,Costa Rica,2,0,FIFA World Cup qualification
4383,2005,Rumania,Andorra,2,0,FIFA World Cup qualification
4384,2005,Sudán,Benín,1,0,FIFA World Cup qualification
4385,2005,Túnez,Kenia,1,0,FIFA World Cup qualification
4386,2005,Estados Unidos,Trinidad y Tobago,1,0,FIFA World Cup qualification
4387,2005,Uzbekistán,Kuwait,3,2,FIFA World Cup qualification
4388,2005,Libia,Sudán,0,0,FIFA World Cup qualification
4389,2005,Albania,Kazajistán,2,1,FIFA World Cup qualification
4390,2005,Andorra,Finlandia,0,0,FIFA World Cup qualification
4391,2005,Armenia,Países Bajos,0,1,FIFA World Cup qualification
4392,2005,Australia,Islas Salomón,7,0,FIFA World Cup qualification
4393,2005,Bolivia,Ecuador,1,2,FIFA World Cup qualification
4394,2005,Bosnia y Herzegovina,Bélgica,1,0,FIFA World Cup qualification
4395,2005,Burkina Faso,Sudáfrica,3,1,FIFA World Cup qualification
4396,2005,Estonia,Letonia,2,1,FIFA World Cup qualification
4397,2005,Francia,Islas Feroe,3,0,FIFA World Cup qualification
4398,2005,Georgia,Ucrania,1,1,FIFA World Cup qualification
4399,2005,Hungría,Malta,4,0,FIFA World Cup qualification
4400,2005,Islandia,Croacia,1,3,FIFA World Cup qualification
4401,2005,Kenia,Túnez,0,2,FIFA World Cup qualification
4402,2005,Malí,Congo,2,0,FIFA World Cup qualification
4403,2005,Moldavia,Bielorrusia,2,0,FIFA World Cup qualification
4404,2005,Marruecos,Botsuana,1,0,FIFA World Cup qualification
4405,2005,Irlanda del Norte,Azerbaiyán,2,0,FIFA World Cup qualification
4406,2005,Panamá,Costa Rica,1,3,FIFA World Cup qualification
4407,2005,Paraguay,Argentina,1,0,FIFA World Cup qualification
4408,2005,Polonia,Austria,3,2,FIFA World Cup qualification
4409,2005,Portugal,Luxemburgo,6,0,FIFA World Cup qualification
4410,2005,Rumania,República Checa,2,0,FIFA World Cup qualification
4411,2005,Rusia,Liechtenstein,2,0,FIFA World Cup qualification
4412,2005,Escocia,Italia,1,1,FIFA World Cup qualification
4413,2005,Serbia,Lituania,2,0,FIFA World Cup qualification
4414,2005,Eslovenia,Noruega,2,3,FIFA World Cup qualification
4415,2005,Suecia,Bulgaria,3,0,FIFA World Cup qualification
4416,2005,Suiza,Israel,1,1,FIFA World Cup qualification
4417,2005,Trinidad y Tobago,Guatemala,3,2,FIFA World Cup qualification
4418,2005,Turquía,Dinamarca,2,2,FIFA World Cup qualification
4419,2005,Estados Unidos,México,2,0,FIFA World Cup qualification
4420,2005,Venezuela,Perú,4,1,FIFA World Cup qualification
4421,2005,Gales,Inglaterra,0,1,FIFA World Cup qualification
4422,2005,Zambia,Senegal,0,1,FIFA World Cup qualification
4423,2005,Argelia,Nigeria,2,5,FIFA World Cup qualification
4424,2005,Angola,Gabón,3,0,FIFA World Cup qualification
4425,2005,Brasil,Chile,5,0,FIFA World Cup qualification
4426,2005,República Democrática del Congo,Cabo Verde,2,1,FIFA World Cup qualification
4427,2005,Egipto,Benín,4,1,FIFA World Cup qualification
4428,2005,Ghana,Uganda,2,0,FIFA World Cup qualification
4429,2005,Guinea,Malaui,3,1,FIFA World Cup qualification
4430,2005,Costa de Marfil,Camerún,2,3,FIFA World Cup qualification
4431,2005,Togo,Liberia,3,0,FIFA World Cup qualification
4432,2005,Uruguay,Colombia,3,2,FIFA World Cup qualification
4433,2005,Zimbabue,Ruanda,3,1,FIFA World Cup qualification
4434,2005,Islas Salomón,Australia,1,2,FIFA World Cup qualification
4435,2005,Azerbaiyán,Austria,0,0,FIFA World Cup qualification
4436,2005,Bielorrusia,Italia,1,4,FIFA World Cup qualification
4437,2005,Bélgica,San Marino,8,0,FIFA World Cup qualification
4438,2005,Bulgaria,Islandia,3,2,FIFA World Cup qualification
4439,2005,Costa Rica,Trinidad y Tobago,2,0,FIFA World Cup qualification
4440,2005,Chipre,Suiza,1,3,FIFA World Cup qualification
4441,2005,República Checa,Armenia,4,1,FIFA World Cup qualification
4442,2005,Dinamarca,Georgia,6,1,FIFA World Cup qualification
4443,2005,Islas Feroe,Israel,0,2,FIFA World Cup qualification
4444,2005,Finlandia,Macedonia del Norte,5,1,FIFA World Cup qualification
4445,2005,Guatemala,Estados Unidos,0,0,FIFA World Cup qualification
4446,2005,Hungría,Suecia,0,1,FIFA World Cup qualification
4447,2005,Irlanda,Francia,0,1,FIFA World Cup qualification
4448,2005,Kazajistán,Grecia,1,2,FIFA World Cup qualification
4449,2005,Letonia,Eslovaquia,1,1,FIFA World Cup qualification
4450,2005,Liechtenstein,Luxemburgo,3,0,FIFA World Cup qualification
4451,2005,Lituania,Bosnia y Herzegovina,0,1,FIFA World Cup qualification
4452,2005,Malta,Croacia,1,1,FIFA World Cup qualification
4453,2005,México,Panamá,5,0,FIFA World Cup qualification
4454,2005,Moldavia,Eslovenia,1,2,FIFA World Cup qualification
4455,2005,Países Bajos,Andorra,4,0,FIFA World Cup qualification
4456,2005,Irlanda del Norte,Inglaterra,1,0,FIFA World Cup qualification
4457,2005,Noruega,Escocia,1,2,FIFA World Cup qualification
4458,2005,Polonia,Gales,1,0,FIFA World Cup qualification
4459,2005,Rusia,Portugal,0,0,FIFA World Cup qualification
4460,2005,España,Serbia,1,1,FIFA World Cup qualification
4461,2005,Ucrania,Turquía,0,1,FIFA World Cup qualification
4462,2005,Liberia,Zambia,0,5,FIFA World Cup qualification
4463,2005,Bélgica,España,0,2,FIFA World Cup qualification
4464,2005,Bosnia y Herzegovina,San Marino,3,0,FIFA World Cup qualification
4465,2005,Botsuana,Guinea,1,2,FIFA World Cup qualification
4466,2005,Bulgaria,Hungría,2,0,FIFA World Cup qualification
4467,2005,Camerún,Egipto,1,1,FIFA World Cup qualification
4468,2005,Cabo Verde,Ghana,0,4,FIFA World Cup qualification
4469,2005,Colombia,Chile,1,1,FIFA World Cup qualification
4470,2005,Congo,Togo,2,3,FIFA World Cup qualification
4471,2005,Costa Rica,Estados Unidos,3,0,FIFA World Cup qualification
4472,2005,Croacia,Suecia,1,0,FIFA World Cup qualification
4473,2005,Chipre,Irlanda,0,1,FIFA World Cup qualification
4474,2005,República Checa,Países Bajos,0,2,FIFA World Cup qualification
4475,2005,Dinamarca,Grecia,1,0,FIFA World Cup qualification
4476,2005,Ecuador,Uruguay,0,0,FIFA World Cup qualification
4477,2005,Inglaterra,Austria,1,0,FIFA World Cup qualification
4478,2005,Finlandia,Rumania,0,1,FIFA World Cup qualification
4479,2005,Gabón,Argelia,0,0,FIFA World Cup qualification
4480,2005,Georgia,Kazajistán,0,0,FIFA World Cup qualification
4481,2005,Israel,Islas Feroe,2,1,FIFA World Cup qualification
4482,2005,Italia,Eslovenia,1,0,FIFA World Cup qualification
4483,2005,Lituania,Serbia,0,2,FIFA World Cup qualification
4484,2005,Malaui,Kenia,3,0,FIFA World Cup qualification
4485,2005,México,Guatemala,5,2,FIFA World Cup qualification
4486,2005,Nigeria,Zimbabue,5,1,FIFA World Cup qualification
4487,2005,Irlanda del Norte,Gales,2,3,FIFA World Cup qualification
4488,2005,Noruega,Moldavia,1,0,FIFA World Cup qualification
4489,2005,Panamá,Trinidad y Tobago,0,1,FIFA World Cup qualification
4490,2005,Portugal,Liechtenstein,2,1,FIFA World Cup qualification
4491,2005,Rusia,Luxemburgo,5,1,FIFA World Cup qualification
4492,2005,Ruanda,Angola,0,1,FIFA World Cup qualification
4493,2005,Escocia,Bielorrusia,0,1,FIFA World Cup qualification
4494,2005,Senegal,Malí,3,0,FIFA World Cup qualification
4495,2005,Eslovaquia,Estonia,1,0,FIFA World Cup qualification
4496,2005,Sudáfrica,República Democrática del Congo,2,2,FIFA World Cup qualification
4497,2005,Sudán,Costa de Marfil,1,3,FIFA World Cup qualification
4498,2005,Suiza,Francia,1,1,FIFA World Cup qualification
4499,2005,Túnez,Marruecos,2,2,FIFA World Cup qualification
4500,2005,Uganda,Burkina Faso,2,2,FIFA World Cup qualification
4501,2005,Ucrania,Albania,2,2,FIFA World Cup qualification
4502,2005,Uzbekistán,Baréin,1,1,FIFA World Cup qualification
4503,2005,Venezuela,Paraguay,0,1,FIFA World Cup qualification
4504,2005,Argentina,Perú,2,0,FIFA World Cup qualification
4505,2005,Benín,Libia,1,0,FIFA World Cup qualification
4506,2005,Bolivia,Brasil,1,1,FIFA World Cup qualification
4507,2005,Albania,Turquía,0,1,FIFA World Cup qualification
4508,2005,Andorra,Armenia,0,3,FIFA World Cup qualification
4509,2005,Austria,Irlanda del Norte,2,0,FIFA World Cup qualification
4510,2005,Baréin,Uzbekistán,0,0,FIFA World Cup qualification
4511,2005,Bielorrusia,Noruega,0,1,FIFA World Cup qualification
4512,2005,Brasil,Venezuela,3,0,FIFA World Cup qualification
4513,2005,Chile,Ecuador,0,0,FIFA World Cup qualification
4514,2005,Inglaterra,Polonia,2,1,FIFA World Cup qualification
4515,2005,Finlandia,República Checa,0,3,FIFA World Cup qualification
4516,2005,Francia,Chipre,4,0,FIFA World Cup qualification
4517,2005,Grecia,Georgia,1,0,FIFA World Cup qualification
4518,2005,Guatemala,Costa Rica,3,1,FIFA World Cup qualification
4519,2005,Hungría,Croacia,0,0,FIFA World Cup qualification
4520,2005,Irlanda,Suiza,0,0,FIFA World Cup qualification
4521,2005,Italia,Moldavia,2,1,FIFA World Cup qualification
4522,2005,Kazajistán,Dinamarca,1,2,FIFA World Cup qualification
4523,2005,Lituania,Bélgica,1,1,FIFA World Cup qualification
4524,2005,Luxemburgo,Estonia,0,2,FIFA World Cup qualification
4525,2005,Malta,Bulgaria,1,1,FIFA World Cup qualification
4526,2005,Países Bajos,Macedonia del Norte,0,0,FIFA World Cup qualification
4527,2005,Paraguay,Colombia,0,1,FIFA World Cup qualification
4528,2005,Perú,Bolivia,4,1,FIFA World Cup qualification
4529,2005,Portugal,Letonia,3,0,FIFA World Cup qualification
4530,2005,San Marino,España,0,6,FIFA World Cup qualification
4531,2005,Serbia,Bosnia y Herzegovina,1,0,FIFA World Cup qualification
4532,2005,Eslovaquia,Rusia,0,0,FIFA World Cup qualification
4533,2005,Eslovenia,Escocia,0,3,FIFA World Cup qualification
4534,2005,Suecia,Islandia,3,1,FIFA World Cup qualification
4535,2005,Trinidad y Tobago,México,2,1,FIFA World Cup qualification
4536,2005,Uruguay,Argentina,1,0,FIFA World Cup qualification
4537,2005,Estados Unidos,Panamá,2,0,FIFA World Cup qualification
4538,2005,Gales,Azerbaiyán,2,0,FIFA World Cup qualification
4539,2005,Noruega,República Checa,0,1,FIFA World Cup qualification
4540,2005,España,Eslovaquia,5,1,FIFA World Cup qualification
4541,2005,Suiza,Turquía,2,0,FIFA World Cup qualification
4542,2005,Trinidad y Tobago,Baréin,1,1,FIFA World Cup qualification
4543,2005,Uruguay,Australia,1,0,FIFA World Cup qualification
4544,2005,Australia,Uruguay,1,0,FIFA World Cup qualification
4545,2005,Baréin,Trinidad y Tobago,0,1,FIFA World Cup qualification
4546,2005,República Checa,Noruega,1,0,FIFA World Cup qualification
4547,2005,Eslovaquia,España,1,1,FIFA World Cup qualification
4548,2005,Turquía,Suiza,4,2,FIFA World Cup qualification
4549,2007,Bangladesh,Tayikistán,1,1,FIFA World Cup qualification
4550,2007,Líbano,India,4,1,FIFA World Cup qualification
4551,2007,Omán,Nepal,2,0,FIFA World Cup qualification
4552,2007,Palestina,Singapur,0,4,FIFA World Cup qualification
4553,2007,Siria,Afganistán,3,0,FIFA World Cup qualification
4554,2007,Tailandia,Macao,6,1,FIFA World Cup qualification
4555,2007,Vietnam,Emiratos Árabes Unidos,0,1,FIFA World Cup qualification
4556,2007,Yemen,Maldivas,3,0,FIFA World Cup qualification
4557,2007,Camboya,Turkmenistán,0,1,FIFA World Cup qualification
4558,2007,Argentina,Chile,2,0,FIFA World Cup qualification
4559,2007,Ecuador,Venezuela,0,1,FIFA World Cup qualification
4560,2007,Perú,Paraguay,0,0,FIFA World Cup qualification
4561,2007,Uruguay,Bolivia,5,0,FIFA World Cup qualification
4562,2007,Uzbekistán,Taiwán,9,0,FIFA World Cup qualification
4563,2007,Colombia,Brasil,0,0,FIFA World Cup qualification
4564,2007,Madagascar,Comoras,6,2,FIFA World Cup qualification
4565,2007,Macao,Tailandia,1,7,FIFA World Cup qualification
4566,2007,Venezuela,Argentina,0,2,FIFA World Cup qualification
4567,2007,Bolivia,Colombia,0,0,FIFA World Cup qualification
4568,2007,Brasil,Ecuador,5,0,FIFA World Cup qualification
4569,2007,Chile,Perú,2,0,FIFA World Cup qualification
4570,2007,Paraguay,Uruguay,1,0,FIFA World Cup qualification
4571,2007,Sierra Leona,Guinea-Bissau,1,0,FIFA World Cup qualification
4572,2007,Kirguistán,Jordania,2,0,FIFA World Cup qualification
4573,2007,Baréin,Malasia,4,1,FIFA World Cup qualification
4574,2007,China,Birmania,7,0,FIFA World Cup qualification
4575,2007,Timor Oriental,Hong Kong,2,3,FIFA World Cup qualification
4576,2007,Mongolia,Corea del Norte,1,4,FIFA World Cup qualification
4577,2007,Sri Lanka,Catar,0,1,FIFA World Cup qualification
4578,2007,Pakistán,Irak,0,7,FIFA World Cup qualification
4579,2007,Afganistán,Siria,1,2,FIFA World Cup qualification
4580,2007,Birmania,China,0,4,FIFA World Cup qualification
4581,2007,Hong Kong,Timor Oriental,8,1,FIFA World Cup qualification
4582,2007,Irak,Pakistán,0,0,FIFA World Cup qualification
4583,2007,Jordania,Kirguistán,2,0,FIFA World Cup qualification
4584,2007,Corea del Norte,Mongolia,5,1,FIFA World Cup qualification
4585,2007,Malasia,Baréin,0,0,FIFA World Cup qualification
4586,2007,Maldivas,Yemen,2,0,FIFA World Cup qualification
4587,2007,Nepal,Omán,0,2,FIFA World Cup qualification
4588,2007,Catar,Sri Lanka,5,0,FIFA World Cup qualification
4589,2007,Tayikistán,Bangladesh,5,0,FIFA World Cup qualification
4590,2007,Turkmenistán,Camboya,4,1,FIFA World Cup qualification
4591,2007,Emiratos Árabes Unidos,Vietnam,5,0,FIFA World Cup qualification
4592,2007,Taiwán,Uzbekistán,0,2,FIFA World Cup qualification
4593,2007,India,Líbano,2,2,FIFA World Cup qualification
4594,2007,Indonesia,Siria,1,4,FIFA World Cup qualification
4595,2007,Singapur,Tayikistán,2,0,FIFA World Cup qualification
4596,2007,Yemen,Tailandia,1,1,FIFA World Cup qualification
4597,2007,Hong Kong,Turkmenistán,0,0,FIFA World Cup qualification
4598,2007,Yibuti,Somalia,1,0,FIFA World Cup qualification
4599,2007,Argentina,Bolivia,3,0,FIFA World Cup qualification
4600,2007,Colombia,Venezuela,1,0,FIFA World Cup qualification
4601,2007,Comoras,Madagascar,0,4,FIFA World Cup qualification
4602,2007,Guinea-Bissau,Sierra Leona,0,0,FIFA World Cup qualification
4603,2007,Paraguay,Ecuador,5,1,FIFA World Cup qualification
4604,2007,Perú,Brasil,1,1,FIFA World Cup qualification
4605,2007,Siria,Indonesia,7,0,FIFA World Cup qualification
4606,2007,Tayikistán,Singapur,1,1,FIFA World Cup qualification
4607,2007,Tailandia,Yemen,1,0,FIFA World Cup qualification
4608,2007,Turkmenistán,Hong Kong,3,0,FIFA World Cup qualification
4609,2007,Uruguay,Chile,2,2,FIFA World Cup qualification
4610,2007,Colombia,Argentina,2,1,FIFA World Cup qualification
4611,2007,Venezuela,Bolivia,5,3,FIFA World Cup qualification
4612,2007,Brasil,Uruguay,2,1,FIFA World Cup qualification
4613,2007,Chile,Paraguay,0,3,FIFA World Cup qualification
4614,2007,Ecuador,Perú,5,1,FIFA World Cup qualification
4615,2008,islas Bermudas,Islas Caimán,1,1,FIFA World Cup qualification
4616,2008,Aruba,Antigua y Barbuda,0,3,FIFA World Cup qualification
4617,2008,Australia,Catar,3,0,FIFA World Cup qualification
4618,2008,Belice,San Cristóbal y Nieves,3,1,FIFA World Cup qualification
4619,2008,Dominica,Barbados,1,1,FIFA World Cup qualification
4620,2008,El Salvador,Anguila,12,0,FIFA World Cup qualification
4621,2008,Irán,Siria,0,0,FIFA World Cup qualification
4622,2008,Irak,China,1,1,FIFA World Cup qualification
4623,2008,Japón,Tailandia,4,1,FIFA World Cup qualification
4624,2008,Jordania,Corea del Norte,0,1,FIFA World Cup qualification
4625,2008,Corea del Sur,Turkmenistán,4,0,FIFA World Cup qualification
4626,2008,Líbano,Uzbekistán,0,1,FIFA World Cup qualification
4627,2008,Nicaragua,Curazao,0,1,FIFA World Cup qualification
4628,2008,Omán,Baréin,0,1,FIFA World Cup qualification
4629,2008,Arabia Saudita,Singapur,2,0,FIFA World Cup qualification
4630,2008,Islas Turcas y Caicos,Santa Lucía,2,1,FIFA World Cup qualification
4631,2008,Emiratos Árabes Unidos,Kuwait,2,0,FIFA World Cup qualification
4632,2008,Anguila,El Salvador,0,4,FIFA World Cup qualification
4633,2008,Antigua y Barbuda,Aruba,1,0,FIFA World Cup qualification
4634,2008,Bahamas,Islas Vírgenes Británicas,1,1,FIFA World Cup qualification
4635,2008,Baréin,Japón,1,0,FIFA World Cup qualification
4636,2008,Barbados,Dominica,1,0,FIFA World Cup qualification
4637,2008,China,Australia,0,0,FIFA World Cup qualification
4638,2008,Curazao,Nicaragua,2,0,FIFA World Cup qualification
4639,2008,Granada,Islas Vírgenes de los Estados Unidos,10,0,FIFA World Cup qualification
4640,2008,Corea del Norte,Corea del Sur,0,0,FIFA World Cup qualification
4641,2008,Kuwait,Irán,2,2,FIFA World Cup qualification
4642,2008,Montserrat,Surinam,1,7,FIFA World Cup qualification
4643,2008,Puerto Rico,República Dominicana,1,0,FIFA World Cup qualification
4644,2008,Catar,Irak,2,0,FIFA World Cup qualification
4645,2008,Singapur,Líbano,2,0,FIFA World Cup qualification
4646,2008,San Cristóbal y Nieves,Belice,1,1,FIFA World Cup qualification
4647,2008,Santa Lucía,Islas Turcas y Caicos,2,0,FIFA World Cup qualification
4648,2008,Siria,Emiratos Árabes Unidos,1,1,FIFA World Cup qualification
4649,2008,Tailandia,Omán,0,1,FIFA World Cup qualification
4650,2008,Turkmenistán,Jordania,0,2,FIFA World Cup qualification
4651,2008,Uzbekistán,Arabia Saudita,3,0,FIFA World Cup qualification
4652,2008,Bahamas,Islas Vírgenes Británicas,2,2,FIFA World Cup qualification
4653,2008,Islas Caimán,islas Bermudas,1,3,FIFA World Cup qualification
4654,2008,Botsuana,Madagascar,0,0,FIFA World Cup qualification
4655,2008,Camerún,Cabo Verde,2,0,FIFA World Cup qualification
4656,2008,Corea del Sur,Jordania,2,2,FIFA World Cup qualification
4657,2008,Malaui,Yibuti,8,1,FIFA World Cup qualification
4658,2008,Namibia,Kenia,2,1,FIFA World Cup qualification
4659,2008,Ruanda,Mauritania,3,0,FIFA World Cup qualification
4660,2008,Senegal,Argelia,1,0,FIFA World Cup qualification
4661,2008,Tanzania,Mauricio,1,1,FIFA World Cup qualification
4662,2008,Togo,Zambia,1,0,FIFA World Cup qualification
4663,2008,Uganda,Níger,1,0,FIFA World Cup qualification
4664,2008,Angola,Benín,3,0,FIFA World Cup qualification
4665,2008,Australia,Irak,1,0,FIFA World Cup qualification
4666,2008,Burundi,Seychelles,1,0,FIFA World Cup qualification
4667,2008,Egipto,República Democrática del Congo,2,1,FIFA World Cup qualification
4668,2008,Guinea Ecuatorial,Sierra Leona,2,0,FIFA World Cup qualification
4669,2008,Ghana,Libia,3,0,FIFA World Cup qualification
4670,2008,Guinea,Zimbabue,0,0,FIFA World Cup qualification
4671,2008,Costa de Marfil,Mozambique,1,0,FIFA World Cup qualification
4672,2008,Liberia,Gambia,1,1,FIFA World Cup qualification
4673,2008,Malí,Congo,4,2,FIFA World Cup qualification
4674,2008,Nigeria,Sudáfrica,2,0,FIFA World Cup qualification
4675,2008,Túnez,Burkina Faso,1,2,FIFA World Cup qualification
4676,2008,Irán,Emiratos Árabes Unidos,0,0,FIFA World Cup qualification
4677,2008,Japón,Omán,3,0,FIFA World Cup qualification
4678,2008,Catar,China,0,0,FIFA World Cup qualification
4679,2008,Arabia Saudita,Líbano,4,1,FIFA World Cup qualification
4680,2008,Singapur,Uzbekistán,3,7,FIFA World Cup qualification
4681,2008,Siria,Kuwait,1,0,FIFA World Cup qualification
4682,2008,Tailandia,Baréin,2,3,FIFA World Cup qualification
4683,2008,Turkmenistán,Corea del Norte,0,0,FIFA World Cup qualification
4684,2008,Honduras,Puerto Rico,4,0,FIFA World Cup qualification
4685,2008,Argelia,Liberia,3,0,FIFA World Cup qualification
4686,2008,Yibuti,Egipto,0,4,FIFA World Cup qualification
4687,2008,Baréin,Tailandia,1,1,FIFA World Cup qualification
4688,2008,Burkina Faso,Burundi,2,0,FIFA World Cup qualification
4689,2008,Cabo Verde,Tanzania,1,0,FIFA World Cup qualification
4690,2008,Chad,Malí,1,2,FIFA World Cup qualification
4691,2008,China,Catar,0,1,FIFA World Cup qualification
4692,2008,Irak,Australia,1,0,FIFA World Cup qualification
4693,2008,Jordania,Corea del Sur,0,1,FIFA World Cup qualification
4694,2008,Kenia,Guinea,2,0,FIFA World Cup qualification
4695,2008,Corea del Norte,Turkmenistán,1,0,FIFA World Cup qualification
4696,2008,Libia,Gabón,1,0,FIFA World Cup qualification
4697,2008,Mauritania,Marruecos,1,4,FIFA World Cup qualification
4698,2008,Omán,Japón,1,1,FIFA World Cup qualification
4699,2008,Arabia Saudita,Líbano,2,1,FIFA World Cup qualification
4700,2008,Seychelles,Túnez,0,2,FIFA World Cup qualification
4701,2008,Sierra Leona,Nigeria,0,1,FIFA World Cup qualification
4702,2008,Emiratos Árabes Unidos,Irán,0,1,FIFA World Cup qualification
4703,2008,Uzbekistán,Singapur,3,0,FIFA World Cup qualification
4704,2008,Sudáfrica,Guinea Ecuatorial,4,1,FIFA World Cup qualification
4705,2008,Benín,Uganda,4,1,FIFA World Cup qualification
4706,2008,Congo,Sudán,1,0,FIFA World Cup qualification
4707,2008,República Democrática del Congo,Malaui,1,0,FIFA World Cup qualification
4708,2008,Gambia,Senegal,0,0,FIFA World Cup qualification
4709,2008,Kuwait,Siria,4,2,FIFA World Cup qualification
4710,2008,Lesoto,Ghana,2,3,FIFA World Cup qualification
4711,2008,Madagascar,Costa de Marfil,0,0,FIFA World Cup qualification
4712,2008,Mauricio,Camerún,0,3,FIFA World Cup qualification
4713,2008,Mozambique,Botsuana,1,2,FIFA World Cup qualification
4714,2008,Níger,Angola,1,2,FIFA World Cup qualification
4715,2008,Eswatini,Togo,2,1,FIFA World Cup qualification
4716,2008,Zimbabue,Namibia,2,0,FIFA World Cup qualification
4717,2008,Yibuti,República Democrática del Congo,0,6,FIFA World Cup qualification
4718,2008,Baréin,Omán,1,1,FIFA World Cup qualification
4719,2008,Botsuana,Costa de Marfil,1,1,FIFA World Cup qualification
4720,2008,Chad,Congo,2,1,FIFA World Cup qualification
4721,2008,China,Irak,1,2,FIFA World Cup qualification
4722,2008,Gabón,Ghana,2,0,FIFA World Cup qualification
4723,2008,Gambia,Argelia,1,0,FIFA World Cup qualification
4724,2008,Granada,Costa Rica,2,2,FIFA World Cup qualification
4725,2008,Guatemala,Santa Lucía,6,0,FIFA World Cup qualification
4726,2008,Kenia,Zimbabue,2,0,FIFA World Cup qualification
4727,2008,Corea del Norte,Jordania,2,0,FIFA World Cup qualification
4728,2008,Kuwait,Emiratos Árabes Unidos,2,3,FIFA World Cup qualification
4729,2008,Malaui,Egipto,1,0,FIFA World Cup qualification
4730,2008,Namibia,Guinea,1,2,FIFA World Cup qualification
4731,2008,Níger,Benín,0,2,FIFA World Cup qualification
4732,2008,Perú,Colombia,1,1,FIFA World Cup qualification
4733,2008,Puerto Rico,Honduras,2,2,FIFA World Cup qualification
4734,2008,Catar,Australia,1,3,FIFA World Cup qualification
4735,2008,Ruanda,Marruecos,3,1,FIFA World Cup qualification
4736,2008,Seychelles,Burkina Faso,2,3,FIFA World Cup qualification
4737,2008,Sierra Leona,Sudáfrica,1,0,FIFA World Cup qualification
4738,2008,Singapur,Arabia Saudita,0,3,FIFA World Cup qualification
4739,2008,Sudán,Malí,3,2,FIFA World Cup qualification
4740,2008,Surinam,Guayana,1,0,FIFA World Cup qualification
4741,2008,Siria,Irán,0,2,FIFA World Cup qualification
4742,2008,Tanzania,Camerún,0,0,FIFA World Cup qualification
4743,2008,Tailandia,Japón,0,3,FIFA World Cup qualification
4744,2008,Turkmenistán,Corea del Sur,1,3,FIFA World Cup qualification
4745,2008,Uganda,Angola,3,1,FIFA World Cup qualification
4746,2008,Uruguay,Venezuela,1,1,FIFA World Cup qualification
4747,2008,Uzbekistán,Líbano,3,0,FIFA World Cup qualification
4748,2008,Argentina,Ecuador,1,1,FIFA World Cup qualification
4749,2008,Belice,México,0,2,FIFA World Cup qualification
4750,2008,Bolivia,Chile,0,2,FIFA World Cup qualification
4751,2008,Burundi,Túnez,0,1,FIFA World Cup qualification
4752,2008,Guinea Ecuatorial,Nigeria,0,1,FIFA World Cup qualification
4753,2008,Haití,Curazao,0,0,FIFA World Cup qualification
4754,2008,Jamaica,Bahamas,7,0,FIFA World Cup qualification
4755,2008,Lesoto,Libia,0,1,FIFA World Cup qualification
4756,2008,Liberia,Senegal,2,2,FIFA World Cup qualification
4757,2008,Madagascar,Mozambique,1,1,FIFA World Cup qualification
4758,2008,Mauricio,Cabo Verde,0,1,FIFA World Cup qualification
4759,2008,Panamá,El Salvador,1,0,FIFA World Cup qualification
4760,2008,Paraguay,Brasil,2,0,FIFA World Cup qualification
4761,2008,Eswatini,Zambia,0,0,FIFA World Cup qualification
4762,2008,Trinidad y Tobago,islas Bermudas,1,2,FIFA World Cup qualification
4763,2008,Estados Unidos,Barbados,8,0,FIFA World Cup qualification
4764,2008,San Vicente y las Granadinas,Canadá,0,3,FIFA World Cup qualification
4765,2008,Antigua y Barbuda,Cuba,3,4,FIFA World Cup qualification
4766,2008,Uruguay,Perú,6,0,FIFA World Cup qualification
4767,2008,Bolivia,Paraguay,4,2,FIFA World Cup qualification
4768,2008,Ecuador,Colombia,0,0,FIFA World Cup qualification
4769,2008,Jamaica,Bahamas,6,0,FIFA World Cup qualification
4770,2008,Brasil,Argentina,0,0,FIFA World Cup qualification
4771,2008,Venezuela,Chile,2,3,FIFA World Cup qualification
4772,2008,Argelia,Gambia,1,0,FIFA World Cup qualification
4773,2008,Canadá,San Vicente y las Granadinas,4,1,FIFA World Cup qualification
4774,2008,Libia,Lesoto,4,0,FIFA World Cup qualification
4775,2008,Burkina Faso,Seychelles,4,1,FIFA World Cup qualification
4776,2008,Camerún,Tanzania,2,1,FIFA World Cup qualification
4777,2008,Costa Rica,Granada,3,0,FIFA World Cup qualification
4778,2008,México,Belice,7,0,FIFA World Cup qualification
4779,2008,Marruecos,Ruanda,2,0,FIFA World Cup qualification
4780,2008,Nigeria,Guinea Ecuatorial,2,0,FIFA World Cup qualification
4781,2008,Senegal,Liberia,3,1,FIFA World Cup qualification
4782,2008,Sudáfrica,Sierra Leona,0,0,FIFA World Cup qualification
4783,2008,Santa Lucía,Guatemala,1,3,FIFA World Cup qualification
4784,2008,Túnez,Burundi,2,1,FIFA World Cup qualification
4785,2008,Zambia,Eswatini,1,0,FIFA World Cup qualification
4786,2008,Australia,China,0,1,FIFA World Cup qualification
4787,2008,Barbados,Estados Unidos,0,1,FIFA World Cup qualification
4788,2008,Benín,Níger,2,0,FIFA World Cup qualification
4789,2008,islas Bermudas,Trinidad y Tobago,0,2,FIFA World Cup qualification
4790,2008,Cabo Verde,Mauricio,3,1,FIFA World Cup qualification
4791,2008,Congo,Chad,2,0,FIFA World Cup qualification
4792,2008,República Democrática del Congo,Yibuti,5,1,FIFA World Cup qualification
4793,2008,Cuba,Antigua y Barbuda,4,0,FIFA World Cup qualification
4794,2008,Curazao,Haití,0,1,FIFA World Cup qualification
4795,2008,Egipto,Malaui,2,0,FIFA World Cup qualification
4796,2008,El Salvador,Panamá,3,1,FIFA World Cup qualification
4797,2008,Ghana,Gabón,2,0,FIFA World Cup qualification
4798,2008,Guinea,Namibia,4,0,FIFA World Cup qualification
4799,2008,Guayana,Surinam,1,2,FIFA World Cup qualification
4800,2008,Irán,Kuwait,2,0,FIFA World Cup qualification
4801,2008,Irak,Catar,0,1,FIFA World Cup qualification
4802,2008,Costa de Marfil,Botsuana,4,0,FIFA World Cup qualification
4803,2008,Japón,Baréin,1,0,FIFA World Cup qualification
4804,2008,Jordania,Turkmenistán,2,0,FIFA World Cup qualification
4805,2008,Corea del Sur,Corea del Norte,0,0,FIFA World Cup qualification
4806,2008,Líbano,Singapur,1,2,FIFA World Cup qualification
4807,2008,Malí,Sudán,3,0,FIFA World Cup qualification
4808,2008,Mozambique,Madagascar,3,0,FIFA World Cup qualification
4809,2008,Omán,Tailandia,2,1,FIFA World Cup qualification
4810,2008,Arabia Saudita,Uzbekistán,4,0,FIFA World Cup qualification
4811,2008,Emiratos Árabes Unidos,Siria,1,3,FIFA World Cup qualification
4812,2008,Zimbabue,Kenia,0,0,FIFA World Cup qualification
4813,2008,Angola,Uganda,0,0,FIFA World Cup qualification
4814,2008,Gabón,Lesoto,2,0,FIFA World Cup qualification
4815,2008,Canadá,Jamaica,1,1,FIFA World Cup qualification
4816,2008,Costa Rica,El Salvador,1,0,FIFA World Cup qualification
4817,2008,Cuba,Trinidad y Tobago,1,3,FIFA World Cup qualification
4818,2008,Guatemala,Estados Unidos,0,1,FIFA World Cup qualification
4819,2008,Haití,Surinam,2,2,FIFA World Cup qualification
4820,2008,Kazajistán,Andorra,3,0,FIFA World Cup qualification
4821,2008,México,Honduras,2,1,FIFA World Cup qualification
4822,2008,Argelia,Senegal,3,2,FIFA World Cup qualification
4823,2008,Yibuti,Malaui,0,3,FIFA World Cup qualification
4824,2008,Libia,Ghana,1,0,FIFA World Cup qualification
4825,2008,Albania,Suecia,0,0,FIFA World Cup qualification
4826,2008,Andorra,Inglaterra,0,2,FIFA World Cup qualification
4827,2008,Argentina,Paraguay,1,1,FIFA World Cup qualification
4828,2008,Armenia,Turquía,0,2,FIFA World Cup qualification
4829,2008,Austria,Francia,3,1,FIFA World Cup qualification
4830,2008,Baréin,Japón,2,3,FIFA World Cup qualification
4831,2008,Bélgica,Estonia,3,2,FIFA World Cup qualification
4832,2008,Burkina Faso,Túnez,0,0,FIFA World Cup qualification
4833,2008,Cabo Verde,Camerún,1,2,FIFA World Cup qualification
4834,2008,Colombia,Uruguay,0,1,FIFA World Cup qualification
4835,2008,Croacia,Kazajistán,3,0,FIFA World Cup qualification
4836,2008,Cuba,Estados Unidos,0,1,FIFA World Cup qualification
4837,2008,Chipre,Italia,1,2,FIFA World Cup qualification
4838,2008,Ecuador,Bolivia,3,1,FIFA World Cup qualification
4839,2008,Gambia,Liberia,3,0,FIFA World Cup qualification
4840,2008,Georgia,Irlanda,1,2,FIFA World Cup qualification
4841,2008,Hungría,Dinamarca,0,0,FIFA World Cup qualification
4842,2008,Israel,Suiza,2,2,FIFA World Cup qualification
4843,2008,Kenia,Namibia,1,0,FIFA World Cup qualification
4844,2008,Liechtenstein,Alemania,0,6,FIFA World Cup qualification
4845,2008,Luxemburgo,Grecia,0,3,FIFA World Cup qualification
4846,2008,Macedonia del Norte,Escocia,1,0,FIFA World Cup qualification
4847,2008,Malta,Portugal,0,4,FIFA World Cup qualification
4848,2008,Mauritania,Ruanda,0,1,FIFA World Cup qualification
4849,2008,Mauricio,Tanzania,1,4,FIFA World Cup qualification
4850,2008,Moldavia,Letonia,1,2,FIFA World Cup qualification
4851,2008,Montenegro,Bulgaria,2,2,FIFA World Cup qualification
4852,2008,Noruega,Islandia,2,2,FIFA World Cup qualification
4853,2008,Perú,Venezuela,1,0,FIFA World Cup qualification
4854,2008,Polonia,Eslovenia,1,1,FIFA World Cup qualification
4855,2008,Catar,Uzbekistán,3,0,FIFA World Cup qualification
4856,2008,Rumania,Lituania,0,3,FIFA World Cup qualification
4857,2008,Arabia Saudita,Irán,1,1,FIFA World Cup qualification
4858,2008,Serbia,Islas Feroe,2,0,FIFA World Cup qualification
4859,2008,Seychelles,Burundi,1,2,FIFA World Cup qualification
4860,2008,Sierra Leona,Guinea Ecuatorial,2,1,FIFA World Cup qualification
4861,2008,Eslovaquia,Irlanda del Norte,2,1,FIFA World Cup qualification
4862,2008,Sudáfrica,Nigeria,0,1,FIFA World Cup qualification
4863,2008,España,Bosnia y Herzegovina,1,0,FIFA World Cup qualification
4864,2008,Sudán,Chad,1,2,FIFA World Cup qualification
4865,2008,Trinidad y Tobago,Guatemala,1,1,FIFA World Cup qualification
4866,2008,Ucrania,Bielorrusia,1,0,FIFA World Cup qualification
4867,2008,Emiratos Árabes Unidos,Corea del Norte,1,2,FIFA World Cup qualification
4868,2008,Gales,Azerbaiyán,1,0,FIFA World Cup qualification
4869,2008,Canadá,Honduras,1,2,FIFA World Cup qualification
4870,2008,Costa Rica,Surinam,7,0,FIFA World Cup qualification
4871,2008,El Salvador,Haití,5,0,FIFA World Cup qualification
4872,2008,México,Jamaica,3,0,FIFA World Cup qualification
4873,2008,Benín,Angola,3,2,FIFA World Cup qualification
4874,2008,Chile,Brasil,0,3,FIFA World Cup qualification
4875,2008,Congo,Malí,1,0,FIFA World Cup qualification
4876,2008,República Democrática del Congo,Egipto,0,1,FIFA World Cup qualification
4877,2008,Lesoto,Gabón,0,3,FIFA World Cup qualification
4878,2008,Madagascar,Botsuana,1,0,FIFA World Cup qualification
4879,2008,Mozambique,Costa de Marfil,1,1,FIFA World Cup qualification
4880,2008,Níger,Uganda,3,1,FIFA World Cup qualification
4881,2008,Zimbabue,Guinea,0,0,FIFA World Cup qualification
4882,2008,Paraguay,Venezuela,2,0,FIFA World Cup qualification
4883,2008,Albania,Malta,3,0,FIFA World Cup qualification
4884,2008,Andorra,Bielorrusia,1,3,FIFA World Cup qualification
4885,2008,Azerbaiyán,Liechtenstein,0,0,FIFA World Cup qualification
4886,2008,Bosnia y Herzegovina,Estonia,7,0,FIFA World Cup qualification
4887,2008,Brasil,Bolivia,0,0,FIFA World Cup qualification
4888,2008,Chad,Sudán,1,3,FIFA World Cup qualification
4889,2008,Chile,Colombia,4,0,FIFA World Cup qualification
4890,2008,Croacia,Inglaterra,1,4,FIFA World Cup qualification
4891,2008,Islas Feroe,Rumania,0,1,FIFA World Cup qualification
4892,2008,Finlandia,Alemania,3,3,FIFA World Cup qualification
4893,2008,Francia,Serbia,2,1,FIFA World Cup qualification
4894,2008,Guatemala,Cuba,4,1,FIFA World Cup qualification
4895,2008,Haití,Costa Rica,1,3,FIFA World Cup qualification
4896,2008,Honduras,Jamaica,2,0,FIFA World Cup qualification
4897,2008,Islandia,Escocia,1,2,FIFA World Cup qualification
4898,2008,Italia,Georgia,2,0,FIFA World Cup qualification
4899,2008,Kazajistán,Ucrania,1,3,FIFA World Cup qualification
4900,2008,Corea del Norte,Corea del Sur,1,1,FIFA World Cup qualification
4901,2008,Letonia,Grecia,0,2,FIFA World Cup qualification
4902,2008,Lituania,Austria,2,0,FIFA World Cup qualification
4903,2008,Macedonia del Norte,Países Bajos,1,2,FIFA World Cup qualification
4904,2008,México,Canadá,2,1,FIFA World Cup qualification
4905,2008,Moldavia,Israel,1,2,FIFA World Cup qualification
4906,2008,Montenegro,Irlanda,0,0,FIFA World Cup qualification
4907,2008,Irlanda del Norte,República Checa,0,0,FIFA World Cup qualification
4908,2008,Perú,Argentina,1,1,FIFA World Cup qualification
4909,2008,Portugal,Dinamarca,2,3,FIFA World Cup qualification
4910,2008,Catar,Baréin,1,1,FIFA World Cup qualification
4911,2008,Rusia,Gales,2,1,FIFA World Cup qualification
4912,2008,San Marino,Polonia,0,2,FIFA World Cup qualification
4913,2008,Eslovenia,Eslovaquia,2,1,FIFA World Cup qualification
4914,2008,España,Armenia,4,0,FIFA World Cup qualification
4915,2008,Surinam,El Salvador,0,2,FIFA World Cup qualification
4916,2008,Suecia,Hungría,2,1,FIFA World Cup qualification
4917,2008,Suiza,Luxemburgo,1,2,FIFA World Cup qualification
4918,2008,Turquía,Bélgica,1,1,FIFA World Cup qualification
4919,2008,Emiratos Árabes Unidos,Arabia Saudita,1,2,FIFA World Cup qualification
4920,2008,Uruguay,Ecuador,0,0,FIFA World Cup qualification
4921,2008,Estados Unidos,Trinidad y Tobago,3,0,FIFA World Cup qualification
4922,2008,Uzbekistán,Australia,0,1,FIFA World Cup qualification
4923,2008,Zambia,Togo,1,0,FIFA World Cup qualification
4924,2008,Argentina,Uruguay,2,1,FIFA World Cup qualification
4925,2008,Bélgica,Armenia,2,0,FIFA World Cup qualification
4926,2008,Bolivia,Perú,3,0,FIFA World Cup qualification
4927,2008,Botsuana,Mozambique,0,1,FIFA World Cup qualification
4928,2008,Bulgaria,Italia,0,0,FIFA World Cup qualification
4929,2008,Camerún,Mauricio,5,0,FIFA World Cup qualification
4930,2008,Colombia,Paraguay,0,1,FIFA World Cup qualification
4931,2008,Dinamarca,Malta,3,0,FIFA World Cup qualification
4932,2008,Inglaterra,Kazajistán,5,1,FIFA World Cup qualification
4933,2008,Guinea Ecuatorial,Sudáfrica,0,1,FIFA World Cup qualification
4934,2008,Estonia,España,0,3,FIFA World Cup qualification
4935,2008,Islas Feroe,Austria,1,1,FIFA World Cup qualification
4936,2008,Finlandia,Azerbaiyán,1,0,FIFA World Cup qualification
4937,2008,Gabón,Libia,1,0,FIFA World Cup qualification
4938,2008,Georgia,Chipre,1,1,FIFA World Cup qualification
4939,2008,Alemania,Rusia,2,1,FIFA World Cup qualification
4940,2008,Ghana,Lesoto,3,0,FIFA World Cup qualification
4941,2008,Grecia,Moldavia,3,0,FIFA World Cup qualification
4942,2008,Guatemala,Trinidad y Tobago,0,0,FIFA World Cup qualification
4943,2008,Haití,El Salvador,0,0,FIFA World Cup qualification
4944,2008,Honduras,Canadá,3,1,FIFA World Cup qualification
4945,2008,Hungría,Albania,2,0,FIFA World Cup qualification
4946,2008,Costa de Marfil,Madagascar,3,0,FIFA World Cup qualification
4947,2008,Jamaica,México,1,0,FIFA World Cup qualification
4948,2008,Liberia,Argelia,0,0,FIFA World Cup qualification
4949,2008,Luxemburgo,Israel,1,3,FIFA World Cup qualification
4950,2008,Malaui,República Democrática del Congo,2,1,FIFA World Cup qualification
4951,2008,Malí,Chad,2,1,FIFA World Cup qualification
4952,2008,Marruecos,Mauritania,4,1,FIFA World Cup qualification
4953,2008,Namibia,Zimbabue,4,2,FIFA World Cup qualification
4954,2008,Países Bajos,Islandia,2,0,FIFA World Cup qualification
4955,2008,Nigeria,Sierra Leona,4,1,FIFA World Cup qualification
4956,2008,Polonia,República Checa,2,1,FIFA World Cup qualification
4957,2008,Rumania,Francia,2,2,FIFA World Cup qualification
4958,2008,San Marino,Eslovaquia,1,3,FIFA World Cup qualification
4959,2008,Escocia,Noruega,0,0,FIFA World Cup qualification
4960,2008,Senegal,Gambia,1,1,FIFA World Cup qualification
4961,2008,Serbia,Lituania,3,0,FIFA World Cup qualification
4962,2008,Eslovenia,Irlanda del Norte,2,0,FIFA World Cup qualification
4963,2008,Sudán,Congo,2,0,FIFA World Cup qualification
4964,2008,Surinam,Costa Rica,1,4,FIFA World Cup qualification
4965,2008,Suecia,Portugal,0,0,FIFA World Cup qualification
4966,2008,Suiza,Letonia,2,1,FIFA World Cup qualification
4967,2008,Tanzania,Cabo Verde,3,1,FIFA World Cup qualification
4968,2008,Togo,Eswatini,6,0,FIFA World Cup qualification
4969,2008,Túnez,Seychelles,5,0,FIFA World Cup qualification
4970,2008,Turquía,Bosnia y Herzegovina,2,1,FIFA World Cup qualification
4971,2008,Ucrania,Croacia,0,0,FIFA World Cup qualification
4972,2008,Estados Unidos,Cuba,6,1,FIFA World Cup qualification
4973,2008,Gales,Liechtenstein,2,0,FIFA World Cup qualification
4974,2008,Angola,Níger,3,1,FIFA World Cup qualification
4975,2008,Burundi,Burkina Faso,1,3,FIFA World Cup qualification
4976,2008,Ecuador,Chile,1,0,FIFA World Cup qualification
4977,2008,Egipto,Yibuti,4,0,FIFA World Cup qualification
4978,2008,Guinea,Kenia,3,2,FIFA World Cup qualification
4979,2008,Uganda,Benín,2,1,FIFA World Cup qualification
4980,2008,Venezuela,Brasil,0,4,FIFA World Cup qualification
4981,2008,Bolivia,Uruguay,2,2,FIFA World Cup qualification
4982,2008,Australia,Catar,4,0,FIFA World Cup qualification
4983,2008,Austria,Serbia,1,3,FIFA World Cup qualification
4984,2008,Bielorrusia,Inglaterra,1,3,FIFA World Cup qualification
4985,2008,Bélgica,España,1,2,FIFA World Cup qualification
4986,2008,Bosnia y Herzegovina,Armenia,4,1,FIFA World Cup qualification
4987,2008,Brasil,Colombia,0,0,FIFA World Cup qualification
4988,2008,Canadá,México,2,2,FIFA World Cup qualification
4989,2008,Chile,Argentina,1,0,FIFA World Cup qualification
4990,2008,Costa Rica,Haití,2,0,FIFA World Cup qualification
4991,2008,Croacia,Andorra,4,0,FIFA World Cup qualification
4992,2008,Cuba,Guatemala,2,1,FIFA World Cup qualification
4993,2008,República Checa,Eslovenia,1,0,FIFA World Cup qualification
4994,2008,El Salvador,Surinam,3,0,FIFA World Cup qualification
4995,2008,Estonia,Turquía,0,0,FIFA World Cup qualification
4996,2008,Georgia,Bulgaria,0,0,FIFA World Cup qualification
4997,2008,Alemania,Gales,1,0,FIFA World Cup qualification
4998,2008,Grecia,Suiza,1,2,FIFA World Cup qualification
4999,2008,Islandia,Macedonia del Norte,1,0,FIFA World Cup qualification
5000,2008,Irán,Corea del Norte,2,1,FIFA World Cup qualification
5001,2008,Irlanda,Chipre,1,0,FIFA World Cup qualification
5002,2008,Italia,Montenegro,2,1,FIFA World Cup qualification
5003,2008,Jamaica,Honduras,1,0,FIFA World Cup qualification
5004,2008,Japón,Uzbekistán,1,1,FIFA World Cup qualification
5005,2008,Corea del Sur,Emiratos Árabes Unidos,4,1,FIFA World Cup qualification
5006,2008,Letonia,Israel,1,1,FIFA World Cup qualification
5007,2008,Lituania,Islas Feroe,1,0,FIFA World Cup qualification
5008,2008,Luxemburgo,Moldavia,0,0,FIFA World Cup qualification
5009,2008,Malta,Hungría,0,1,FIFA World Cup qualification
5010,2008,Irlanda del Norte,San Marino,4,0,FIFA World Cup qualification
5011,2008,Noruega,Países Bajos,0,1,FIFA World Cup qualification
5012,2008,Paraguay,Perú,1,0,FIFA World Cup qualification
5013,2008,Portugal,Albania,0,0,FIFA World Cup qualification
5014,2008,Rusia,Finlandia,3,0,FIFA World Cup qualification
5015,2008,Eslovaquia,Polonia,2,1,FIFA World Cup qualification
5016,2008,Trinidad y Tobago,Estados Unidos,2,1,FIFA World Cup qualification
5017,2008,Venezuela,Ecuador,3,1,FIFA World Cup qualification
5018,2008,Baréin,Australia,0,1,FIFA World Cup qualification
5019,2008,El Salvador,Costa Rica,1,3,FIFA World Cup qualification
5020,2008,Honduras,México,1,0,FIFA World Cup qualification
5021,2008,Jamaica,Canadá,3,0,FIFA World Cup qualification
5022,2008,Catar,Japón,0,3,FIFA World Cup qualification
5023,2008,San Marino,República Checa,0,3,FIFA World Cup qualification
5024,2008,Arabia Saudita,Corea del Sur,0,2,FIFA World Cup qualification
5025,2008,Surinam,Haití,1,1,FIFA World Cup qualification
5026,2008,Trinidad y Tobago,Cuba,3,0,FIFA World Cup qualification
5027,2008,Emiratos Árabes Unidos,Irán,1,1,FIFA World Cup qualification
5028,2008,Estados Unidos,Guatemala,2,0,FIFA World Cup qualification
5029,2009,Costa Rica,Honduras,2,0,FIFA World Cup qualification
5030,2009,El Salvador,Trinidad y Tobago,2,2,FIFA World Cup qualification
5031,2009,Irán,Corea del Sur,1,1,FIFA World Cup qualification
5032,2009,Irlanda,Georgia,2,1,FIFA World Cup qualification
5033,2009,Japón,Australia,0,0,FIFA World Cup qualification
5034,2009,Corea del Norte,Arabia Saudita,1,0,FIFA World Cup qualification
5035,2009,Malta,Albania,0,0,FIFA World Cup qualification
5036,2009,San Marino,Irlanda del Norte,0,3,FIFA World Cup qualification
5037,2009,Estados Unidos,México,2,0,FIFA World Cup qualification
5038,2009,Uzbekistán,Baréin,0,1,FIFA World Cup qualification
5039,2009,Albania,Hungría,0,1,FIFA World Cup qualification
5040,2009,Argentina,Venezuela,4,0,FIFA World Cup qualification
5041,2009,Armenia,Estonia,2,2,FIFA World Cup qualification
5042,2009,Bélgica,Bosnia y Herzegovina,2,4,FIFA World Cup qualification
5043,2009,Burkina Faso,Guinea,4,2,FIFA World Cup qualification
5044,2009,Colombia,Bolivia,2,0,FIFA World Cup qualification
5045,2009,Chipre,Georgia,2,1,FIFA World Cup qualification
5046,2009,El Salvador,Estados Unidos,2,2,FIFA World Cup qualification
5047,2009,Alemania,Liechtenstein,4,0,FIFA World Cup qualification
5048,2009,Irán,Arabia Saudita,1,2,FIFA World Cup qualification
5049,2009,Irlanda,Bulgaria,1,1,FIFA World Cup qualification
5050,2009,Israel,Grecia,1,1,FIFA World Cup qualification
5051,2009,Japón,Baréin,1,0,FIFA World Cup qualification
5052,2009,Kenia,Túnez,1,2,FIFA World Cup qualification
5053,2009,Corea del Norte,Emiratos Árabes Unidos,2,0,FIFA World Cup qualification
5054,2009,Lituania,Francia,0,1,FIFA World Cup qualification
5055,2009,Luxemburgo,Letonia,0,4,FIFA World Cup qualification
5056,2009,Malta,Dinamarca,0,3,FIFA World Cup qualification
5057,2009,México,Costa Rica,2,0,FIFA World Cup qualification
5058,2009,Moldavia,Suiza,0,2,FIFA World Cup qualification
5059,2009,Montenegro,Italia,0,2,FIFA World Cup qualification
5060,2009,Marruecos,Gabón,1,2,FIFA World Cup qualification
5061,2009,Países Bajos,Escocia,3,0,FIFA World Cup qualification
5062,2009,Irlanda del Norte,Polonia,3,2,FIFA World Cup qualification
5063,2009,Portugal,Suecia,0,0,FIFA World Cup qualification
5064,2009,Rumania,Serbia,2,3,FIFA World Cup qualification
5065,2009,Rusia,Azerbaiyán,2,0,FIFA World Cup qualification
5066,2009,Ruanda,Argelia,0,0,FIFA World Cup qualification
5067,2009,Eslovenia,República Checa,0,0,FIFA World Cup qualification
5068,2009,España,Turquía,1,0,FIFA World Cup qualification
5069,2009,Sudán,Malí,1,1,FIFA World Cup qualification
5070,2009,Togo,Camerún,1,0,FIFA World Cup qualification
5071,2009,Trinidad y Tobago,Honduras,1,1,FIFA World Cup qualification
5072,2009,Uruguay,Paraguay,2,0,FIFA World Cup qualification
5073,2009,Uzbekistán,Catar,4,0,FIFA World Cup qualification
5074,2009,Gales,Finlandia,0,2,FIFA World Cup qualification
5075,2009,Mozambique,Nigeria,0,0,FIFA World Cup qualification
5076,2009,Costa de Marfil,Malaui,5,0,FIFA World Cup qualification
5077,2009,Ecuador,Brasil,1,1,FIFA World Cup qualification
5078,2009,Perú,Chile,1,3,FIFA World Cup qualification
5079,2009,Egipto,Zambia,1,1,FIFA World Cup qualification
5080,2009,Ghana,Benín,1,0,FIFA World Cup qualification
5081,2009,Venezuela,Colombia,2,0,FIFA World Cup qualification
5082,2009,Andorra,Croacia,0,2,FIFA World Cup qualification
5083,2009,Australia,Uzbekistán,2,0,FIFA World Cup qualification
5084,2009,Austria,Rumania,2,1,FIFA World Cup qualification
5085,2009,Baréin,Catar,1,0,FIFA World Cup qualification
5086,2009,Bosnia y Herzegovina,Bélgica,2,1,FIFA World Cup qualification
5087,2009,Bulgaria,Chipre,2,0,FIFA World Cup qualification
5088,2009,Costa Rica,El Salvador,1,0,FIFA World Cup qualification
5089,2009,República Checa,Eslovaquia,1,2,FIFA World Cup qualification
5090,2009,Dinamarca,Albania,3,0,FIFA World Cup qualification
5091,2009,Inglaterra,Ucrania,2,1,FIFA World Cup qualification
5092,2009,Estonia,Armenia,1,0,FIFA World Cup qualification
5093,2009,Francia,Lituania,1,0,FIFA World Cup qualification
5094,2009,Georgia,Montenegro,0,0,FIFA World Cup qualification
5095,2009,Grecia,Israel,2,1,FIFA World Cup qualification
5096,2009,Honduras,México,3,1,FIFA World Cup qualification
5097,2009,Hungría,Malta,3,0,FIFA World Cup qualification
5098,2009,Italia,Irlanda,1,1,FIFA World Cup qualification
5099,2009,Kazajistán,Bielorrusia,1,5,FIFA World Cup qualification
5100,2009,Corea del Sur,Corea del Norte,1,0,FIFA World Cup qualification
5101,2009,Letonia,Luxemburgo,2,0,FIFA World Cup qualification
5102,2009,Liechtenstein,Rusia,0,1,FIFA World Cup qualification
5103,2009,Países Bajos,Macedonia del Norte,4,0,FIFA World Cup qualification
5104,2009,Irlanda del Norte,Eslovenia,1,0,FIFA World Cup qualification
5105,2009,Polonia,San Marino,10,0,FIFA World Cup qualification
5106,2009,Arabia Saudita,Emiratos Árabes Unidos,3,2,FIFA World Cup qualification
5107,2009,Escocia,Islandia,2,1,FIFA World Cup qualification
5108,2009,Suiza,Moldavia,2,0,FIFA World Cup qualification
5109,2009,Turquía,España,1,2,FIFA World Cup qualification
5110,2009,Estados Unidos,Trinidad y Tobago,3,0,FIFA World Cup qualification
5111,2009,Gales,Alemania,0,2,FIFA World Cup qualification
5112,2009,Bolivia,Argentina,6,1,FIFA World Cup qualification
5113,2009,Ecuador,Paraguay,1,1,FIFA World Cup qualification
5114,2009,Chile,Uruguay,0,0,FIFA World Cup qualification
5115,2009,Brasil,Perú,3,0,FIFA World Cup qualification
5116,2009,Costa Rica,Estados Unidos,3,1,FIFA World Cup qualification
5117,2009,Albania,Portugal,1,2,FIFA World Cup qualification
5118,2009,Argentina,Colombia,1,0,FIFA World Cup qualification
5119,2009,Azerbaiyán,Gales,0,1,FIFA World Cup qualification
5120,2009,Bielorrusia,Andorra,5,1,FIFA World Cup qualification
5121,2009,Bolivia,Venezuela,0,1,FIFA World Cup qualification
5122,2009,Bulgaria,Irlanda,1,1,FIFA World Cup qualification
5123,2009,Croacia,Ucrania,2,2,FIFA World Cup qualification
5124,2009,Chipre,Montenegro,2,2,FIFA World Cup qualification
5125,2009,El Salvador,México,2,1,FIFA World Cup qualification
5126,2009,Finlandia,Liechtenstein,2,1,FIFA World Cup qualification
5127,2009,Gabón,Togo,3,0,FIFA World Cup qualification
5128,2009,Islandia,Países Bajos,1,2,FIFA World Cup qualification
5129,2009,Kazajistán,Inglaterra,0,4,FIFA World Cup qualification
5130,2009,Corea del Norte,Irán,0,0,FIFA World Cup qualification
5131,2009,Lituania,Rumania,0,1,FIFA World Cup qualification
5132,2009,Macedonia del Norte,Noruega,0,0,FIFA World Cup qualification
5133,2009,Malaui,Burkina Faso,0,1,FIFA World Cup qualification
5134,2009,Paraguay,Chile,0,2,FIFA World Cup qualification
5135,2009,Catar,Australia,0,0,FIFA World Cup qualification
5136,2009,Serbia,Austria,1,0,FIFA World Cup qualification
5137,2009,Eslovaquia,San Marino,7,0,FIFA World Cup qualification
5138,2009,Suecia,Dinamarca,0,1,FIFA World Cup qualification
5139,2009,Trinidad y Tobago,Costa Rica,2,3,FIFA World Cup qualification
5140,2009,Túnez,Mozambique,2,0,FIFA World Cup qualification
5141,2009,Emiratos Árabes Unidos,Corea del Sur,0,2,FIFA World Cup qualification
5142,2009,Uruguay,Brasil,0,4,FIFA World Cup qualification
5143,2009,Estados Unidos,Honduras,2,1,FIFA World Cup qualification
5144,2009,Uzbekistán,Japón,0,1,FIFA World Cup qualification
5145,2009,Zambia,Ruanda,1,0,FIFA World Cup qualification
5146,2009,Camerún,Marruecos,0,0,FIFA World Cup qualification
5147,2009,Guinea,Costa de Marfil,1,2,FIFA World Cup qualification
5148,2009,Perú,Ecuador,1,2,FIFA World Cup qualification
5149,2009,Argelia,Egipto,3,1,FIFA World Cup qualification
5150,2009,Benín,Sudán,1,0,FIFA World Cup qualification
5151,2009,Malí,Ghana,0,2,FIFA World Cup qualification
5152,2009,Nigeria,Kenia,3,0,FIFA World Cup qualification
5153,2009,Australia,Baréin,2,0,FIFA World Cup qualification
5154,2009,Brasil,Paraguay,2,1,FIFA World Cup qualification
5155,2009,Chile,Bolivia,4,0,FIFA World Cup qualification
5156,2009,Colombia,Perú,1,0,FIFA World Cup qualification
5157,2009,Ecuador,Argentina,2,0,FIFA World Cup qualification
5158,2009,Inglaterra,Andorra,6,0,FIFA World Cup qualification
5159,2009,Islas Feroe,Serbia,0,2,FIFA World Cup qualification
5160,2009,Finlandia,Rusia,0,3,FIFA World Cup qualification
5161,2009,Honduras,El Salvador,1,0,FIFA World Cup qualification
5162,2009,Irán,Emiratos Árabes Unidos,1,0,FIFA World Cup qualification
5163,2009,Japón,Catar,1,1,FIFA World Cup qualification
5164,2009,Corea del Sur,Arabia Saudita,0,0,FIFA World Cup qualification
5165,2009,Macedonia del Norte,Islandia,2,0,FIFA World Cup qualification
5166,2009,México,Trinidad y Tobago,2,1,FIFA World Cup qualification
5167,2009,Países Bajos,Noruega,2,0,FIFA World Cup qualification
5168,2009,Suecia,Malta,4,0,FIFA World Cup qualification
5169,2009,Ucrania,Kazajistán,2,1,FIFA World Cup qualification
5170,2009,Venezuela,Uruguay,2,2,FIFA World Cup qualification
5171,2009,Australia,Japón,2,1,FIFA World Cup qualification
5172,2009,Baréin,Uzbekistán,1,0,FIFA World Cup qualification
5173,2009,Corea del Sur,Irán,1,1,FIFA World Cup qualification
5174,2009,Arabia Saudita,Corea del Norte,0,0,FIFA World Cup qualification
5175,2009,Burkina Faso,Costa de Marfil,2,3,FIFA World Cup qualification
5176,2009,Kenia,Mozambique,2,1,FIFA World Cup qualification
5177,2009,Marruecos,Togo,0,0,FIFA World Cup qualification
5178,2009,Sudán,Ghana,0,2,FIFA World Cup qualification
5179,2009,Túnez,Nigeria,0,0,FIFA World Cup qualification
5180,2009,Zambia,Argelia,0,2,FIFA World Cup qualification
5181,2009,Guinea,Malaui,2,1,FIFA World Cup qualification
5182,2009,Malí,Benín,3,1,FIFA World Cup qualification
5183,2009,Egipto,Ruanda,3,0,FIFA World Cup qualification
5184,2009,Azerbaiyán,Alemania,0,2,FIFA World Cup qualification
5185,2009,Bielorrusia,Croacia,1,3,FIFA World Cup qualification
5186,2009,Islas Feroe,Francia,0,1,FIFA World Cup qualification
5187,2009,Honduras,Costa Rica,4,0,FIFA World Cup qualification
5188,2009,México,Estados Unidos,2,1,FIFA World Cup qualification
5189,2009,Noruega,Escocia,4,0,FIFA World Cup qualification
5190,2009,Eslovenia,San Marino,5,0,FIFA World Cup qualification
5191,2009,Trinidad y Tobago,El Salvador,1,0,FIFA World Cup qualification
5192,2009,Argentina,Brasil,1,3,FIFA World Cup qualification
5193,2009,Armenia,Bosnia y Herzegovina,0,2,FIFA World Cup qualification
5194,2009,Austria,Islas Feroe,3,1,FIFA World Cup qualification
5195,2009,Azerbaiyán,Finlandia,1,2,FIFA World Cup qualification
5196,2009,Baréin,Arabia Saudita,0,0,FIFA World Cup qualification
5197,2009,Bulgaria,Montenegro,4,1,FIFA World Cup qualification
5198,2009,Chile,Venezuela,2,2,FIFA World Cup qualification
5199,2009,Colombia,Ecuador,2,0,FIFA World Cup qualification
5200,2009,Costa Rica,México,0,3,FIFA World Cup qualification
5201,2009,Croacia,Bielorrusia,1,0,FIFA World Cup qualification
5202,2009,Chipre,Irlanda,1,2,FIFA World Cup qualification
5203,2009,Dinamarca,Portugal,1,1,FIFA World Cup qualification
5204,2009,Francia,Rumania,1,1,FIFA World Cup qualification
5205,2009,Gabón,Camerún,0,2,FIFA World Cup qualification
5206,2009,Georgia,Italia,0,2,FIFA World Cup qualification
5207,2009,Honduras,Trinidad y Tobago,4,1,FIFA World Cup qualification
5208,2009,Hungría,Suecia,1,2,FIFA World Cup qualification
5209,2009,Islandia,Noruega,1,1,FIFA World Cup qualification
5210,2009,Israel,Letonia,0,1,FIFA World Cup qualification
5211,2009,Costa de Marfil,Burkina Faso,5,0,FIFA World Cup qualification
5212,2009,Malaui,Guinea,2,1,FIFA World Cup qualification
5213,2009,Moldavia,Luxemburgo,0,0,FIFA World Cup qualification
5214,2009,Paraguay,Bolivia,1,0,FIFA World Cup qualification
5215,2009,Perú,Uruguay,1,0,FIFA World Cup qualification
5216,2009,Polonia,Irlanda del Norte,1,1,FIFA World Cup qualification
5217,2009,Rusia,Liechtenstein,3,0,FIFA World Cup qualification
5218,2009,Ruanda,Egipto,0,1,FIFA World Cup qualification
5219,2009,Escocia,Macedonia del Norte,2,0,FIFA World Cup qualification
5220,2009,Eslovaquia,República Checa,2,2,FIFA World Cup qualification
5221,2009,España,Bélgica,5,0,FIFA World Cup qualification
5222,2009,Suiza,Grecia,2,0,FIFA World Cup qualification
5223,2009,Turquía,Estonia,4,2,FIFA World Cup qualification
5224,2009,Ucrania,Andorra,5,0,FIFA World Cup qualification
5225,2009,Estados Unidos,El Salvador,2,1,FIFA World Cup qualification
5226,2009,Argelia,Zambia,1,0,FIFA World Cup qualification
5227,2009,Benín,Malí,1,1,FIFA World Cup qualification
5228,2009,Ghana,Sudán,2,0,FIFA World Cup qualification
5229,2009,Mozambique,Kenia,1,0,FIFA World Cup qualification
5230,2009,Nigeria,Túnez,2,2,FIFA World Cup qualification
5231,2009,Togo,Marruecos,1,1,FIFA World Cup qualification
5232,2009,Albania,Dinamarca,1,1,FIFA World Cup qualification
5233,2009,Andorra,Kazajistán,1,3,FIFA World Cup qualification
5234,2009,Armenia,Bélgica,2,1,FIFA World Cup qualification
5235,2009,Bielorrusia,Ucrania,0,0,FIFA World Cup qualification
5236,2009,Bolivia,Ecuador,1,3,FIFA World Cup qualification
5237,2009,Bosnia y Herzegovina,Turquía,1,1,FIFA World Cup qualification
5238,2009,Camerún,Gabón,2,1,FIFA World Cup qualification
5239,2009,República Checa,San Marino,7,0,FIFA World Cup qualification
5240,2009,El Salvador,Costa Rica,1,0,FIFA World Cup qualification
5241,2009,Inglaterra,Croacia,5,1,FIFA World Cup qualification
5242,2009,Islas Feroe,Lituania,2,1,FIFA World Cup qualification
5243,2009,Alemania,Azerbaiyán,4,0,FIFA World Cup qualification
5244,2009,Hungría,Portugal,0,1,FIFA World Cup qualification
5245,2009,Israel,Luxemburgo,7,0,FIFA World Cup qualification
5246,2009,Italia,Bulgaria,2,0,FIFA World Cup qualification
5247,2009,Letonia,Suiza,2,2,FIFA World Cup qualification
5248,2009,Liechtenstein,Finlandia,1,1,FIFA World Cup qualification
5249,2009,Malta,Suecia,0,1,FIFA World Cup qualification
5250,2009,México,Honduras,1,0,FIFA World Cup qualification
5251,2009,Moldavia,Grecia,1,1,FIFA World Cup qualification
5252,2009,Montenegro,Chipre,1,1,FIFA World Cup qualification
5253,2009,Irlanda del Norte,Eslovaquia,0,2,FIFA World Cup qualification
5254,2009,Noruega,Macedonia del Norte,2,1,FIFA World Cup qualification
5255,2009,Rumania,Austria,1,1,FIFA World Cup qualification
5256,2009,Arabia Saudita,Baréin,2,2,FIFA World Cup qualification
5257,2009,Escocia,Países Bajos,0,1,FIFA World Cup qualification
5258,2009,Serbia,Francia,1,1,FIFA World Cup qualification
5259,2009,Eslovenia,Polonia,3,0,FIFA World Cup qualification
5260,2009,España,Estonia,3,0,FIFA World Cup qualification
5261,2009,Trinidad y Tobago,Estados Unidos,0,1,FIFA World Cup qualification
5262,2009,Gales,Rusia,1,3,FIFA World Cup qualification
5263,2009,Uruguay,Colombia,3,1,FIFA World Cup qualification
5264,2009,Paraguay,Argentina,1,0,FIFA World Cup qualification
5265,2009,Brasil,Chile,4,2,FIFA World Cup qualification
5266,2009,Venezuela,Perú,3,1,FIFA World Cup qualification
5267,2009,Argentina,Perú,2,1,FIFA World Cup qualification
5268,2009,Armenia,España,1,2,FIFA World Cup qualification
5269,2009,Austria,Lituania,2,1,FIFA World Cup qualification
5270,2009,Baréin,Nueva Zelanda,0,0,FIFA World Cup qualification
5271,2009,Bielorrusia,Kazajistán,4,0,FIFA World Cup qualification
5272,2009,Bélgica,Turquía,2,0,FIFA World Cup qualification
5273,2009,Camerún,Togo,3,0,FIFA World Cup qualification
5274,2009,Colombia,Chile,2,4,FIFA World Cup qualification
5275,2009,Costa Rica,Trinidad y Tobago,4,0,FIFA World Cup qualification
5276,2009,Chipre,Bulgaria,4,1,FIFA World Cup qualification
5277,2009,República Checa,Polonia,2,0,FIFA World Cup qualification
5278,2009,Dinamarca,Suecia,1,0,FIFA World Cup qualification
5279,2009,Ecuador,Uruguay,1,2,FIFA World Cup qualification
5280,2009,Estonia,Bosnia y Herzegovina,0,2,FIFA World Cup qualification
5281,2009,Finlandia,Gales,2,1,FIFA World Cup qualification
5282,2009,Francia,Islas Feroe,5,0,FIFA World Cup qualification
5283,2009,Gabón,Marruecos,3,1,FIFA World Cup qualification
5284,2009,Grecia,Letonia,5,2,FIFA World Cup qualification
5285,2009,Honduras,Estados Unidos,2,3,FIFA World Cup qualification
5286,2009,Irlanda,Italia,2,2,FIFA World Cup qualification
5287,2009,Israel,Moldavia,3,1,FIFA World Cup qualification
5288,2009,Liechtenstein,Azerbaiyán,0,2,FIFA World Cup qualification
5289,2009,Luxemburgo,Suiza,0,3,FIFA World Cup qualification
5290,2009,Malaui,Costa de Marfil,1,1,FIFA World Cup qualification
5291,2009,México,El Salvador,4,1,FIFA World Cup qualification
5292,2009,Montenegro,Georgia,2,1,FIFA World Cup qualification
5293,2009,Portugal,Hungría,3,0,FIFA World Cup qualification
5294,2009,Rusia,Alemania,0,1,FIFA World Cup qualification
5295,2009,Serbia,Rumania,5,0,FIFA World Cup qualification
5296,2009,Eslovaquia,Eslovenia,0,2,FIFA World Cup qualification
5297,2009,Ucrania,Inglaterra,1,0,FIFA World Cup qualification
5298,2009,Venezuela,Paraguay,1,2,FIFA World Cup qualification
5299,2009,Zambia,Egipto,0,1,FIFA World Cup qualification
5300,2009,Argelia,Ruanda,3,1,FIFA World Cup qualification
5301,2009,Benín,Ghana,1,0,FIFA World Cup qualification
5302,2009,Guinea,Burkina Faso,1,2,FIFA World Cup qualification
5303,2009,Malí,Sudán,1,0,FIFA World Cup qualification
5304,2009,Nigeria,Mozambique,1,0,FIFA World Cup qualification
5305,2009,Bolivia,Brasil,2,1,FIFA World Cup qualification
5306,2009,Túnez,Kenia,1,0,FIFA World Cup qualification
5307,2009,Andorra,Ucrania,0,6,FIFA World Cup qualification
5308,2009,Azerbaiyán,Rusia,1,1,FIFA World Cup qualification
5309,2009,Bosnia y Herzegovina,España,2,5,FIFA World Cup qualification
5310,2009,Brasil,Venezuela,0,0,FIFA World Cup qualification
5311,2009,Bulgaria,Georgia,6,2,FIFA World Cup qualification
5312,2009,Chile,Ecuador,1,0,FIFA World Cup qualification
5313,2009,República Checa,Irlanda del Norte,0,0,FIFA World Cup qualification
5314,2009,Dinamarca,Hungría,0,1,FIFA World Cup qualification
5315,2009,El Salvador,Honduras,0,1,FIFA World Cup qualification
5316,2009,Inglaterra,Bielorrusia,3,0,FIFA World Cup qualification
5317,2009,Estonia,Bélgica,2,0,FIFA World Cup qualification
5318,2009,Francia,Austria,3,1,FIFA World Cup qualification
5319,2009,Alemania,Finlandia,1,1,FIFA World Cup qualification
5320,2009,Grecia,Luxemburgo,2,1,FIFA World Cup qualification
5321,2009,Irlanda,Montenegro,0,0,FIFA World Cup qualification
5322,2009,Italia,Chipre,3,2,FIFA World Cup qualification
5323,2009,Kazajistán,Croacia,1,2,FIFA World Cup qualification
5324,2009,Letonia,Moldavia,3,2,FIFA World Cup qualification
5325,2009,Liechtenstein,Gales,0,2,FIFA World Cup qualification
5326,2009,Lituania,Serbia,2,1,FIFA World Cup qualification
5327,2009,Paraguay,Colombia,0,2,FIFA World Cup qualification
5328,2009,Perú,Bolivia,1,0,FIFA World Cup qualification
5329,2009,Polonia,Eslovaquia,0,1,FIFA World Cup qualification
5330,2009,Portugal,Malta,4,0,FIFA World Cup qualification
5331,2009,Rumania,Islas Feroe,3,1,FIFA World Cup qualification
5332,2009,San Marino,Eslovenia,0,3,FIFA World Cup qualification
5333,2009,Suecia,Albania,4,1,FIFA World Cup qualification
5334,2009,Suiza,Israel,0,0,FIFA World Cup qualification
5335,2009,Trinidad y Tobago,México,2,2,FIFA World Cup qualification
5336,2009,Turquía,Armenia,2,0,FIFA World Cup qualification
5337,2009,Uruguay,Argentina,0,1,FIFA World Cup qualification
5338,2009,Estados Unidos,Costa Rica,2,2,FIFA World Cup qualification
5339,2009,Burkina Faso,Malaui,1,0,FIFA World Cup qualification
5340,2009,Costa Rica,Uruguay,0,1,FIFA World Cup qualification
5341,2009,Egipto,Argelia,2,0,FIFA World Cup qualification
5342,2009,Grecia,Ucrania,0,0,FIFA World Cup qualification
5343,2009,Irlanda,Francia,0,1,FIFA World Cup qualification
5344,2009,Costa de Marfil,Guinea,3,0,FIFA World Cup qualification
5345,2009,Kenia,Nigeria,2,3,FIFA World Cup qualification
5346,2009,Marruecos,Camerún,0,2,FIFA World Cup qualification
5347,2009,Mozambique,Túnez,1,0,FIFA World Cup qualification
5348,2009,Nueva Zelanda,Baréin,1,0,FIFA World Cup qualification
5349,2009,Portugal,Bosnia y Herzegovina,1,0,FIFA World Cup qualification
5350,2009,Rusia,Eslovenia,2,1,FIFA World Cup qualification
5351,2009,Ruanda,Zambia,0,0,FIFA World Cup qualification
5352,2009,Sudán,Benín,1,2,FIFA World Cup qualification
5353,2009,Togo,Gabón,1,0,FIFA World Cup qualification
5354,2009,Ghana,Malí,2,2,FIFA World Cup qualification
5355,2009,Argelia,Egipto,1,0,FIFA World Cup qualification
5356,2009,Bosnia y Herzegovina,Portugal,0,1,FIFA World Cup qualification
5357,2009,Francia,Irlanda,1,1,FIFA World Cup qualification
5358,2009,Eslovenia,Rusia,1,0,FIFA World Cup qualification
5359,2009,Ucrania,Grecia,0,1,FIFA World Cup qualification
5360,2009,Uruguay,Costa Rica,1,1,FIFA World Cup qualification
5361,2011,Montserrat,Belice,2,5,FIFA World Cup qualification
5362,2011,Afganistán,Palestina,0,2,FIFA World Cup qualification
5363,2011,Bangladesh,Pakistán,3,0,FIFA World Cup qualification
5364,2011,Camboya,Laos,4,2,FIFA World Cup qualification
5365,2011,Malasia,Taiwán,2,1,FIFA World Cup qualification
5366,2011,Mongolia,Birmania,1,0,FIFA World Cup qualification
5367,2011,Nepal,Timor Oriental,2,1,FIFA World Cup qualification
5368,2011,Sri Lanka,Filipinas,1,1,FIFA World Cup qualification
5369,2011,Vietnam,Macao,6,0,FIFA World Cup qualification
5370,2011,Nepal,Timor Oriental,5,0,FIFA World Cup qualification
5371,2011,Islas Turcas y Caicos,Bahamas,0,4,FIFA World Cup qualification
5372,2011,Birmania,Mongolia,2,0,FIFA World Cup qualification
5373,2011,Laos,Camboya,6,2,FIFA World Cup qualification
5374,2011,Macao,Vietnam,1,7,FIFA World Cup qualification
5375,2011,Pakistán,Bangladesh,0,0,FIFA World Cup qualification
5376,2011,Palestina,Afganistán,1,1,FIFA World Cup qualification
5377,2011,Filipinas,Sri Lanka,4,0,FIFA World Cup qualification
5378,2011,Islas Vírgenes de los Estados Unidos,Islas Vírgenes Británicas,2,0,FIFA World Cup qualification
5379,2011,Taiwán,Malasia,3,2,FIFA World Cup qualification
5380,2011,Aruba,Santa Lucía,4,2,FIFA World Cup qualification
5381,2011,República Dominicana,Anguila,2,0,FIFA World Cup qualification
5382,2011,Bahamas,Islas Turcas y Caicos,6,0,FIFA World Cup qualification
5383,2011,Islas Vírgenes Británicas,Islas Vírgenes de los Estados Unidos,1,2,FIFA World Cup qualification
5384,2011,República Dominicana,Anguila,4,0,FIFA World Cup qualification
5385,2011,Santa Lucía,Aruba,4,2,FIFA World Cup qualification
5386,2011,Belice,Montserrat,3,1,FIFA World Cup qualification
5387,2011,China,Laos,7,2,FIFA World Cup qualification
5388,2011,Irán,Maldivas,4,0,FIFA World Cup qualification
5389,2011,Irak,Yemen,2,0,FIFA World Cup qualification
5390,2011,Jordania,Nepal,9,0,FIFA World Cup qualification
5391,2011,Kuwait,Filipinas,3,0,FIFA World Cup qualification
5392,2011,Líbano,Bangladesh,4,0,FIFA World Cup qualification
5393,2011,Omán,Birmania,2,0,FIFA World Cup qualification
5394,2011,Catar,Vietnam,3,0,FIFA World Cup qualification
5395,2011,Arabia Saudita,Hong Kong,3,0,FIFA World Cup qualification
5396,2011,Singapur,Malasia,5,3,FIFA World Cup qualification
5397,2011,Siria,Tayikistán,0,3,FIFA World Cup qualification
5398,2011,Tailandia,Palestina,1,0,FIFA World Cup qualification
5399,2011,Turkmenistán,Indonesia,1,1,FIFA World Cup qualification
5400,2011,Emiratos Árabes Unidos,India,3,0,FIFA World Cup qualification
5401,2011,Uzbekistán,Kirguistán,4,0,FIFA World Cup qualification
5402,2011,Bangladesh,Líbano,2,0,FIFA World Cup qualification
5403,2011,Birmania,Omán,0,2,FIFA World Cup qualification
5404,2011,Hong Kong,Arabia Saudita,0,5,FIFA World Cup qualification
5405,2011,India,Emiratos Árabes Unidos,2,2,FIFA World Cup qualification
5406,2011,Indonesia,Turkmenistán,4,3,FIFA World Cup qualification
5407,2011,Kirguistán,Uzbekistán,0,3,FIFA World Cup qualification
5408,2011,Laos,China,1,6,FIFA World Cup qualification
5409,2011,Malasia,Singapur,1,1,FIFA World Cup qualification
5410,2011,Maldivas,Irán,0,1,FIFA World Cup qualification
5411,2011,Nepal,Jordania,1,1,FIFA World Cup qualification
5412,2011,Palestina,Tailandia,2,2,FIFA World Cup qualification
5413,2011,Filipinas,Kuwait,1,2,FIFA World Cup qualification
5414,2011,Tayikistán,Siria,3,0,FIFA World Cup qualification
5415,2011,Vietnam,Catar,2,1,FIFA World Cup qualification
5416,2011,Yemen,Irak,0,0,FIFA World Cup qualification
5417,2011,Antigua y Barbuda,Curazao,5,2,FIFA World Cup qualification
5418,2011,Australia,Tailandia,2,1,FIFA World Cup qualification
5419,2011,Baréin,Catar,0,0,FIFA World Cup qualification
5420,2011,Canadá,Santa Lucía,4,1,FIFA World Cup qualification
5421,2011,China,Singapur,2,1,FIFA World Cup qualification
5422,2011,Dominica,Nicaragua,0,2,FIFA World Cup qualification
5423,2011,El Salvador,República Dominicana,3,2,FIFA World Cup qualification
5424,2011,Granada,Belice,0,3,FIFA World Cup qualification
5425,2011,Guayana,Barbados,2,0,FIFA World Cup qualification
5426,2011,Haití,Islas Vírgenes de los Estados Unidos,6,0,FIFA World Cup qualification
5427,2011,Irán,Indonesia,3,0,FIFA World Cup qualification
5428,2011,Irak,Jordania,0,2,FIFA World Cup qualification
5429,2011,Japón,Corea del Norte,1,0,FIFA World Cup qualification
5430,2011,Corea del Sur,Líbano,6,0,FIFA World Cup qualification
5431,2011,Omán,Arabia Saudita,0,0,FIFA World Cup qualification
5432,2011,San Cristóbal y Nieves,Puerto Rico,0,0,FIFA World Cup qualification
5433,2011,Surinam,Islas Caimán,1,0,FIFA World Cup qualification
5434,2011,Tayikistán,Uzbekistán,0,1,FIFA World Cup qualification
5435,2011,Trinidad y Tobago,islas Bermudas,1,0,FIFA World Cup qualification
5436,2011,Emiratos Árabes Unidos,Kuwait,2,3,FIFA World Cup qualification
5437,2011,Guatemala,San Vicente y las Granadinas,4,0,FIFA World Cup qualification
5438,2011,Barbados,Trinidad y Tobago,0,2,FIFA World Cup qualification
5439,2011,Belice,Guatemala,1,2,FIFA World Cup qualification
5440,2011,Islas Caimán,El Salvador,1,4,FIFA World Cup qualification
5441,2011,Curazao,Haití,2,4,FIFA World Cup qualification
5442,2011,República Dominicana,Surinam,1,1,FIFA World Cup qualification
5443,2011,Guayana,islas Bermudas,2,1,FIFA World Cup qualification
5444,2011,Indonesia,Baréin,0,2,FIFA World Cup qualification
5445,2011,Jordania,China,2,1,FIFA World Cup qualification
5446,2011,Corea del Norte,Tayikistán,1,0,FIFA World Cup qualification
5447,2011,Kuwait,Corea del Sur,1,1,FIFA World Cup qualification
5448,2011,Líbano,Emiratos Árabes Unidos,3,1,FIFA World Cup qualification
5449,2011,Nicaragua,Panamá,1,2,FIFA World Cup qualification
5450,2011,Puerto Rico,Canadá,0,3,FIFA World Cup qualification
5451,2011,Catar,Irán,1,1,FIFA World Cup qualification
5452,2011,Arabia Saudita,Australia,1,3,FIFA World Cup qualification
5453,2011,Singapur,Irak,0,2,FIFA World Cup qualification
5454,2011,Santa Lucía,San Cristóbal y Nieves,2,4,FIFA World Cup qualification
5455,2011,Tailandia,Omán,3,0,FIFA World Cup qualification
5456,2011,Uzbekistán,Japón,1,1,FIFA World Cup qualification
5457,2011,Islas Vírgenes de los Estados Unidos,Antigua y Barbuda,1,8,FIFA World Cup qualification
5458,2011,San Vicente y las Granadinas,Granada,2,1,FIFA World Cup qualification
5459,2011,Argentina,Chile,4,1,FIFA World Cup qualification
5460,2011,Barbados,Guayana,0,2,FIFA World Cup qualification
5461,2011,Belice,Granada,1,4,FIFA World Cup qualification
5462,2011,islas Bermudas,Trinidad y Tobago,2,1,FIFA World Cup qualification
5463,2011,Islas Caimán,Surinam,0,1,FIFA World Cup qualification
5464,2011,Curazao,Antigua y Barbuda,0,1,FIFA World Cup qualification
5465,2011,Dominica,Panamá,0,5,FIFA World Cup qualification
5466,2011,República Dominicana,El Salvador,1,2,FIFA World Cup qualification
5467,2011,Ecuador,Venezuela,2,0,FIFA World Cup qualification
5468,2011,Perú,Paraguay,2,0,FIFA World Cup qualification
5469,2011,Puerto Rico,San Cristóbal y Nieves,1,1,FIFA World Cup qualification
5470,2011,Santa Lucía,Canadá,0,7,FIFA World Cup qualification
5471,2011,Uruguay,Bolivia,4,2,FIFA World Cup qualification
5472,2011,Islas Vírgenes de los Estados Unidos,Haití,0,7,FIFA World Cup qualification
5473,2011,San Vicente y las Granadinas,Guatemala,0,3,FIFA World Cup qualification
5474,2011,Antigua y Barbuda,Islas Vírgenes de los Estados Unidos,10,0,FIFA World Cup qualification
5475,2011,Australia,Omán,3,0,FIFA World Cup qualification
5476,2011,islas Bermudas,Guayana,1,1,FIFA World Cup qualification
5477,2011,Bolivia,Colombia,1,2,FIFA World Cup qualification
5478,2011,Canadá,Puerto Rico,0,0,FIFA World Cup qualification
5479,2011,Chile,Perú,4,2,FIFA World Cup qualification
5480,2011,China,Irak,0,1,FIFA World Cup qualification
5481,2011,El Salvador,Islas Caimán,4,0,FIFA World Cup qualification
5482,2011,Guatemala,Belice,3,1,FIFA World Cup qualification
5483,2011,Haití,Curazao,2,2,FIFA World Cup qualification
5484,2011,Indonesia,Catar,2,3,FIFA World Cup qualification
5485,2011,Irán,Baréin,6,0,FIFA World Cup qualification
5486,2011,Japón,Tayikistán,8,0,FIFA World Cup qualification
5487,2011,Corea del Norte,Uzbekistán,0,1,FIFA World Cup qualification
5488,2011,Corea del Sur,Emiratos Árabes Unidos,2,1,FIFA World Cup qualification
5489,2011,Líbano,Kuwait,2,2,FIFA World Cup qualification
5490,2011,Panamá,Nicaragua,5,1,FIFA World Cup qualification
5491,2011,Paraguay,Uruguay,1,1,FIFA World Cup qualification
5492,2011,Singapur,Jordania,0,3,FIFA World Cup qualification
5493,2011,San Cristóbal y Nieves,Santa Lucía,1,1,FIFA World Cup qualification
5494,2011,Surinam,República Dominicana,1,3,FIFA World Cup qualification
5495,2011,Tailandia,Arabia Saudita,0,0,FIFA World Cup qualification
5496,2011,Trinidad y Tobago,Barbados,4,0,FIFA World Cup qualification
5497,2011,Venezuela,Argentina,1,0,FIFA World Cup qualification
5498,2011,Granada,San Vicente y las Granadinas,1,1,FIFA World Cup qualification
5499,2011,Antigua y Barbuda,Haití,1,0,FIFA World Cup qualification
5500,2011,Argentina,Bolivia,1,1,FIFA World Cup qualification
5501,2011,Baréin,Irán,1,1,FIFA World Cup qualification
5502,2011,islas Bermudas,Barbados,2,1,FIFA World Cup qualification
5503,2011,Chad,Tanzania,1,2,FIFA World Cup qualification
5504,2011,Colombia,Venezuela,1,1,FIFA World Cup qualification
5505,2011,Comoras,Mozambique,0,1,FIFA World Cup qualification
5506,2011,Yibuti,Namibia,0,4,FIFA World Cup qualification
5507,2011,República Dominicana,Islas Caimán,4,0,FIFA World Cup qualification
5508,2011,Guinea Ecuatorial,Madagascar,2,0,FIFA World Cup qualification
5509,2011,Eritrea,Ruanda,1,1,FIFA World Cup qualification
5510,2011,Guatemala,Granada,3,0,FIFA World Cup qualification
5511,2011,Guinea-Bissau,Togo,1,1,FIFA World Cup qualification
5512,2011,Guayana,Trinidad y Tobago,2,1,FIFA World Cup qualification
5513,2011,Irak,China,1,0,FIFA World Cup qualification
5514,2011,Jordania,Singapur,2,0,FIFA World Cup qualification
5515,2011,Kuwait,Líbano,0,1,FIFA World Cup qualification
5516,2011,Lesoto,Burundi,1,0,FIFA World Cup qualification
5517,2011,Nicaragua,Dominica,1,0,FIFA World Cup qualification
5518,2011,Omán,Australia,1,0,FIFA World Cup qualification
5519,2011,Paraguay,Ecuador,2,1,FIFA World Cup qualification
5520,2011,Puerto Rico,Santa Lucía,4,0,FIFA World Cup qualification
5521,2011,Catar,Indonesia,4,0,FIFA World Cup qualification
5522,2011,Santo Tomé y Príncipe,Congo,0,5,FIFA World Cup qualification
5523,2011,Arabia Saudita,Tailandia,3,0,FIFA World Cup qualification
5524,2011,Seychelles,Kenia,0,3,FIFA World Cup qualification
5525,2011,San Cristóbal y Nieves,Canadá,0,0,FIFA World Cup qualification
5526,2011,Surinam,El Salvador,1,3,FIFA World Cup qualification
5527,2011,Eswatini,República Democrática del Congo,1,3,FIFA World Cup qualification
5528,2011,Tayikistán,Japón,0,4,FIFA World Cup qualification
5529,2011,Emiratos Árabes Unidos,Corea del Sur,0,2,FIFA World Cup qualification
5530,2011,Uruguay,Chile,4,0,FIFA World Cup qualification
5531,2011,Uzbekistán,Corea del Norte,1,0,FIFA World Cup qualification
5532,2011,Islas Vírgenes de los Estados Unidos,Curazao,0,3,FIFA World Cup qualification
5533,2011,Belice,San Vicente y las Granadinas,1,1,FIFA World Cup qualification
5534,2011,Somalia,Etiopía,0,0,FIFA World Cup qualification
5535,2011,islas Bermudas,Barbados,2,1,FIFA World Cup qualification
5536,2011,Islas Caimán,República Dominicana,1,1,FIFA World Cup qualification
5537,2011,Puerto Rico,Santa Lucía,3,0,FIFA World Cup qualification
5538,2011,Burundi,Lesoto,2,2,FIFA World Cup qualification
5539,2011,Canadá,San Cristóbal y Nieves,4,0,FIFA World Cup qualification
5540,2011,Chile,Paraguay,2,0,FIFA World Cup qualification
5541,2011,Colombia,Argentina,1,2,FIFA World Cup qualification
5542,2011,Congo,Santo Tomé y Príncipe,1,1,FIFA World Cup qualification
5543,2011,República Democrática del Congo,Eswatini,5,1,FIFA World Cup qualification
5544,2011,Curazao,Islas Vírgenes de los Estados Unidos,6,1,FIFA World Cup qualification
5545,2011,Ecuador,Perú,2,0,FIFA World Cup qualification
5546,2011,El Salvador,Surinam,4,0,FIFA World Cup qualification
5547,2011,Granada,Guatemala,1,4,FIFA World Cup qualification
5548,2011,Haití,Antigua y Barbuda,2,1,FIFA World Cup qualification
5549,2011,Indonesia,Irán,1,4,FIFA World Cup qualification
5550,2011,Jordania,Irak,1,3,FIFA World Cup qualification
5551,2011,Kenia,Seychelles,4,0,FIFA World Cup qualification
5552,2011,Corea del Norte,Japón,1,0,FIFA World Cup qualification
5553,2011,Kuwait,Emiratos Árabes Unidos,2,1,FIFA World Cup qualification
5554,2011,Líbano,Corea del Sur,2,1,FIFA World Cup qualification
5555,2011,Madagascar,Guinea Ecuatorial,2,1,FIFA World Cup qualification
5556,2011,Mozambique,Comoras,4,1,FIFA World Cup qualification
5557,2011,Namibia,Yibuti,4,0,FIFA World Cup qualification
5558,2011,Panamá,Dominica,3,0,FIFA World Cup qualification
5559,2011,Catar,Baréin,0,0,FIFA World Cup qualification
5560,2011,Ruanda,Eritrea,3,1,FIFA World Cup qualification
5561,2011,Arabia Saudita,Omán,0,0,FIFA World Cup qualification
5562,2011,Singapur,China,0,4,FIFA World Cup qualification
5563,2011,Tanzania,Chad,0,1,FIFA World Cup qualification
5564,2011,Tailandia,Australia,0,1,FIFA World Cup qualification
5565,2011,Togo,Guinea-Bissau,1,0,FIFA World Cup qualification
5566,2011,Trinidad y Tobago,Guayana,2,0,FIFA World Cup qualification
5567,2011,Uzbekistán,Tayikistán,3,0,FIFA World Cup qualification
5568,2011,Venezuela,Bolivia,1,0,FIFA World Cup qualification
5569,2011,San Vicente y las Granadinas,Belice,0,2,FIFA World Cup qualification
5570,2011,Etiopía,Somalia,5,0,FIFA World Cup qualification
5571,2011,Samoa Americana,Tonga,2,1,FIFA World Cup qualification
5572,2011,Samoa,Islas Cook,3,2,FIFA World Cup qualification
5573,2011,Samoa Americana,Islas Cook,1,1,FIFA World Cup qualification
5574,2011,Samoa,Tonga,1,1,FIFA World Cup qualification
5575,2011,Samoa,Samoa Americana,1,0,FIFA World Cup qualification
5576,2011,Tonga,Islas Cook,2,1,FIFA World Cup qualification
5577,2012,Australia,Arabia Saudita,4,2,FIFA World Cup qualification
5578,2012,Baréin,Indonesia,10,0,FIFA World Cup qualification
5579,2012,China,Jordania,3,1,FIFA World Cup qualification
5580,2012,Irán,Catar,2,2,FIFA World Cup qualification
5581,2012,Irak,Singapur,7,1,FIFA World Cup qualification
5582,2012,Japón,Uzbekistán,0,1,FIFA World Cup qualification
5583,2012,Corea del Sur,Kuwait,2,0,FIFA World Cup qualification
5584,2012,Omán,Tailandia,2,0,FIFA World Cup qualification
5585,2012,Tayikistán,Corea del Norte,1,1,FIFA World Cup qualification
5586,2012,Emiratos Árabes Unidos,Líbano,4,2,FIFA World Cup qualification
5587,2012,Egipto,Mozambique,2,0,FIFA World Cup qualification
5588,2012,Ghana,Lesoto,7,0,FIFA World Cup qualification
5589,2012,Argelia,Ruanda,4,0,FIFA World Cup qualification
5590,2012,Argentina,Ecuador,4,0,FIFA World Cup qualification
5591,2012,Bolivia,Chile,0,2,FIFA World Cup qualification
5592,2012,Burkina Faso,Congo,0,3,FIFA World Cup qualification
5593,2012,Camerún,República Democrática del Congo,1,0,FIFA World Cup qualification
5594,2012,República Centroafricana,Botsuana,2,0,FIFA World Cup qualification
5595,2012,Gambia,Marruecos,1,1,FIFA World Cup qualification
5596,2012,Costa de Marfil,Tanzania,2,0,FIFA World Cup qualification
5597,2012,Kenia,Malaui,0,0,FIFA World Cup qualification
5598,2012,Senegal,Liberia,3,1,FIFA World Cup qualification
5599,2012,Sierra Leona,Cabo Verde,2,1,FIFA World Cup qualification
5600,2012,Sudán,Zambia,0,3,FIFA World Cup qualification
5601,2012,Túnez,Guinea Ecuatorial,3,1,FIFA World Cup qualification
5602,2012,Uruguay,Venezuela,1,1,FIFA World Cup qualification
5603,2012,Angola,Uganda,1,1,FIFA World Cup qualification
5604,2012,Benín,Malí,1,0,FIFA World Cup qualification
5605,2012,Japón,Omán,3,0,FIFA World Cup qualification
5606,2012,Jordania,Irak,1,1,FIFA World Cup qualification
5607,2012,Líbano,Catar,0,1,FIFA World Cup qualification
5608,2012,Níger,Gabón,3,0,FIFA World Cup qualification
5609,2012,Nigeria,Namibia,1,0,FIFA World Cup qualification
5610,2012,Perú,Colombia,0,1,FIFA World Cup qualification
5611,2012,Sudáfrica,Etiopía,1,1,FIFA World Cup qualification
5612,2012,Togo,Libia,1,1,FIFA World Cup qualification
5613,2012,Uzbekistán,Irán,0,1,FIFA World Cup qualification
5614,2012,Zimbabue,Guinea,0,1,FIFA World Cup qualification
5615,2012,Costa Rica,El Salvador,2,2,FIFA World Cup qualification
5616,2012,Cuba,Canadá,0,1,FIFA World Cup qualification
5617,2012,Honduras,Panamá,0,2,FIFA World Cup qualification
5618,2012,Jamaica,Guatemala,2,1,FIFA World Cup qualification
5619,2012,Japón,Jordania,6,0,FIFA World Cup qualification
5620,2012,Líbano,Uzbekistán,1,1,FIFA World Cup qualification
5621,2012,México,Guayana,3,1,FIFA World Cup qualification
5622,2012,Omán,Australia,0,0,FIFA World Cup qualification
5623,2012,Catar,Corea del Sur,1,4,FIFA World Cup qualification
5624,2012,Estados Unidos,Antigua y Barbuda,3,1,FIFA World Cup qualification
5625,2012,Bolivia,Paraguay,3,1,FIFA World Cup qualification
5626,2012,Botsuana,Sudáfrica,1,1,FIFA World Cup qualification
5627,2012,Cabo Verde,Túnez,1,2,FIFA World Cup qualification
5628,2012,Congo,Níger,1,0,FIFA World Cup qualification
5629,2012,Guinea Ecuatorial,Sierra Leona,2,2,FIFA World Cup qualification
5630,2012,Gabón,Burkina Faso,1,0,FIFA World Cup qualification
5631,2012,Malaui,Nigeria,1,1,FIFA World Cup qualification
5632,2012,Marruecos,Costa de Marfil,2,2,FIFA World Cup qualification
5633,2012,Namibia,Kenia,1,0,FIFA World Cup qualification
5634,2012,Uganda,Senegal,1,1,FIFA World Cup qualification
5635,2012,Venezuela,Chile,0,2,FIFA World Cup qualification
5636,2012,Zambia,Ghana,1,0,FIFA World Cup qualification
5637,2012,República Democrática del Congo,Togo,2,0,FIFA World Cup qualification
5638,2012,Ecuador,Colombia,1,0,FIFA World Cup qualification
5639,2012,Etiopía,República Centroafricana,2,0,FIFA World Cup qualification
5640,2012,Guinea,Egipto,2,3,FIFA World Cup qualification
5641,2012,Lesoto,Sudán,0,0,FIFA World Cup qualification
5642,2012,Liberia,Angola,0,0,FIFA World Cup qualification
5643,2012,Libia,Camerún,2,1,FIFA World Cup qualification
5644,2012,Malí,Argelia,2,1,FIFA World Cup qualification
5645,2012,Mozambique,Zimbabue,0,0,FIFA World Cup qualification
5646,2012,Ruanda,Benín,1,1,FIFA World Cup qualification
5647,2012,Tanzania,Gambia,2,1,FIFA World Cup qualification
5648,2012,Uruguay,Perú,4,2,FIFA World Cup qualification
5649,2012,Antigua y Barbuda,Jamaica,0,0,FIFA World Cup qualification
5650,2012,Australia,Japón,1,1,FIFA World Cup qualification
5651,2012,Canadá,Honduras,0,0,FIFA World Cup qualification
5652,2012,El Salvador,México,1,2,FIFA World Cup qualification
5653,2012,Guatemala,Estados Unidos,1,1,FIFA World Cup qualification
5654,2012,Guayana,Costa Rica,0,4,FIFA World Cup qualification
5655,2012,Irán,Catar,0,0,FIFA World Cup qualification
5656,2012,Irak,Omán,1,1,FIFA World Cup qualification
5657,2012,Corea del Sur,Líbano,3,0,FIFA World Cup qualification
5658,2012,Panamá,Cuba,1,0,FIFA World Cup qualification
5659,2012,Albania,Chipre,3,1,FIFA World Cup qualification
5660,2012,Andorra,Hungría,0,5,FIFA World Cup qualification
5661,2012,Argentina,Paraguay,3,1,FIFA World Cup qualification
5662,2012,Azerbaiyán,Israel,1,1,FIFA World Cup qualification
5663,2012,Bulgaria,Italia,2,2,FIFA World Cup qualification
5664,2012,Canadá,Panamá,1,0,FIFA World Cup qualification
5665,2012,Colombia,Uruguay,4,0,FIFA World Cup qualification
5666,2012,Costa Rica,México,0,2,FIFA World Cup qualification
5667,2012,Croacia,Macedonia del Norte,1,0,FIFA World Cup qualification
5668,2012,Cuba,Honduras,0,3,FIFA World Cup qualification
5669,2012,Ecuador,Bolivia,1,0,FIFA World Cup qualification
5670,2012,El Salvador,Guayana,2,2,FIFA World Cup qualification
5671,2012,Estonia,Rumania,0,2,FIFA World Cup qualification
5672,2012,Finlandia,Francia,0,1,FIFA World Cup qualification
5673,2012,Georgia,Bielorrusia,1,0,FIFA World Cup qualification
5674,2012,Alemania,Islas Feroe,3,0,FIFA World Cup qualification
5675,2012,Guatemala,Antigua y Barbuda,3,1,FIFA World Cup qualification
5676,2012,Islandia,Noruega,2,0,FIFA World Cup qualification
5677,2012,Jamaica,Estados Unidos,2,1,FIFA World Cup qualification
5678,2012,Kazajistán,Irlanda,1,2,FIFA World Cup qualification
5679,2012,Letonia,Grecia,1,2,FIFA World Cup qualification
5680,2012,Liechtenstein,Bosnia y Herzegovina,1,8,FIFA World Cup qualification
5681,2012,Lituania,Eslovaquia,1,1,FIFA World Cup qualification
5682,2012,Luxemburgo,Portugal,1,2,FIFA World Cup qualification
5683,2012,Malta,Armenia,0,1,FIFA World Cup qualification
5684,2012,Moldavia,Inglaterra,0,5,FIFA World Cup qualification
5685,2012,Montenegro,Polonia,2,2,FIFA World Cup qualification
5686,2012,Países Bajos,Turquía,2,0,FIFA World Cup qualification
5687,2012,Nueva Caledonia,Nueva Zelanda,0,2,FIFA World Cup qualification
5688,2012,Perú,Venezuela,2,1,FIFA World Cup qualification
5689,2012,Rusia,Irlanda del Norte,2,0,FIFA World Cup qualification
5690,2012,Eslovenia,Suiza,0,2,FIFA World Cup qualification
5691,2012,Islas Salomón,Tahití,2,0,FIFA World Cup qualification
5692,2012,Gales,Bélgica,0,2,FIFA World Cup qualification
5693,2012,Dinamarca,República Checa,0,0,FIFA World Cup qualification
5694,2012,Escocia,Serbia,0,0,FIFA World Cup qualification
5695,2012,Antigua y Barbuda,Guatemala,0,1,FIFA World Cup qualification
5696,2012,Austria,Alemania,1,2,FIFA World Cup qualification
5697,2012,Bélgica,Croacia,1,1,FIFA World Cup qualification
5698,2012,Bosnia y Herzegovina,Letonia,4,1,FIFA World Cup qualification
5699,2012,Bulgaria,Armenia,1,0,FIFA World Cup qualification
5700,2012,Chile,Colombia,1,3,FIFA World Cup qualification
5701,2012,Chipre,Islandia,1,0,FIFA World Cup qualification
5702,2012,Inglaterra,Ucrania,1,1,FIFA World Cup qualification
5703,2012,Francia,Bielorrusia,3,1,FIFA World Cup qualification
5704,2012,Georgia,España,0,1,FIFA World Cup qualification
5705,2012,Grecia,Lituania,2,0,FIFA World Cup qualification
5706,2012,Guayana,El Salvador,2,3,FIFA World Cup qualification
5707,2012,Honduras,Cuba,1,0,FIFA World Cup qualification
5708,2012,Hungría,Países Bajos,1,4,FIFA World Cup qualification
5709,2012,Israel,Rusia,0,4,FIFA World Cup qualification
5710,2012,Italia,Malta,2,0,FIFA World Cup qualification
5711,2012,Japón,Irak,1,0,FIFA World Cup qualification
5712,2012,Jordania,Australia,2,1,FIFA World Cup qualification
5713,2012,Líbano,Irán,1,0,FIFA World Cup qualification
5714,2012,México,Costa Rica,1,0,FIFA World Cup qualification
5715,2012,Nueva Zelanda,Islas Salomón,6,1,FIFA World Cup qualification
5716,2012,Irlanda del Norte,Luxemburgo,1,1,FIFA World Cup qualification
5717,2012,Noruega,Eslovenia,2,1,FIFA World Cup qualification
5718,2012,Panamá,Canadá,2,0,FIFA World Cup qualification
5719,2012,Paraguay,Venezuela,0,2,FIFA World Cup qualification
5720,2012,Perú,Argentina,1,1,FIFA World Cup qualification
5721,2012,Polonia,Moldavia,2,0,FIFA World Cup qualification
5722,2012,Portugal,Azerbaiyán,3,0,FIFA World Cup qualification
5723,2012,Rumania,Andorra,4,0,FIFA World Cup qualification
5724,2012,San Marino,Montenegro,0,6,FIFA World Cup qualification
5725,2012,Escocia,Macedonia del Norte,1,1,FIFA World Cup qualification
5726,2012,Serbia,Gales,6,1,FIFA World Cup qualification
5727,2012,Eslovaquia,Liechtenstein,2,0,FIFA World Cup qualification
5728,2012,Suecia,Kazajistán,2,0,FIFA World Cup qualification
5729,2012,Suiza,Albania,2,0,FIFA World Cup qualification
5730,2012,Tahití,Nueva Caledonia,0,4,FIFA World Cup qualification
5731,2012,Turquía,Estonia,3,0,FIFA World Cup qualification
5732,2012,Uruguay,Ecuador,1,1,FIFA World Cup qualification
5733,2012,Estados Unidos,Jamaica,1,0,FIFA World Cup qualification
5734,2012,Uzbekistán,Corea del Sur,2,2,FIFA World Cup qualification
5735,2012,Albania,Islandia,1,2,FIFA World Cup qualification
5736,2012,Antigua y Barbuda,Estados Unidos,1,2,FIFA World Cup qualification
5737,2012,Argentina,Uruguay,3,0,FIFA World Cup qualification
5738,2012,Armenia,Italia,1,3,FIFA World Cup qualification
5739,2012,Bielorrusia,España,0,4,FIFA World Cup qualification
5740,2012,Bolivia,Perú,1,1,FIFA World Cup qualification
5741,2012,Bulgaria,Dinamarca,1,1,FIFA World Cup qualification
5742,2012,Canadá,Cuba,3,0,FIFA World Cup qualification
5743,2012,Colombia,Paraguay,2,0,FIFA World Cup qualification
5744,2012,República Checa,Malta,3,1,FIFA World Cup qualification
5745,2012,Ecuador,Chile,3,1,FIFA World Cup qualification
5746,2012,El Salvador,Costa Rica,0,1,FIFA World Cup qualification
5747,2012,Inglaterra,San Marino,5,0,FIFA World Cup qualification
5748,2012,Estonia,Hungría,0,1,FIFA World Cup qualification
5749,2012,Islas Feroe,Suecia,1,2,FIFA World Cup qualification
5750,2012,Finlandia,Georgia,1,1,FIFA World Cup qualification
5751,2012,Grecia,Bosnia y Herzegovina,0,0,FIFA World Cup qualification
5752,2012,Guatemala,Jamaica,2,1,FIFA World Cup qualification
5753,2012,Guayana,México,0,5,FIFA World Cup qualification
5754,2012,Irlanda,Alemania,1,6,FIFA World Cup qualification
5755,2012,Kazajistán,Austria,0,0,FIFA World Cup qualification
5756,2012,Liechtenstein,Lituania,0,2,FIFA World Cup qualification
5757,2012,Luxemburgo,Israel,0,6,FIFA World Cup qualification
5758,2012,Macedonia del Norte,Croacia,1,2,FIFA World Cup qualification
5759,2012,Moldavia,Ucrania,0,0,FIFA World Cup qualification
5760,2012,Países Bajos,Andorra,3,0,FIFA World Cup qualification
5761,2012,Panamá,Honduras,0,0,FIFA World Cup qualification
5762,2012,Rusia,Portugal,1,0,FIFA World Cup qualification
5763,2012,Serbia,Bélgica,0,3,FIFA World Cup qualification
5764,2012,Eslovaquia,Letonia,2,1,FIFA World Cup qualification
5765,2012,Eslovenia,Chipre,2,1,FIFA World Cup qualification
5766,2012,Islas Salomón,Nueva Caledonia,2,6,FIFA World Cup qualification
5767,2012,Suiza,Noruega,1,1,FIFA World Cup qualification
5768,2012,Tahití,Nueva Zelanda,0,2,FIFA World Cup qualification
5769,2012,Turquía,Rumania,0,1,FIFA World Cup qualification
5770,2012,Gales,Escocia,2,1,FIFA World Cup qualification
5771,2012,Albania,Eslovenia,1,0,FIFA World Cup qualification
5772,2012,Andorra,Estonia,0,1,FIFA World Cup qualification
5773,2012,Austria,Kazajistán,4,0,FIFA World Cup qualification
5774,2012,Bielorrusia,Georgia,2,0,FIFA World Cup qualification
5775,2012,Bélgica,Escocia,2,0,FIFA World Cup qualification
5776,2012,Bolivia,Uruguay,4,1,FIFA World Cup qualification
5777,2012,Bosnia y Herzegovina,Lituania,3,0,FIFA World Cup qualification
5778,2012,Chile,Argentina,1,2,FIFA World Cup qualification
5779,2012,Costa Rica,Guayana,7,0,FIFA World Cup qualification
5780,2012,Croacia,Gales,2,0,FIFA World Cup qualification
5781,2012,Cuba,Panamá,1,1,FIFA World Cup qualification
5782,2012,Chipre,Noruega,1,3,FIFA World Cup qualification
5783,2012,República Checa,Bulgaria,0,0,FIFA World Cup qualification
5784,2012,Islas Feroe,Irlanda,1,4,FIFA World Cup qualification
5785,2012,Alemania,Suecia,4,4,FIFA World Cup qualification
5786,2012,Honduras,Canadá,8,1,FIFA World Cup qualification
5787,2012,Hungría,Turquía,3,1,FIFA World Cup qualification
5788,2012,Islandia,Suiza,0,2,FIFA World Cup qualification
5789,2012,Irán,Corea del Sur,1,0,FIFA World Cup qualification
5790,2012,Irak,Australia,1,2,FIFA World Cup qualification
5791,2012,Israel,Luxemburgo,3,0,FIFA World Cup qualification
5792,2012,Italia,Dinamarca,3,1,FIFA World Cup qualification
5793,2012,Jamaica,Antigua y Barbuda,4,1,FIFA World Cup qualification
5794,2012,Letonia,Liechtenstein,2,0,FIFA World Cup qualification
5795,2012,Macedonia del Norte,Serbia,1,0,FIFA World Cup qualification
5796,2012,México,El Salvador,2,0,FIFA World Cup qualification
5797,2012,Nueva Caledonia,Islas Salomón,5,0,FIFA World Cup qualification
5798,2012,Nueva Zelanda,Tahití,3,0,FIFA World Cup qualification
5799,2012,Omán,Jordania,2,1,FIFA World Cup qualification
5800,2012,Paraguay,Perú,1,0,FIFA World Cup qualification
5801,2012,Portugal,Irlanda del Norte,1,1,FIFA World Cup qualification
5802,2012,Catar,Uzbekistán,0,1,FIFA World Cup qualification
5803,2012,Rumania,Países Bajos,1,4,FIFA World Cup qualification
5804,2012,Rusia,Azerbaiyán,1,0,FIFA World Cup qualification
5805,2012,San Marino,Moldavia,0,2,FIFA World Cup qualification
5806,2012,Eslovaquia,Grecia,0,1,FIFA World Cup qualification
5807,2012,España,Francia,1,1,FIFA World Cup qualification
5808,2012,Ucrania,Montenegro,0,1,FIFA World Cup qualification
5809,2012,Estados Unidos,Guatemala,3,1,FIFA World Cup qualification
5810,2012,Venezuela,Ecuador,1,1,FIFA World Cup qualification
5811,2012,Polonia,Inglaterra,1,1,FIFA World Cup qualification
5812,2012,Irán,Uzbekistán,0,1,FIFA World Cup qualification
5813,2012,Irak,Jordania,1,0,FIFA World Cup qualification
5814,2012,Montenegro,San Marino,3,0,FIFA World Cup qualification
5815,2012,Irlanda del Norte,Azerbaiyán,1,1,FIFA World Cup qualification
5816,2012,Omán,Japón,1,2,FIFA World Cup qualification
5817,2012,Catar,Líbano,1,0,FIFA World Cup qualification
5818,2013,Honduras,Estados Unidos,2,1,FIFA World Cup qualification
5819,2013,México,Jamaica,0,0,FIFA World Cup qualification
5820,2013,Panamá,Costa Rica,2,2,FIFA World Cup qualification
5821,2013,Andorra,Turquía,0,2,FIFA World Cup qualification
5822,2013,Argentina,Venezuela,3,0,FIFA World Cup qualification
5823,2013,Austria,Islas Feroe,6,0,FIFA World Cup qualification
5824,2013,Bosnia y Herzegovina,Grecia,3,1,FIFA World Cup qualification
5825,2013,Bulgaria,Malta,6,0,FIFA World Cup qualification
5826,2013,Colombia,Bolivia,5,0,FIFA World Cup qualification
5827,2013,Croacia,Serbia,2,0,FIFA World Cup qualification
5828,2013,República Checa,Dinamarca,0,3,FIFA World Cup qualification
5829,2013,Francia,Georgia,3,1,FIFA World Cup qualification
5830,2013,Honduras,México,2,2,FIFA World Cup qualification
5831,2013,Hungría,Rumania,2,2,FIFA World Cup qualification
5832,2013,Israel,Portugal,3,3,FIFA World Cup qualification
5833,2013,Jamaica,Panamá,1,1,FIFA World Cup qualification
5834,2013,Kazajistán,Alemania,0,3,FIFA World Cup qualification
5835,2013,Liechtenstein,Letonia,1,1,FIFA World Cup qualification
5836,2013,Luxemburgo,Azerbaiyán,0,0,FIFA World Cup qualification
5837,2013,Macedonia del Norte,Bélgica,0,2,FIFA World Cup qualification
5838,2013,Moldavia,Montenegro,0,1,FIFA World Cup qualification
5839,2013,Países Bajos,Estonia,3,0,FIFA World Cup qualification
5840,2013,Nueva Zelanda,Nueva Caledonia,2,1,FIFA World Cup qualification
5841,2013,Noruega,Albania,0,1,FIFA World Cup qualification
5842,2013,Perú,Chile,1,0,FIFA World Cup qualification
5843,2013,Polonia,Ucrania,1,3,FIFA World Cup qualification
5844,2013,San Marino,Inglaterra,0,8,FIFA World Cup qualification
5845,2013,Escocia,Gales,1,2,FIFA World Cup qualification
5846,2013,Eslovaquia,Lituania,1,1,FIFA World Cup qualification
5847,2013,Eslovenia,Islandia,1,2,FIFA World Cup qualification
5848,2013,España,Finlandia,1,1,FIFA World Cup qualification
5849,2013,Suecia,Irlanda,0,0,FIFA World Cup qualification
5850,2013,Tahití,Islas Salomón,2,0,FIFA World Cup qualification
5851,2013,Uruguay,Paraguay,1,1,FIFA World Cup qualification
5852,2013,Estados Unidos,Costa Rica,1,0,FIFA World Cup qualification
5853,2013,Burkina Faso,Níger,4,0,FIFA World Cup qualification
5854,2013,Camerún,Togo,2,1,FIFA World Cup qualification
5855,2013,Congo,Gabón,1,0,FIFA World Cup qualification
5856,2013,Chipre,Suiza,0,0,FIFA World Cup qualification
5857,2013,Costa de Marfil,Gambia,3,0,FIFA World Cup qualification
5858,2013,Namibia,Malaui,0,1,FIFA World Cup qualification
5859,2013,Nigeria,Kenia,1,1,FIFA World Cup qualification
5860,2013,Senegal,Angola,1,1,FIFA World Cup qualification
5861,2013,Sudáfrica,República Centroafricana,2,0,FIFA World Cup qualification
5862,2013,Túnez,Sierra Leona,2,1,FIFA World Cup qualification
5863,2013,República Democrática del Congo,Libia,0,0,FIFA World Cup qualification
5864,2013,Guinea Ecuatorial,Cabo Verde,0,3,FIFA World Cup qualification
5865,2013,Etiopía,Botsuana,1,0,FIFA World Cup qualification
5866,2013,Ghana,Sudán,4,0,FIFA World Cup qualification
5867,2013,Lesoto,Zambia,1,1,FIFA World Cup qualification
5868,2013,Liberia,Uganda,2,0,FIFA World Cup qualification
5869,2013,Mozambique,Guinea,0,0,FIFA World Cup qualification
5870,2013,Ruanda,Malí,1,2,FIFA World Cup qualification
5871,2013,Tanzania,Marruecos,3,1,FIFA World Cup qualification
5872,2013,Argelia,Benín,3,1,FIFA World Cup qualification
5873,2013,Armenia,República Checa,0,3,FIFA World Cup qualification
5874,2013,Australia,Omán,2,2,FIFA World Cup qualification
5875,2013,Azerbaiyán,Portugal,0,2,FIFA World Cup qualification
5876,2013,Bélgica,Macedonia del Norte,1,0,FIFA World Cup qualification
5877,2013,Bolivia,Argentina,1,1,FIFA World Cup qualification
5878,2013,Chile,Uruguay,2,0,FIFA World Cup qualification
5879,2013,Costa Rica,Jamaica,2,0,FIFA World Cup qualification
5880,2013,Dinamarca,Bulgaria,1,1,FIFA World Cup qualification
5881,2013,Ecuador,Paraguay,4,1,FIFA World Cup qualification
5882,2013,Egipto,Zimbabue,2,1,FIFA World Cup qualification
5883,2013,Estonia,Andorra,2,0,FIFA World Cup qualification
5884,2013,Francia,España,0,1,FIFA World Cup qualification
5885,2013,Alemania,Kazajistán,4,1,FIFA World Cup qualification
5886,2013,Irlanda,Austria,2,2,FIFA World Cup qualification
5887,2013,Jordania,Japón,2,1,FIFA World Cup qualification
5888,2013,Corea del Sur,Catar,2,1,FIFA World Cup qualification
5889,2013,Malta,Italia,0,2,FIFA World Cup qualification
5890,2013,México,Estados Unidos,0,0,FIFA World Cup qualification
5891,2013,Montenegro,Inglaterra,1,1,FIFA World Cup qualification
5892,2013,Países Bajos,Rumania,4,0,FIFA World Cup qualification
5893,2013,Nueva Caledonia,Tahití,1,0,FIFA World Cup qualification
5894,2013,Irlanda del Norte,Israel,0,2,FIFA World Cup qualification
5895,2013,Panamá,Honduras,2,0,FIFA World Cup qualification
5896,2013,Polonia,San Marino,5,0,FIFA World Cup qualification
5897,2013,Serbia,Escocia,2,0,FIFA World Cup qualification
5898,2013,Islas Salomón,Nueva Zelanda,0,2,FIFA World Cup qualification
5899,2013,Turquía,Hungría,1,1,FIFA World Cup qualification
5900,2013,Ucrania,Moldavia,2,1,FIFA World Cup qualification
5901,2013,Uzbekistán,Líbano,1,0,FIFA World Cup qualification
5902,2013,Venezuela,Colombia,1,0,FIFA World Cup qualification
5903,2013,Gales,Croacia,1,2,FIFA World Cup qualification
5904,2013,Jamaica,México,0,1,FIFA World Cup qualification
5905,2013,Japón,Australia,1,1,FIFA World Cup qualification
5906,2013,Líbano,Corea del Sur,1,1,FIFA World Cup qualification
5907,2013,Omán,Irak,1,0,FIFA World Cup qualification
5908,2013,Catar,Irán,0,1,FIFA World Cup qualification
5909,2013,Kenia,Nigeria,0,1,FIFA World Cup qualification
5910,2013,Malaui,Namibia,0,0,FIFA World Cup qualification
5911,2013,Albania,Noruega,1,1,FIFA World Cup qualification
5912,2013,Argentina,Colombia,0,0,FIFA World Cup qualification
5913,2013,Armenia,Malta,0,1,FIFA World Cup qualification
5914,2013,Austria,Suecia,2,1,FIFA World Cup qualification
5915,2013,Azerbaiyán,Luxemburgo,1,1,FIFA World Cup qualification
5916,2013,Bélgica,Serbia,2,1,FIFA World Cup qualification
5917,2013,Bolivia,Venezuela,1,1,FIFA World Cup qualification
5918,2013,Costa Rica,Honduras,1,0,FIFA World Cup qualification
5919,2013,Croacia,Escocia,0,1,FIFA World Cup qualification
5920,2013,República Checa,Italia,0,0,FIFA World Cup qualification
5921,2013,Finlandia,Bielorrusia,1,0,FIFA World Cup qualification
5922,2013,Islandia,Eslovenia,2,4,FIFA World Cup qualification
5923,2013,Irlanda,Islas Feroe,3,0,FIFA World Cup qualification
5924,2013,Jamaica,Estados Unidos,1,2,FIFA World Cup qualification
5925,2013,Letonia,Bosnia y Herzegovina,0,5,FIFA World Cup qualification
5926,2013,Libia,República Democrática del Congo,0,0,FIFA World Cup qualification
5927,2013,Liechtenstein,Eslovaquia,1,1,FIFA World Cup qualification
5928,2013,Lituania,Grecia,0,1,FIFA World Cup qualification
5929,2013,Moldavia,Polonia,1,1,FIFA World Cup qualification
5930,2013,Montenegro,Ucrania,0,4,FIFA World Cup qualification
5931,2013,Panamá,México,0,0,FIFA World Cup qualification
5932,2013,Paraguay,Chile,1,2,FIFA World Cup qualification
5933,2013,Perú,Ecuador,1,0,FIFA World Cup qualification
5934,2013,Portugal,Rusia,1,0,FIFA World Cup qualification
5935,2013,Sudán,Ghana,1,3,FIFA World Cup qualification
5936,2013,Angola,Senegal,1,1,FIFA World Cup qualification
5937,2013,Botsuana,Etiopía,3,0,FIFA World Cup qualification
5938,2013,Cabo Verde,Guinea Ecuatorial,3,0,FIFA World Cup qualification
5939,2013,República Centroafricana,Sudáfrica,0,3,FIFA World Cup qualification
5940,2013,Gabón,Congo,0,0,FIFA World Cup qualification
5941,2013,Gambia,Costa de Marfil,0,3,FIFA World Cup qualification
5942,2013,Marruecos,Tanzania,2,1,FIFA World Cup qualification
5943,2013,Sierra Leona,Túnez,2,2,FIFA World Cup qualification
5944,2013,Suiza,Chipre,1,0,FIFA World Cup qualification
5945,2013,Uganda,Liberia,1,0,FIFA World Cup qualification
5946,2013,Zambia,Lesoto,4,0,FIFA World Cup qualification
5947,2013,Benín,Argelia,1,3,FIFA World Cup qualification
5948,2013,Guinea,Mozambique,6,1,FIFA World Cup qualification
5949,2013,Malí,Ruanda,1,1,FIFA World Cup qualification
5950,2013,Níger,Burkina Faso,0,1,FIFA World Cup qualification
5951,2013,Togo,Camerún,0,3,FIFA World Cup qualification
5952,2013,Zimbabue,Egipto,2,4,FIFA World Cup qualification
5953,2013,Australia,Jordania,4,0,FIFA World Cup qualification
5954,2013,Bielorrusia,Finlandia,1,1,FIFA World Cup qualification
5955,2013,Chile,Bolivia,3,1,FIFA World Cup qualification
5956,2013,Colombia,Perú,2,0,FIFA World Cup qualification
5957,2013,Dinamarca,Armenia,0,4,FIFA World Cup qualification
5958,2013,Ecuador,Argentina,1,1,FIFA World Cup qualification
5959,2013,Honduras,Jamaica,2,0,FIFA World Cup qualification
5960,2013,Irán,Líbano,4,0,FIFA World Cup qualification
5961,2013,Irak,Japón,0,1,FIFA World Cup qualification
5962,2013,Corea del Sur,Uzbekistán,1,0,FIFA World Cup qualification
5963,2013,México,Costa Rica,0,0,FIFA World Cup qualification
5964,2013,Suecia,Islas Feroe,2,0,FIFA World Cup qualification
5965,2013,Estados Unidos,Panamá,2,0,FIFA World Cup qualification
5966,2013,Venezuela,Uruguay,0,1,FIFA World Cup qualification
5967,2013,Malaui,Kenia,2,2,FIFA World Cup qualification
5968,2013,Namibia,Nigeria,1,1,FIFA World Cup qualification
5969,2013,Libia,Togo,2,0,FIFA World Cup qualification
5970,2013,Botsuana,República Centroafricana,3,2,FIFA World Cup qualification
5971,2013,Cabo Verde,Sierra Leona,1,0,FIFA World Cup qualification
5972,2013,Congo,Burkina Faso,0,1,FIFA World Cup qualification
5973,2013,Gabón,Níger,4,1,FIFA World Cup qualification
5974,2013,Marruecos,Gambia,2,0,FIFA World Cup qualification
5975,2013,Uganda,Angola,2,1,FIFA World Cup qualification
5976,2013,Zambia,Sudán,1,1,FIFA World Cup qualification
5977,2013,República Democrática del Congo,Camerún,0,0,FIFA World Cup qualification
5978,2013,Guinea Ecuatorial,Túnez,1,1,FIFA World Cup qualification
5979,2013,Etiopía,Sudáfrica,2,1,FIFA World Cup qualification
5980,2013,Guinea,Zimbabue,1,0,FIFA World Cup qualification
5981,2013,Lesoto,Ghana,0,2,FIFA World Cup qualification
5982,2013,Liberia,Senegal,0,2,FIFA World Cup qualification
5983,2013,Malí,Benín,2,2,FIFA World Cup qualification
5984,2013,Mozambique,Egipto,0,1,FIFA World Cup qualification
5985,2013,Ruanda,Argelia,0,1,FIFA World Cup qualification
5986,2013,Tanzania,Costa de Marfil,2,4,FIFA World Cup qualification
5987,2013,Australia,Irak,1,0,FIFA World Cup qualification
5988,2013,Costa Rica,Panamá,2,0,FIFA World Cup qualification
5989,2013,Jordania,Omán,1,0,FIFA World Cup qualification
5990,2013,Corea del Sur,Irán,0,1,FIFA World Cup qualification
5991,2013,Estados Unidos,Honduras,1,0,FIFA World Cup qualification
5992,2013,Uzbekistán,Catar,5,1,FIFA World Cup qualification
5993,2013,Irlanda del Norte,Rusia,1,0,FIFA World Cup qualification
5994,2013,Bosnia y Herzegovina,Eslovaquia,0,1,FIFA World Cup qualification
5995,2013,Chile,Venezuela,3,0,FIFA World Cup qualification
5996,2013,Colombia,Ecuador,1,0,FIFA World Cup qualification
5997,2013,Costa Rica,Estados Unidos,3,1,FIFA World Cup qualification
5998,2013,República Checa,Armenia,1,2,FIFA World Cup qualification
5999,2013,Inglaterra,Moldavia,4,0,FIFA World Cup qualification
6000,2013,Estonia,Países Bajos,2,2,FIFA World Cup qualification
6001,2013,Finlandia,España,0,2,FIFA World Cup qualification
6002,2013,Georgia,Francia,0,0,FIFA World Cup qualification
6003,2013,Alemania,Austria,3,0,FIFA World Cup qualification
6004,2013,Ghana,Zambia,2,1,FIFA World Cup qualification
6005,2013,Irlanda,Suecia,1,2,FIFA World Cup qualification
6006,2013,Italia,Bulgaria,1,0,FIFA World Cup qualification
6007,2013,Jordania,Uzbekistán,1,1,FIFA World Cup qualification
6008,2013,Kazajistán,Islas Feroe,2,1,FIFA World Cup qualification
6009,2013,Letonia,Lituania,2,1,FIFA World Cup qualification
6010,2013,Liechtenstein,Grecia,0,1,FIFA World Cup qualification
6011,2013,Macedonia del Norte,Gales,2,1,FIFA World Cup qualification
6012,2013,Malta,Dinamarca,1,2,FIFA World Cup qualification
6013,2013,México,Honduras,1,2,FIFA World Cup qualification
6014,2013,Irlanda del Norte,Portugal,2,4,FIFA World Cup qualification
6015,2013,Noruega,Chipre,2,0,FIFA World Cup qualification
6016,2013,Panamá,Jamaica,0,0,FIFA World Cup qualification
6017,2013,Paraguay,Bolivia,4,0,FIFA World Cup qualification
6018,2013,Perú,Uruguay,1,2,FIFA World Cup qualification
6019,2013,Polonia,Montenegro,1,1,FIFA World Cup qualification
6020,2013,Rumania,Hungría,3,0,FIFA World Cup qualification
6021,2013,Rusia,Luxemburgo,4,1,FIFA World Cup qualification
6022,2013,Escocia,Bélgica,0,2,FIFA World Cup qualification
6023,2013,Serbia,Croacia,1,1,FIFA World Cup qualification
6024,2013,Eslovenia,Albania,1,0,FIFA World Cup qualification
6025,2013,Suiza,Islandia,4,4,FIFA World Cup qualification
6026,2013,Turquía,Andorra,5,0,FIFA World Cup qualification
6027,2013,Ucrania,San Marino,9,0,FIFA World Cup qualification
6028,2013,Angola,Liberia,4,1,FIFA World Cup qualification
6029,2013,Burkina Faso,Gabón,1,0,FIFA World Cup qualification
6030,2013,República Centroafricana,Etiopía,1,2,FIFA World Cup qualification
6031,2013,Gambia,Tanzania,2,0,FIFA World Cup qualification
6032,2013,Israel,Azerbaiyán,1,1,FIFA World Cup qualification
6033,2013,Costa de Marfil,Marruecos,1,1,FIFA World Cup qualification
6034,2013,Níger,Congo,2,2,FIFA World Cup qualification
6035,2013,Nigeria,Malaui,2,0,FIFA World Cup qualification
6036,2013,Senegal,Uganda,1,0,FIFA World Cup qualification
6037,2013,Sierra Leona,Guinea Ecuatorial,3,2,FIFA World Cup qualification
6038,2013,Sudáfrica,Botsuana,4,1,FIFA World Cup qualification
6039,2013,Túnez,Cabo Verde,3,0,FIFA World Cup qualification
6040,2013,Benín,Ruanda,2,0,FIFA World Cup qualification
6041,2013,Camerún,Libia,1,0,FIFA World Cup qualification
6042,2013,Kenia,Namibia,1,0,FIFA World Cup qualification
6043,2013,Sudán,Lesoto,1,3,FIFA World Cup qualification
6044,2013,Togo,República Democrática del Congo,2,1,FIFA World Cup qualification
6045,2013,Zimbabue,Mozambique,1,1,FIFA World Cup qualification
6046,2013,Argelia,Malí,1,0,FIFA World Cup qualification
6047,2013,Andorra,Países Bajos,0,2,FIFA World Cup qualification
6048,2013,Armenia,Dinamarca,0,1,FIFA World Cup qualification
6049,2013,Austria,Irlanda,1,0,FIFA World Cup qualification
6050,2013,Bielorrusia,Francia,2,4,FIFA World Cup qualification
6051,2013,Bolivia,Ecuador,1,1,FIFA World Cup qualification
6052,2013,Chipre,Eslovenia,0,2,FIFA World Cup qualification
6053,2013,Egipto,Guinea,4,2,FIFA World Cup qualification
6054,2013,Islas Feroe,Alemania,0,3,FIFA World Cup qualification
6055,2013,Georgia,Finlandia,0,1,FIFA World Cup qualification
6056,2013,Grecia,Letonia,1,0,FIFA World Cup qualification
6057,2013,Honduras,Panamá,2,2,FIFA World Cup qualification
6058,2013,Hungría,Estonia,5,1,FIFA World Cup qualification
6059,2013,Islandia,Albania,2,1,FIFA World Cup qualification
6060,2013,Italia,República Checa,2,1,FIFA World Cup qualification
6061,2013,Jamaica,Costa Rica,1,1,FIFA World Cup qualification
6062,2013,Kazajistán,Suecia,0,1,FIFA World Cup qualification
6063,2013,Lituania,Liechtenstein,2,0,FIFA World Cup qualification
6064,2013,Luxemburgo,Irlanda del Norte,3,2,FIFA World Cup qualification
6065,2013,Macedonia del Norte,Escocia,1,2,FIFA World Cup qualification
6066,2013,Malta,Bulgaria,1,2,FIFA World Cup qualification
6067,2013,Noruega,Suiza,0,2,FIFA World Cup qualification
6068,2013,Paraguay,Argentina,2,5,FIFA World Cup qualification
6069,2013,Rumania,Turquía,0,2,FIFA World Cup qualification
6070,2013,Rusia,Israel,3,1,FIFA World Cup qualification
6071,2013,San Marino,Polonia,1,5,FIFA World Cup qualification
6072,2013,Eslovaquia,Bosnia y Herzegovina,1,2,FIFA World Cup qualification
6073,2013,Ucrania,Inglaterra,0,0,FIFA World Cup qualification
6074,2013,Uruguay,Colombia,2,0,FIFA World Cup qualification
6075,2013,Estados Unidos,México,2,0,FIFA World Cup qualification
6076,2013,Uzbekistán,Jordania,1,1,FIFA World Cup qualification
6077,2013,Venezuela,Perú,3,2,FIFA World Cup qualification
6078,2013,Gales,Serbia,0,3,FIFA World Cup qualification
6079,2013,Albania,Suiza,1,2,FIFA World Cup qualification
6080,2013,Andorra,Rumania,0,4,FIFA World Cup qualification
6081,2013,Argentina,Perú,3,1,FIFA World Cup qualification
6082,2013,Armenia,Bulgaria,2,1,FIFA World Cup qualification
6083,2013,Azerbaiyán,Irlanda del Norte,2,0,FIFA World Cup qualification
6084,2013,Bosnia y Herzegovina,Liechtenstein,4,1,FIFA World Cup qualification
6085,2013,Colombia,Chile,3,3,FIFA World Cup qualification
6086,2013,Croacia,Bélgica,1,2,FIFA World Cup qualification
6087,2013,Dinamarca,Italia,2,2,FIFA World Cup qualification
6088,2013,Ecuador,Uruguay,1,0,FIFA World Cup qualification
6089,2013,Inglaterra,Montenegro,4,1,FIFA World Cup qualification
6090,2013,Estonia,Turquía,0,2,FIFA World Cup qualification
6091,2013,Islas Feroe,Kazajistán,1,1,FIFA World Cup qualification
6092,2013,Alemania,Irlanda,3,0,FIFA World Cup qualification
6093,2013,Grecia,Eslovaquia,1,0,FIFA World Cup qualification
6094,2013,Honduras,Costa Rica,1,0,FIFA World Cup qualification
6095,2013,Islandia,Chipre,2,0,FIFA World Cup qualification
6096,2013,Lituania,Letonia,2,0,FIFA World Cup qualification
6097,2013,Luxemburgo,Rusia,0,4,FIFA World Cup qualification
6098,2013,Malta,República Checa,1,4,FIFA World Cup qualification
6099,2013,México,Panamá,2,1,FIFA World Cup qualification
6100,2013,Moldavia,San Marino,3,0,FIFA World Cup qualification
6101,2013,Países Bajos,Hungría,8,1,FIFA World Cup qualification
6102,2013,Portugal,Israel,1,1,FIFA World Cup qualification
6103,2013,Eslovenia,Noruega,3,0,FIFA World Cup qualification
6104,2013,España,Bielorrusia,2,1,FIFA World Cup qualification
6105,2013,Suecia,Austria,2,1,FIFA World Cup qualification
6106,2013,Ucrania,Polonia,1,0,FIFA World Cup qualification
6107,2013,Estados Unidos,Jamaica,2,0,FIFA World Cup qualification
6108,2013,Venezuela,Paraguay,1,1,FIFA World Cup qualification
6109,2013,Gales,Macedonia del Norte,1,0,FIFA World Cup qualification
6110,2013,Burkina Faso,Argelia,3,2,FIFA World Cup qualification
6111,2013,Costa de Marfil,Senegal,3,1,FIFA World Cup qualification
6112,2013,Etiopía,Nigeria,1,2,FIFA World Cup qualification
6113,2013,Túnez,Camerún,0,0,FIFA World Cup qualification
6114,2013,Azerbaiyán,Rusia,1,1,FIFA World Cup qualification
6115,2013,Bélgica,Gales,1,1,FIFA World Cup qualification
6116,2013,Bulgaria,República Checa,0,1,FIFA World Cup qualification
6117,2013,Chile,Ecuador,2,1,FIFA World Cup qualification
6118,2013,Costa Rica,México,2,1,FIFA World Cup qualification
6119,2013,Chipre,Albania,0,0,FIFA World Cup qualification
6120,2013,Dinamarca,Malta,6,0,FIFA World Cup qualification
6121,2013,Inglaterra,Polonia,2,0,FIFA World Cup qualification
6122,2013,Islas Feroe,Austria,0,3,FIFA World Cup qualification
6123,2013,Francia,Finlandia,3,0,FIFA World Cup qualification
6124,2013,Ghana,Egipto,6,1,FIFA World Cup qualification
6125,2013,Grecia,Liechtenstein,2,0,FIFA World Cup qualification
6126,2013,Hungría,Andorra,2,0,FIFA World Cup qualification
6127,2013,Irlanda,Kazajistán,3,1,FIFA World Cup qualification
6128,2013,Israel,Irlanda del Norte,1,1,FIFA World Cup qualification
6129,2013,Italia,Armenia,2,2,FIFA World Cup qualification
6130,2013,Jamaica,Honduras,2,2,FIFA World Cup qualification
6131,2013,Letonia,Eslovaquia,2,2,FIFA World Cup qualification
6132,2013,Lituania,Bosnia y Herzegovina,0,1,FIFA World Cup qualification
6133,2013,Montenegro,Moldavia,2,5,FIFA World Cup qualification
6134,2013,Noruega,Islandia,1,1,FIFA World Cup qualification
6135,2013,Panamá,Estados Unidos,2,3,FIFA World Cup qualification
6136,2013,Paraguay,Colombia,1,2,FIFA World Cup qualification
6137,2013,Perú,Bolivia,1,1,FIFA World Cup qualification
6138,2013,Portugal,Luxemburgo,3,0,FIFA World Cup qualification
6139,2013,Rumania,Estonia,2,0,FIFA World Cup qualification
6140,2013,San Marino,Ucrania,0,8,FIFA World Cup qualification
6141,2013,Escocia,Croacia,2,0,FIFA World Cup qualification
6142,2013,Serbia,Macedonia del Norte,5,1,FIFA World Cup qualification
6143,2013,España,Georgia,2,0,FIFA World Cup qualification
6144,2013,Suecia,Alemania,3,5,FIFA World Cup qualification
6145,2013,Suiza,Eslovenia,1,0,FIFA World Cup qualification
6146,2013,Turquía,Países Bajos,0,2,FIFA World Cup qualification
6147,2013,Uruguay,Argentina,3,2,FIFA World Cup qualification
6148,2013,Jordania,Uruguay,0,5,FIFA World Cup qualification
6149,2013,México,Nueva Zelanda,5,1,FIFA World Cup qualification
6150,2013,Grecia,Rumania,3,1,FIFA World Cup qualification
6151,2013,Islandia,Croacia,0,0,FIFA World Cup qualification
6152,2013,Portugal,Suecia,1,0,FIFA World Cup qualification
6153,2013,Ucrania,Francia,2,0,FIFA World Cup qualification
6154,2013,Nigeria,Etiopía,2,0,FIFA World Cup qualification
6155,2013,Senegal,Costa de Marfil,1,1,FIFA World Cup qualification
6156,2013,Camerún,Túnez,4,1,FIFA World Cup qualification
6157,2013,Argelia,Burkina Faso,1,0,FIFA World Cup qualification
6158,2013,Croacia,Islandia,2,0,FIFA World Cup qualification
6159,2013,Egipto,Ghana,2,1,FIFA World Cup qualification
6160,2013,Francia,Ucrania,3,0,FIFA World Cup qualification
6161,2013,Rumania,Grecia,1,1,FIFA World Cup qualification
6162,2013,Suecia,Portugal,2,3,FIFA World Cup qualification
6163,2013,Nueva Zelanda,México,2,4,FIFA World Cup qualification
6164,2013,Uruguay,Jordania,0,0,FIFA World Cup qualification
6165,2015,Camboya,Macao,3,0,FIFA World Cup qualification
6166,2015,Timor Oriental,Mongolia,0,3,FIFA World Cup qualification
6167,2015,India,Nepal,2,0,FIFA World Cup qualification
6168,2015,Sri Lanka,Bután,0,1,FIFA World Cup qualification
6169,2015,Yemen,Pakistán,3,1,FIFA World Cup qualification
6170,2015,Taiwán,Brunéi,0,1,FIFA World Cup qualification
6171,2015,Bután,Sri Lanka,2,1,FIFA World Cup qualification
6172,2015,Brunéi,Taiwán,0,2,FIFA World Cup qualification
6173,2015,Macao,Camboya,1,1,FIFA World Cup qualification
6174,2015,Mongolia,Timor Oriental,3,0,FIFA World Cup qualification
6175,2015,Nepal,India,0,0,FIFA World Cup qualification
6176,2015,Barbados,Islas Vírgenes de los Estados Unidos,0,1,FIFA World Cup qualification
6177,2015,Pakistán,Yemen,0,0,FIFA World Cup qualification
6178,2015,Nicaragua,Anguila,5,0,FIFA World Cup qualification
6179,2015,San Cristóbal y Nieves,Islas Turcas y Caicos,6,2,FIFA World Cup qualification
6180,2015,Bahamas,islas Bermudas,0,5,FIFA World Cup qualification
6181,2015,Islas Vírgenes de los Estados Unidos,Barbados,0,4,FIFA World Cup qualification
6182,2015,Dominica,Islas Vírgenes Británicas,3,2,FIFA World Cup qualification
6183,2015,Islas Turcas y Caicos,San Cristóbal y Nieves,2,6,FIFA World Cup qualification
6184,2015,Curazao,Montserrat,2,1,FIFA World Cup qualification
6185,2015,Anguila,Nicaragua,0,3,FIFA World Cup qualification
6186,2015,islas Bermudas,Bahamas,3,0,FIFA World Cup qualification
6187,2015,Dominica,Islas Vírgenes Británicas,0,0,FIFA World Cup qualification
6188,2015,Islas Caimán,Belice,1,1,FIFA World Cup qualification
6189,2015,Montserrat,Curazao,2,2,FIFA World Cup qualification
6190,2015,Tailandia,Vietnam,1,0,FIFA World Cup qualification
6191,2015,Nicaragua,Surinam,1,0,FIFA World Cup qualification
6192,2015,Curazao,Cuba,0,0,FIFA World Cup qualification
6193,2015,Antigua y Barbuda,Santa Lucía,1,3,FIFA World Cup qualification
6194,2015,Aruba,Barbados,0,2,FIFA World Cup qualification
6195,2015,San Vicente y las Granadinas,Guayana,2,2,FIFA World Cup qualification
6196,2015,Afganistán,Siria,0,6,FIFA World Cup qualification
6197,2015,Bangladesh,Kirguistán,1,3,FIFA World Cup qualification
6198,2015,Camboya,Singapur,0,4,FIFA World Cup qualification
6199,2015,República Dominicana,Belice,1,2,FIFA World Cup qualification
6200,2015,Guam,Turkmenistán,1,0,FIFA World Cup qualification
6201,2015,Hong Kong,Bután,7,0,FIFA World Cup qualification
6202,2015,India,Omán,1,2,FIFA World Cup qualification
6203,2015,Laos,Birmania,2,2,FIFA World Cup qualification
6204,2015,Líbano,Kuwait,0,1,FIFA World Cup qualification
6205,2015,Malasia,Timor Oriental,3,0,FIFA World Cup qualification
6206,2015,Maldivas,Catar,0,1,FIFA World Cup qualification
6207,2015,Filipinas,Baréin,2,1,FIFA World Cup qualification
6208,2015,Arabia Saudita,Palestina,3,2,FIFA World Cup qualification
6209,2015,Tayikistán,Jordania,1,3,FIFA World Cup qualification
6210,2015,Yemen,Corea del Norte,0,3,FIFA World Cup qualification
6211,2015,Dominica,Canadá,0,2,FIFA World Cup qualification
6212,2015,San Cristóbal y Nieves,El Salvador,2,2,FIFA World Cup qualification
6213,2015,Puerto Rico,Granada,1,0,FIFA World Cup qualification
6214,2015,Guatemala,islas Bermudas,0,0,FIFA World Cup qualification
6215,2015,Barbados,Aruba,0,3,FIFA World Cup qualification
6216,2015,Cuba,Curazao,1,1,FIFA World Cup qualification
6217,2015,Belice,República Dominicana,3,0,FIFA World Cup qualification
6218,2015,Guayana,San Vicente y las Granadinas,4,4,FIFA World Cup qualification
6219,2015,Antigua y Barbuda,Santa Lucía,4,1,FIFA World Cup qualification
6220,2015,islas Bermudas,Guatemala,0,1,FIFA World Cup qualification
6221,2015,Bangladesh,Tayikistán,1,1,FIFA World Cup qualification
6222,2015,Bután,China,0,6,FIFA World Cup qualification
6223,2015,Birmania,Corea del Sur,0,2,FIFA World Cup qualification
6224,2015,Camboya,Afganistán,0,1,FIFA World Cup qualification
6225,2015,Timor Oriental,Emiratos Árabes Unidos,0,3,FIFA World Cup qualification
6226,2015,Granada,Puerto Rico,2,0,FIFA World Cup qualification
6227,2015,Guam,India,2,1,FIFA World Cup qualification
6228,2015,Hong Kong,Maldivas,2,0,FIFA World Cup qualification
6229,2015,Japón,Singapur,0,0,FIFA World Cup qualification
6230,2015,Corea del Norte,Uzbekistán,4,2,FIFA World Cup qualification
6231,2015,Kirguistán,Australia,1,2,FIFA World Cup qualification
6232,2015,Laos,Líbano,0,2,FIFA World Cup qualification
6233,2015,Malasia,Palestina,0,6,FIFA World Cup qualification
6234,2015,Surinam,Nicaragua,1,3,FIFA World Cup qualification
6235,2015,Turkmenistán,Irán,1,1,FIFA World Cup qualification
6236,2015,Yemen,Filipinas,0,2,FIFA World Cup qualification
6237,2015,Canadá,Dominica,4,0,FIFA World Cup qualification
6238,2015,El Salvador,San Cristóbal y Nieves,4,1,FIFA World Cup qualification
6239,2015,Taiwán,Tailandia,0,2,FIFA World Cup qualification
6240,2015,Samoa,Samoa Americana,3,2,FIFA World Cup qualification
6241,2015,Tonga,Islas Cook,0,3,FIFA World Cup qualification
6242,2015,Islas Cook,Samoa,1,0,FIFA World Cup qualification
6243,2015,Tonga,Samoa Americana,1,2,FIFA World Cup qualification
6244,2015,Australia,Bangladesh,5,0,FIFA World Cup qualification
6245,2015,Baréin,Corea del Norte,0,1,FIFA World Cup qualification
6246,2015,China,Hong Kong,0,0,FIFA World Cup qualification
6247,2015,Irán,Guam,6,0,FIFA World Cup qualification
6248,2015,Irak,Taiwán,5,1,FIFA World Cup qualification
6249,2015,Japón,Camboya,3,0,FIFA World Cup qualification
6250,2015,Jordania,Kirguistán,0,0,FIFA World Cup qualification
6251,2015,Corea del Sur,Laos,8,0,FIFA World Cup qualification
6252,2015,Kuwait,Birmania,9,0,FIFA World Cup qualification
6253,2015,Omán,Turkmenistán,3,1,FIFA World Cup qualification
6254,2015,Catar,Bután,15,0,FIFA World Cup qualification
6255,2015,Arabia Saudita,Timor Oriental,7,0,FIFA World Cup qualification
6256,2015,Siria,Singapur,1,0,FIFA World Cup qualification
6257,2015,Emiratos Árabes Unidos,Malasia,10,0,FIFA World Cup qualification
6258,2015,Uzbekistán,Yemen,1,0,FIFA World Cup qualification
6259,2015,Samoa Americana,Islas Cook,2,0,FIFA World Cup qualification
6260,2015,Curazao,El Salvador,0,1,FIFA World Cup qualification
6261,2015,Granada,Haití,1,3,FIFA World Cup qualification
6262,2015,Tonga,Samoa,0,3,FIFA World Cup qualification
6263,2015,Antigua y Barbuda,Guatemala,1,0,FIFA World Cup qualification
6264,2015,Canadá,Belice,3,0,FIFA World Cup qualification
6265,2015,Jamaica,Nicaragua,2,3,FIFA World Cup qualification
6266,2015,San Vicente y las Granadinas,Aruba,2,0,FIFA World Cup qualification
6267,2015,Afganistán,Japón,0,6,FIFA World Cup qualification
6268,2015,Bangladesh,Jordania,0,4,FIFA World Cup qualification
6269,2015,Camboya,Siria,0,6,FIFA World Cup qualification
6270,2015,China,Maldivas,3,0,FIFA World Cup qualification
6271,2015,El Salvador,Curazao,1,0,FIFA World Cup qualification
6272,2015,Guam,Omán,0,0,FIFA World Cup qualification
6273,2015,Hong Kong,Catar,2,3,FIFA World Cup qualification
6274,2015,India,Irán,0,3,FIFA World Cup qualification
6275,2015,Laos,Kuwait,0,2,FIFA World Cup qualification
6276,2015,Líbano,Corea del Sur,0,3,FIFA World Cup qualification
6277,2015,Malasia,Arabia Saudita,0,3,FIFA World Cup qualification
6278,2015,Palestina,Emiratos Árabes Unidos,0,0,FIFA World Cup qualification
6279,2015,Filipinas,Uzbekistán,1,5,FIFA World Cup qualification
6280,2015,Tayikistán,Australia,0,3,FIFA World Cup qualification
6281,2015,Tailandia,Irak,2,2,FIFA World Cup qualification
6282,2015,Yemen,Baréin,0,4,FIFA World Cup qualification
6283,2015,Aruba,San Vicente y las Granadinas,2,1,FIFA World Cup qualification
6284,2015,Belice,Canadá,1,1,FIFA World Cup qualification
6285,2015,Guatemala,Antigua y Barbuda,2,0,FIFA World Cup qualification
6286,2015,Haití,Granada,3,0,FIFA World Cup qualification
6287,2015,Nicaragua,Jamaica,0,2,FIFA World Cup qualification
6288,2015,Taiwán,Vietnam,1,2,FIFA World Cup qualification
6289,2015,Comoras,Lesoto,0,0,FIFA World Cup qualification
6290,2015,Mauricio,Kenia,2,5,FIFA World Cup qualification
6291,2015,Seychelles,Burundi,0,1,FIFA World Cup qualification
6292,2015,Sudán del Sur,Mauritania,1,1,FIFA World Cup qualification
6293,2015,Tanzania,Malaui,2,0,FIFA World Cup qualification
6294,2015,Argentina,Ecuador,0,2,FIFA World Cup qualification
6295,2015,Baréin,Uzbekistán,0,4,FIFA World Cup qualification
6296,2015,Bután,Maldivas,3,4,FIFA World Cup qualification
6297,2015,Bolivia,Uruguay,0,2,FIFA World Cup qualification
6298,2015,Birmania,Líbano,0,2,FIFA World Cup qualification
6299,2015,Chile,Brasil,2,0,FIFA World Cup qualification
6300,2015,Colombia,Perú,2,0,FIFA World Cup qualification
6301,2015,Timor Oriental,Palestina,0,3,FIFA World Cup qualification
6302,2015,Jordania,Australia,2,0,FIFA World Cup qualification
6303,2015,Corea del Norte,Filipinas,0,0,FIFA World Cup qualification
6304,2015,Kuwait,Corea del Sur,0,1,FIFA World Cup qualification
6305,2015,Kirguistán,Tayikistán,2,2,FIFA World Cup qualification
6306,2015,Liberia,Guinea-Bissau,1,1,FIFA World Cup qualification
6307,2015,Omán,Irán,1,1,FIFA World Cup qualification
6308,2015,Catar,China,1,0,FIFA World Cup qualification
6309,2015,Santo Tomé y Príncipe,Etiopía,1,0,FIFA World Cup qualification
6310,2015,Arabia Saudita,Emiratos Árabes Unidos,2,1,FIFA World Cup qualification
6311,2015,Singapur,Afganistán,1,0,FIFA World Cup qualification
6312,2015,Siria,Japón,0,3,FIFA World Cup qualification
6313,2015,Turkmenistán,India,2,1,FIFA World Cup qualification
6314,2015,Venezuela,Paraguay,0,1,FIFA World Cup qualification
6315,2015,Vietnam,Irak,1,1,FIFA World Cup qualification
6316,2015,Yibuti,Eswatini,0,6,FIFA World Cup qualification
6317,2015,Gambia,Namibia,1,1,FIFA World Cup qualification
6318,2015,Somalia,Níger,0,2,FIFA World Cup qualification
6319,2015,Chad,Sierra Leona,1,0,FIFA World Cup qualification
6320,2015,Eritrea,Botsuana,0,2,FIFA World Cup qualification
6321,2015,Madagascar,República Centroafricana,3,0,FIFA World Cup qualification
6322,2015,Etiopía,Santo Tomé y Príncipe,3,0,FIFA World Cup qualification
6323,2015,Kenia,Mauricio,0,0,FIFA World Cup qualification
6324,2015,Malaui,Tanzania,1,0,FIFA World Cup qualification
6325,2015,Baréin,Filipinas,2,0,FIFA World Cup qualification
6326,2015,Bután,Hong Kong,0,1,FIFA World Cup qualification
6327,2015,Botsuana,Eritrea,3,1,FIFA World Cup qualification
6328,2015,Brasil,Venezuela,3,1,FIFA World Cup qualification
6329,2015,Birmania,Laos,3,1,FIFA World Cup qualification
6330,2015,Burundi,Seychelles,2,0,FIFA World Cup qualification
6331,2015,Timor Oriental,Malasia,0,3,FIFA World Cup qualification
6332,2015,Ecuador,Bolivia,2,0,FIFA World Cup qualification
6333,2015,Guinea-Bissau,Liberia,1,3,FIFA World Cup qualification
6334,2015,Jordania,Tayikistán,3,0,FIFA World Cup qualification
6335,2015,Corea del Norte,Yemen,1,0,FIFA World Cup qualification
6336,2015,Kuwait,Líbano,0,0,FIFA World Cup qualification
6337,2015,Kirguistán,Bangladesh,2,0,FIFA World Cup qualification
6338,2015,Lesoto,Comoras,1,1,FIFA World Cup qualification
6339,2015,Madagascar,República Centroafricana,2,2,FIFA World Cup qualification
6340,2015,Mauritania,Sudán del Sur,4,0,FIFA World Cup qualification
6341,2015,Namibia,Gambia,2,1,FIFA World Cup qualification
6342,2015,Níger,Somalia,4,0,FIFA World Cup qualification
6343,2015,Omán,India,3,0,FIFA World Cup qualification
6344,2015,Paraguay,Argentina,0,0,FIFA World Cup qualification
6345,2015,Perú,Chile,3,4,FIFA World Cup qualification
6346,2015,Catar,Maldivas,4,0,FIFA World Cup qualification
6347,2015,Sierra Leona,Chad,2,1,FIFA World Cup qualification
6348,2015,Singapur,Camboya,2,1,FIFA World Cup qualification
6349,2015,Siria,Afganistán,5,2,FIFA World Cup qualification
6350,2015,Turkmenistán,Guam,1,0,FIFA World Cup qualification
6351,2015,Uruguay,Colombia,3,0,FIFA World Cup qualification
6352,2015,Vietnam,Tailandia,0,3,FIFA World Cup qualification
6353,2015,Eswatini,Yibuti,2,1,FIFA World Cup qualification
6354,2015,Palestina,Arabia Saudita,0,0,FIFA World Cup qualification
6355,2015,Mozambique,Gabón,1,0,FIFA World Cup qualification
6356,2015,Sudán,Zambia,0,1,FIFA World Cup qualification
6357,2015,Afganistán,Camboya,3,0,FIFA World Cup qualification
6358,2015,Australia,Kirguistán,3,0,FIFA World Cup qualification
6359,2015,Benín,Burkina Faso,2,1,FIFA World Cup qualification
6360,2015,Bolivia,Venezuela,4,2,FIFA World Cup qualification
6361,2015,Burundi,República Democrática del Congo,2,3,FIFA World Cup qualification
6362,2015,Chile,Colombia,1,1,FIFA World Cup qualification
6363,2015,China,Bután,12,0,FIFA World Cup qualification
6364,2015,Ecuador,Uruguay,2,1,FIFA World Cup qualification
6365,2015,India,Guam,1,0,FIFA World Cup qualification
6366,2015,Irán,Turkmenistán,3,1,FIFA World Cup qualification
6367,2015,Corea del Sur,Birmania,4,0,FIFA World Cup qualification
6368,2015,Líbano,Laos,7,0,FIFA World Cup qualification
6369,2015,Maldivas,Hong Kong,0,1,FIFA World Cup qualification
6370,2015,Marruecos,Guinea Ecuatorial,2,0,FIFA World Cup qualification
6371,2015,Namibia,Guinea,0,1,FIFA World Cup qualification
6372,2015,Palestina,Malasia,6,0,FIFA World Cup qualification
6373,2015,Filipinas,Yemen,0,1,FIFA World Cup qualification
6374,2015,Singapur,Japón,0,3,FIFA World Cup qualification
6375,2015,Tayikistán,Bangladesh,5,0,FIFA World Cup qualification
6376,2015,Tailandia,Taiwán,4,2,FIFA World Cup qualification
6377,2015,Togo,Uganda,0,1,FIFA World Cup qualification
6378,2015,Emiratos Árabes Unidos,Timor Oriental,8,0,FIFA World Cup qualification
6379,2015,Uzbekistán,Corea del Norte,3,1,FIFA World Cup qualification
6380,2015,Angola,Sudáfrica,1,3,FIFA World Cup qualification
6381,2015,Argentina,Brasil,1,1,FIFA World Cup qualification
6382,2015,Comoras,Ghana,0,0,FIFA World Cup qualification
6383,2015,Costa Rica,Haití,1,0,FIFA World Cup qualification
6384,2015,Kenia,Cabo Verde,1,0,FIFA World Cup qualification
6385,2015,Liberia,Costa de Marfil,0,1,FIFA World Cup qualification
6386,2015,Libia,Ruanda,1,0,FIFA World Cup qualification
6387,2015,Madagascar,Senegal,2,2,FIFA World Cup qualification
6388,2015,Mauritania,Túnez,1,2,FIFA World Cup qualification
6389,2015,Níger,Camerún,0,3,FIFA World Cup qualification
6390,2015,Perú,Paraguay,1,0,FIFA World Cup qualification
6391,2015,Eswatini,Nigeria,0,0,FIFA World Cup qualification
6392,2015,Canadá,Honduras,1,0,FIFA World Cup qualification
6393,2015,Guatemala,Trinidad y Tobago,1,2,FIFA World Cup qualification
6394,2015,Jamaica,Panamá,0,2,FIFA World Cup qualification
6395,2015,México,El Salvador,3,0,FIFA World Cup qualification
6396,2015,Estados Unidos,San Vicente y las Granadinas,6,1,FIFA World Cup qualification
6397,2015,Botsuana,Malí,2,1,FIFA World Cup qualification
6398,2015,Chad,Egipto,1,0,FIFA World Cup qualification
6399,2015,Etiopía,Congo,3,4,FIFA World Cup qualification
6400,2015,Gabón,Mozambique,1,0,FIFA World Cup qualification
6401,2015,Tanzania,Argelia,2,2,FIFA World Cup qualification
6402,2015,República Democrática del Congo,Burundi,3,0,FIFA World Cup qualification
6403,2015,Guinea Ecuatorial,Marruecos,1,0,FIFA World Cup qualification
6404,2015,Guinea,Namibia,2,0,FIFA World Cup qualification
6405,2015,Uganda,Togo,3,0,FIFA World Cup qualification
6406,2015,Zambia,Sudán,2,0,FIFA World Cup qualification
6407,2015,Argelia,Tanzania,7,0,FIFA World Cup qualification
6408,2015,Bangladesh,Australia,0,4,FIFA World Cup qualification
6409,2015,Bután,Catar,0,3,FIFA World Cup qualification
6410,2015,Brasil,Perú,3,0,FIFA World Cup qualification
6411,2015,Burkina Faso,Benín,2,0,FIFA World Cup qualification
6412,2015,Birmania,Kuwait,3,0,FIFA World Cup qualification
6413,2015,Camboya,Japón,0,2,FIFA World Cup qualification
6414,2015,Camerún,Níger,0,0,FIFA World Cup qualification
6415,2015,Cabo Verde,Kenia,2,0,FIFA World Cup qualification
6416,2015,Colombia,Argentina,0,1,FIFA World Cup qualification
6417,2015,Congo,Etiopía,2,1,FIFA World Cup qualification
6418,2015,Timor Oriental,Arabia Saudita,0,10,FIFA World Cup qualification
6419,2015,Egipto,Chad,4,0,FIFA World Cup qualification
6420,2015,Ghana,Comoras,2,0,FIFA World Cup qualification
6421,2015,Guam,Irán,0,6,FIFA World Cup qualification
6422,2015,Honduras,México,0,2,FIFA World Cup qualification
6423,2015,Hong Kong,China,0,0,FIFA World Cup qualification
6424,2015,Costa de Marfil,Liberia,3,0,FIFA World Cup qualification
6425,2015,Corea del Norte,Baréin,2,0,FIFA World Cup qualification
6426,2015,Kirguistán,Jordania,1,0,FIFA World Cup qualification
6427,2015,Laos,Corea del Sur,0,5,FIFA World Cup qualification
6428,2015,Malasia,Emiratos Árabes Unidos,1,2,FIFA World Cup qualification
6429,2015,Malí,Botsuana,2,0,FIFA World Cup qualification
6430,2015,Nigeria,Eswatini,2,0,FIFA World Cup qualification
6431,2015,Paraguay,Bolivia,2,1,FIFA World Cup qualification
6432,2015,Ruanda,Libia,1,3,FIFA World Cup qualification
6433,2015,Senegal,Madagascar,3,0,FIFA World Cup qualification
6434,2015,Singapur,Siria,1,2,FIFA World Cup qualification
6435,2015,Sudáfrica,Angola,1,0,FIFA World Cup qualification
6436,2015,Túnez,Mauritania,2,1,FIFA World Cup qualification
6437,2015,Turkmenistán,Omán,2,1,FIFA World Cup qualification
6438,2015,Uruguay,Chile,3,0,FIFA World Cup qualification
6439,2015,Venezuela,Ecuador,1,3,FIFA World Cup qualification
6440,2015,Yemen,Uzbekistán,1,3,FIFA World Cup qualification
6441,2015,Haití,Jamaica,0,1,FIFA World Cup qualification
6442,2015,Panamá,Costa Rica,1,2,FIFA World Cup qualification
6443,2015,San Vicente y las Granadinas,Guatemala,0,4,FIFA World Cup qualification
6444,2015,Taiwán,Irak,0,2,FIFA World Cup qualification
6445,2016,Australia,Tayikistán,7,0,FIFA World Cup qualification
6446,2016,Baréin,Yemen,3,0,FIFA World Cup qualification
6447,2016,Bolivia,Colombia,2,3,FIFA World Cup qualification
6448,2016,Chile,Argentina,1,2,FIFA World Cup qualification
6449,2016,China,Maldivas,4,0,FIFA World Cup qualification
6450,2016,Ecuador,Paraguay,2,2,FIFA World Cup qualification
6451,2016,Irán,India,4,0,FIFA World Cup qualification
6452,2016,Irak,Tailandia,2,2,FIFA World Cup qualification
6453,2016,Japón,Afganistán,5,0,FIFA World Cup qualification
6454,2016,Jordania,Bangladesh,8,0,FIFA World Cup qualification
6455,2016,Corea del Sur,Líbano,1,0,FIFA World Cup qualification
6456,2016,Omán,Guam,1,0,FIFA World Cup qualification
6457,2016,Perú,Venezuela,2,2,FIFA World Cup qualification
6458,2016,Catar,Hong Kong,2,0,FIFA World Cup qualification
6459,2016,Arabia Saudita,Malasia,2,0,FIFA World Cup qualification
6460,2016,Siria,Camboya,6,0,FIFA World Cup qualification
6461,2016,Emiratos Árabes Unidos,Palestina,2,0,FIFA World Cup qualification
6462,2016,Uzbekistán,Filipinas,1,0,FIFA World Cup qualification
6463,2016,Vietnam,Taiwán,4,1,FIFA World Cup qualification
6464,2016,Brasil,Uruguay,2,2,FIFA World Cup qualification
6465,2016,Canadá,México,0,3,FIFA World Cup qualification
6466,2016,El Salvador,Honduras,2,2,FIFA World Cup qualification
6467,2016,Guatemala,Estados Unidos,2,0,FIFA World Cup qualification
6468,2016,Haití,Panamá,0,0,FIFA World Cup qualification
6469,2016,Jamaica,Costa Rica,1,1,FIFA World Cup qualification
6470,2016,San Vicente y las Granadinas,Trinidad y Tobago,2,3,FIFA World Cup qualification
6471,2016,Afganistán,Singapur,2,1,FIFA World Cup qualification
6472,2016,Argentina,Bolivia,2,0,FIFA World Cup qualification
6473,2016,Australia,Jordania,5,1,FIFA World Cup qualification
6474,2016,China,Catar,2,0,FIFA World Cup qualification
6475,2016,Colombia,Ecuador,3,1,FIFA World Cup qualification
6476,2016,Costa Rica,Jamaica,3,0,FIFA World Cup qualification
6477,2016,Honduras,El Salvador,2,0,FIFA World Cup qualification
6478,2016,India,Turkmenistán,1,2,FIFA World Cup qualification
6479,2016,Irán,Omán,2,0,FIFA World Cup qualification
6480,2016,Irak,Vietnam,1,0,FIFA World Cup qualification
6481,2016,Japón,Siria,5,0,FIFA World Cup qualification
6482,2016,Líbano,Birmania,1,1,FIFA World Cup qualification
6483,2016,Maldivas,Bután,4,2,FIFA World Cup qualification
6484,2016,México,Canadá,2,0,FIFA World Cup qualification
6485,2016,Palestina,Timor Oriental,7,0,FIFA World Cup qualification
6486,2016,Panamá,Haití,1,0,FIFA World Cup qualification
6487,2016,Paraguay,Brasil,2,2,FIFA World Cup qualification
6488,2016,Filipinas,Corea del Norte,3,2,FIFA World Cup qualification
6489,2016,Tayikistán,Kirguistán,0,1,FIFA World Cup qualification
6490,2016,Emiratos Árabes Unidos,Arabia Saudita,1,1,FIFA World Cup qualification
6491,2016,Uruguay,Perú,1,0,FIFA World Cup qualification
6492,2016,Estados Unidos,Guatemala,4,0,FIFA World Cup qualification
6493,2016,Uzbekistán,Baréin,1,0,FIFA World Cup qualification
6494,2016,Venezuela,Chile,1,4,FIFA World Cup qualification
6495,2016,Trinidad y Tobago,San Vicente y las Granadinas,6,0,FIFA World Cup qualification
6496,2016,Argentina,Uruguay,1,0,FIFA World Cup qualification
6497,2016,Australia,Irak,2,0,FIFA World Cup qualification
6498,2016,Bolivia,Perú,0,3,FIFA World Cup qualification
6499,2016,Colombia,Venezuela,2,0,FIFA World Cup qualification
6500,2016,Ecuador,Brasil,0,3,FIFA World Cup qualification
6501,2016,Irán,Catar,2,0,FIFA World Cup qualification
6502,2016,Japón,Emiratos Árabes Unidos,1,2,FIFA World Cup qualification
6503,2016,Corea del Sur,China,3,2,FIFA World Cup qualification
6504,2016,Paraguay,Chile,2,1,FIFA World Cup qualification
6505,2016,Arabia Saudita,Tailandia,1,0,FIFA World Cup qualification
6506,2016,Uzbekistán,Siria,1,0,FIFA World Cup qualification
6507,2016,El Salvador,México,1,3,FIFA World Cup qualification
6508,2016,Haití,Costa Rica,0,1,FIFA World Cup qualification
6509,2016,Honduras,Canadá,2,1,FIFA World Cup qualification
6510,2016,Panamá,Jamaica,2,0,FIFA World Cup qualification
6511,2016,San Vicente y las Granadinas,Estados Unidos,0,6,FIFA World Cup qualification
6512,2016,Trinidad y Tobago,Guatemala,2,2,FIFA World Cup qualification
6513,2016,República Checa,Irlanda del Norte,0,0,FIFA World Cup qualification
6514,2016,Dinamarca,Armenia,1,0,FIFA World Cup qualification
6515,2016,Kazajistán,Polonia,2,2,FIFA World Cup qualification
6516,2016,Lituania,Eslovenia,2,2,FIFA World Cup qualification
6517,2016,Malta,Escocia,1,5,FIFA World Cup qualification
6518,2016,Noruega,Alemania,0,3,FIFA World Cup qualification
6519,2016,Rumania,Montenegro,1,1,FIFA World Cup qualification
6520,2016,San Marino,Azerbaiyán,0,1,FIFA World Cup qualification
6521,2016,Eslovaquia,Inglaterra,0,1,FIFA World Cup qualification
6522,2016,Albania,Macedonia del Norte,2,1,FIFA World Cup qualification
6523,2016,Croacia,Turquía,1,1,FIFA World Cup qualification
6524,2016,Finlandia,Kosovo,1,1,FIFA World Cup qualification
6525,2016,Georgia,Austria,1,2,FIFA World Cup qualification
6526,2016,Israel,Italia,1,3,FIFA World Cup qualification
6527,2016,Serbia,Irlanda,2,2,FIFA World Cup qualification
6528,2016,España,Liechtenstein,8,0,FIFA World Cup qualification
6529,2016,Ucrania,Islandia,1,1,FIFA World Cup qualification
6530,2016,Gales,Moldavia,4,0,FIFA World Cup qualification
6531,2016,Andorra,Letonia,0,1,FIFA World Cup qualification
6532,2016,Bielorrusia,Francia,0,0,FIFA World Cup qualification
6533,2016,Bosnia y Herzegovina,Estonia,5,0,FIFA World Cup qualification
6534,2016,Brasil,Colombia,2,1,FIFA World Cup qualification
6535,2016,Bulgaria,Luxemburgo,4,3,FIFA World Cup qualification
6536,2016,Canadá,El Salvador,3,1,FIFA World Cup qualification
6537,2016,Chile,Bolivia,3,0,FIFA World Cup qualification
6538,2016,China,Irán,0,0,FIFA World Cup qualification
6539,2016,Costa Rica,Panamá,3,1,FIFA World Cup qualification
6540,2016,Chipre,Bélgica,0,3,FIFA World Cup qualification
6541,2016,Islas Feroe,Hungría,0,0,FIFA World Cup qualification
6542,2016,Gibraltar,Grecia,1,4,FIFA World Cup qualification
6543,2016,Irak,Arabia Saudita,1,2,FIFA World Cup qualification
6544,2016,Jamaica,Haití,0,2,FIFA World Cup qualification
6545,2016,México,Honduras,0,0,FIFA World Cup qualification
6546,2016,Perú,Ecuador,2,1,FIFA World Cup qualification
6547,2016,Catar,Uzbekistán,0,1,FIFA World Cup qualification
6548,2016,Suecia,Países Bajos,1,1,FIFA World Cup qualification
6549,2016,Suiza,Portugal,2,0,FIFA World Cup qualification
6550,2016,Siria,Corea del Sur,0,0,FIFA World Cup qualification
6551,2016,Tailandia,Japón,0,2,FIFA World Cup qualification
6552,2016,Emiratos Árabes Unidos,Australia,0,1,FIFA World Cup qualification
6553,2016,Uruguay,Paraguay,4,0,FIFA World Cup qualification
6554,2016,Estados Unidos,Trinidad y Tobago,4,0,FIFA World Cup qualification
6555,2016,Venezuela,Argentina,2,2,FIFA World Cup qualification
6556,2016,Guatemala,San Vicente y las Granadinas,9,3,FIFA World Cup qualification
6557,2016,Austria,Gales,2,2,FIFA World Cup qualification
6558,2016,Brasil,Bolivia,5,0,FIFA World Cup qualification
6559,2016,China,Siria,0,1,FIFA World Cup qualification
6560,2016,Ecuador,Chile,3,0,FIFA World Cup qualification
6561,2016,Islandia,Finlandia,3,2,FIFA World Cup qualification
6562,2016,Irlanda,Georgia,1,0,FIFA World Cup qualification
6563,2016,Italia,España,1,1,FIFA World Cup qualification
6564,2016,Japón,Irak,2,1,FIFA World Cup qualification
6565,2016,Corea del Sur,Catar,3,2,FIFA World Cup qualification
6566,2016,Kosovo,Croacia,0,6,FIFA World Cup qualification
6567,2016,Liechtenstein,Albania,0,2,FIFA World Cup qualification
6568,2016,Macedonia del Norte,Israel,1,2,FIFA World Cup qualification
6569,2016,Moldavia,Serbia,0,3,FIFA World Cup qualification
6570,2016,Paraguay,Colombia,0,1,FIFA World Cup qualification
6571,2016,Perú,Argentina,2,2,FIFA World Cup qualification
6572,2016,Arabia Saudita,Australia,2,2,FIFA World Cup qualification
6573,2016,Turquía,Ucrania,2,2,FIFA World Cup qualification
6574,2016,Emiratos Árabes Unidos,Tailandia,3,1,FIFA World Cup qualification
6575,2016,Uruguay,Venezuela,3,0,FIFA World Cup qualification
6576,2016,Uzbekistán,Irán,0,1,FIFA World Cup qualification
6577,2016,Bélgica,Bosnia y Herzegovina,4,0,FIFA World Cup qualification
6578,2016,Estonia,Gibraltar,4,0,FIFA World Cup qualification
6579,2016,Francia,Bulgaria,4,1,FIFA World Cup qualification
6580,2016,Ghana,Uganda,0,0,FIFA World Cup qualification
6581,2016,Grecia,Chipre,2,0,FIFA World Cup qualification
6582,2016,Hungría,Suiza,2,3,FIFA World Cup qualification
6583,2016,Letonia,Islas Feroe,0,2,FIFA World Cup qualification
6584,2016,Luxemburgo,Suecia,0,1,FIFA World Cup qualification
6585,2016,Países Bajos,Bielorrusia,4,1,FIFA World Cup qualification
6586,2016,Portugal,Andorra,6,0,FIFA World Cup qualification
6587,2016,Armenia,Rumania,0,5,FIFA World Cup qualification
6588,2016,Azerbaiyán,Noruega,1,0,FIFA World Cup qualification
6589,2016,Burkina Faso,Sudáfrica,1,1,FIFA World Cup qualification
6590,2016,República Democrática del Congo,Libia,4,0,FIFA World Cup qualification
6591,2016,Inglaterra,Malta,2,0,FIFA World Cup qualification
6592,2016,Gabón,Marruecos,0,0,FIFA World Cup qualification
6593,2016,Alemania,República Checa,3,0,FIFA World Cup qualification
6594,2016,Costa de Marfil,Malí,3,1,FIFA World Cup qualification
6595,2016,Montenegro,Kazajistán,5,0,FIFA World Cup qualification
6596,2016,Irlanda del Norte,San Marino,4,0,FIFA World Cup qualification
6597,2016,Polonia,Dinamarca,3,2,FIFA World Cup qualification
6598,2016,Escocia,Lituania,1,1,FIFA World Cup qualification
6599,2016,Senegal,Cabo Verde,2,0,FIFA World Cup qualification
6600,2016,Eslovenia,Eslovaquia,1,0,FIFA World Cup qualification
6601,2016,Albania,España,0,2,FIFA World Cup qualification
6602,2016,Argelia,Camerún,1,1,FIFA World Cup qualification
6603,2016,Congo,Egipto,1,2,FIFA World Cup qualification
6604,2016,Finlandia,Croacia,0,1,FIFA World Cup qualification
6605,2016,Islandia,Turquía,2,0,FIFA World Cup qualification
6606,2016,Israel,Liechtenstein,2,1,FIFA World Cup qualification
6607,2016,Macedonia del Norte,Italia,2,3,FIFA World Cup qualification
6608,2016,Moldavia,Irlanda,1,3,FIFA World Cup qualification
6609,2016,Serbia,Austria,3,2,FIFA World Cup qualification
6610,2016,Túnez,Guinea,2,0,FIFA World Cup qualification
6611,2016,Ucrania,Kosovo,3,0,FIFA World Cup qualification
6612,2016,Gales,Georgia,1,1,FIFA World Cup qualification
6613,2016,Zambia,Nigeria,1,2,FIFA World Cup qualification
6614,2016,Andorra,Suiza,1,2,FIFA World Cup qualification
6615,2016,Bielorrusia,Luxemburgo,1,1,FIFA World Cup qualification
6616,2016,Bosnia y Herzegovina,Chipre,2,0,FIFA World Cup qualification
6617,2016,Estonia,Grecia,0,2,FIFA World Cup qualification
6618,2016,Islas Feroe,Portugal,0,6,FIFA World Cup qualification
6619,2016,Gibraltar,Bélgica,0,6,FIFA World Cup qualification
6620,2016,Letonia,Hungría,0,2,FIFA World Cup qualification
6621,2016,Países Bajos,Francia,0,1,FIFA World Cup qualification
6622,2016,Suecia,Bulgaria,3,0,FIFA World Cup qualification
6623,2016,Argentina,Paraguay,0,1,FIFA World Cup qualification
6624,2016,Australia,Japón,1,1,FIFA World Cup qualification
6625,2016,Bolivia,Ecuador,2,2,FIFA World Cup qualification
6626,2016,Chile,Perú,2,1,FIFA World Cup qualification
6627,2016,Colombia,Uruguay,2,2,FIFA World Cup qualification
6628,2016,República Checa,Azerbaiyán,0,0,FIFA World Cup qualification
6629,2016,Dinamarca,Montenegro,0,1,FIFA World Cup qualification
6630,2016,Alemania,Irlanda del Norte,2,0,FIFA World Cup qualification
6631,2016,Irán,Corea del Sur,1,0,FIFA World Cup qualification
6632,2016,Irak,Tailandia,4,0,FIFA World Cup qualification
6633,2016,Kazajistán,Rumania,0,0,FIFA World Cup qualification
6634,2016,Lituania,Malta,2,0,FIFA World Cup qualification
6635,2016,Noruega,San Marino,4,1,FIFA World Cup qualification
6636,2016,Polonia,Armenia,2,1,FIFA World Cup qualification
6637,2016,Catar,Siria,1,0,FIFA World Cup qualification
6638,2016,Arabia Saudita,Emiratos Árabes Unidos,3,0,FIFA World Cup qualification
6639,2016,Eslovaquia,Escocia,3,0,FIFA World Cup qualification
6640,2016,Eslovenia,Inglaterra,0,0,FIFA World Cup qualification
6641,2016,Uzbekistán,China,2,0,FIFA World Cup qualification
6642,2016,Venezuela,Brasil,0,2,FIFA World Cup qualification
6643,2016,Tahití,Islas Salomón,3,0,FIFA World Cup qualification
6644,2016,Brasil,Argentina,3,0,FIFA World Cup qualification
6645,2016,Colombia,Chile,0,0,FIFA World Cup qualification
6646,2016,Paraguay,Perú,1,4,FIFA World Cup qualification
6647,2016,Uruguay,Ecuador,2,1,FIFA World Cup qualification
6648,2016,Venezuela,Bolivia,5,0,FIFA World Cup qualification
6649,2016,Armenia,Montenegro,3,2,FIFA World Cup qualification
6650,2016,República Checa,Noruega,2,1,FIFA World Cup qualification
6651,2016,Dinamarca,Kazajistán,4,1,FIFA World Cup qualification
6652,2016,Inglaterra,Escocia,3,0,FIFA World Cup qualification
6653,2016,Francia,Suecia,2,1,FIFA World Cup qualification
6654,2016,Honduras,Panamá,0,1,FIFA World Cup qualification
6655,2016,Libia,Túnez,0,1,FIFA World Cup qualification
6656,2016,Malta,Eslovenia,0,1,FIFA World Cup qualification
6657,2016,Irlanda del Norte,Azerbaiyán,4,0,FIFA World Cup qualification
6658,2016,Rumania,Polonia,0,3,FIFA World Cup qualification
6659,2016,San Marino,Alemania,0,8,FIFA World Cup qualification
6660,2016,Eslovaquia,Lituania,4,0,FIFA World Cup qualification
6661,2016,Trinidad y Tobago,Costa Rica,0,2,FIFA World Cup qualification
6662,2016,Estados Unidos,México,1,2,FIFA World Cup qualification
6663,2016,Albania,Israel,0,3,FIFA World Cup qualification
6664,2016,Austria,Irlanda,0,1,FIFA World Cup qualification
6665,2016,Camerún,Zambia,1,1,FIFA World Cup qualification
6666,2016,Cabo Verde,Burkina Faso,0,2,FIFA World Cup qualification
6667,2016,Croacia,Islandia,2,0,FIFA World Cup qualification
6668,2016,Georgia,Moldavia,1,1,FIFA World Cup qualification
6669,2016,Liechtenstein,Italia,0,4,FIFA World Cup qualification
6670,2016,Malí,Gabón,0,0,FIFA World Cup qualification
6671,2016,Marruecos,Costa de Marfil,0,0,FIFA World Cup qualification
6672,2016,Nueva Zelanda,Nueva Caledonia,2,0,FIFA World Cup qualification
6673,2016,Nigeria,Argelia,3,1,FIFA World Cup qualification
6674,2016,España,Macedonia del Norte,4,0,FIFA World Cup qualification
6675,2016,Turquía,Kosovo,2,0,FIFA World Cup qualification
6676,2016,Uganda,Congo,1,0,FIFA World Cup qualification
6677,2016,Ucrania,Finlandia,1,0,FIFA World Cup qualification
6678,2016,Gales,Serbia,1,1,FIFA World Cup qualification
6679,2016,Bélgica,Estonia,8,1,FIFA World Cup qualification
6680,2016,Bulgaria,Bielorrusia,1,0,FIFA World Cup qualification
6681,2016,Chipre,Gibraltar,3,1,FIFA World Cup qualification
6682,2016,Egipto,Ghana,2,0,FIFA World Cup qualification
6683,2016,Grecia,Bosnia y Herzegovina,1,1,FIFA World Cup qualification
6684,2016,Guinea,República Democrática del Congo,1,2,FIFA World Cup qualification
6685,2016,Hungría,Andorra,4,0,FIFA World Cup qualification
6686,2016,Luxemburgo,Países Bajos,1,3,FIFA World Cup qualification
6687,2016,Portugal,Letonia,4,1,FIFA World Cup qualification
6688,2016,Islas Salomón,Tahití,1,0,FIFA World Cup qualification
6689,2016,Suiza,Islas Feroe,2,0,FIFA World Cup qualification
6690,2016,Argentina,Colombia,3,0,FIFA World Cup qualification
6691,2016,Bolivia,Paraguay,1,0,FIFA World Cup qualification
6692,2016,Chile,Uruguay,3,1,FIFA World Cup qualification
6693,2016,China,Catar,0,0,FIFA World Cup qualification
6694,2016,Costa Rica,Estados Unidos,4,0,FIFA World Cup qualification
6695,2016,Ecuador,Venezuela,3,0,FIFA World Cup qualification
6696,2016,Honduras,Trinidad y Tobago,3,1,FIFA World Cup qualification
6697,2016,Japón,Arabia Saudita,2,1,FIFA World Cup qualification
6698,2016,Corea del Sur,Uzbekistán,2,1,FIFA World Cup qualification
6699,2016,Nueva Caledonia,Nueva Zelanda,0,0,FIFA World Cup qualification
6700,2016,Panamá,México,0,0,FIFA World Cup qualification
6701,2016,Perú,Brasil,0,2,FIFA World Cup qualification
6702,2016,Siria,Irán,0,0,FIFA World Cup qualification
6703,2016,Tailandia,Australia,2,2,FIFA World Cup qualification
6704,2016,Emiratos Árabes Unidos,Irak,2,0,FIFA World Cup qualification
6705,2017,Argentina,Chile,1,0,FIFA World Cup qualification
6706,2017,China,Corea del Sur,1,0,FIFA World Cup qualification
6707,2017,Colombia,Bolivia,1,0,FIFA World Cup qualification
6708,2017,Irak,Australia,1,1,FIFA World Cup qualification
6709,2017,Papúa Nueva Guinea,Tahití,1,3,FIFA World Cup qualification
6710,2017,Paraguay,Ecuador,2,1,FIFA World Cup qualification
6711,2017,Catar,Irán,0,1,FIFA World Cup qualification
6712,2017,Siria,Uzbekistán,1,0,FIFA World Cup qualification
6713,2017,Tailandia,Arabia Saudita,0,3,FIFA World Cup qualification
6714,2017,Emiratos Árabes Unidos,Japón,0,2,FIFA World Cup qualification
6715,2017,Uruguay,Brasil,1,4,FIFA World Cup qualification
6716,2017,Venezuela,Perú,2,2,FIFA World Cup qualification
6717,2017,Austria,Moldavia,2,0,FIFA World Cup qualification
6718,2017,Croacia,Ucrania,1,0,FIFA World Cup qualification
6719,2017,Georgia,Serbia,1,3,FIFA World Cup qualification
6720,2017,Irlanda,Gales,0,0,FIFA World Cup qualification
6721,2017,Italia,Albania,2,0,FIFA World Cup qualification
6722,2017,Kosovo,Islandia,1,2,FIFA World Cup qualification
6723,2017,Liechtenstein,Macedonia del Norte,0,3,FIFA World Cup qualification
6724,2017,México,Costa Rica,2,0,FIFA World Cup qualification
6725,2017,España,Israel,4,1,FIFA World Cup qualification
6726,2017,Trinidad y Tobago,Panamá,1,0,FIFA World Cup qualification
6727,2017,Turquía,Finlandia,2,0,FIFA World Cup qualification
6728,2017,Estados Unidos,Honduras,6,0,FIFA World Cup qualification
6729,2017,Andorra,Islas Feroe,0,0,FIFA World Cup qualification
6730,2017,Bélgica,Grecia,1,1,FIFA World Cup qualification
6731,2017,Bosnia y Herzegovina,Gibraltar,5,0,FIFA World Cup qualification
6732,2017,Bulgaria,Países Bajos,2,0,FIFA World Cup qualification
6733,2017,Chipre,Estonia,0,0,FIFA World Cup qualification
6734,2017,Fiyi,Nueva Zelanda,0,2,FIFA World Cup qualification
6735,2017,Luxemburgo,Francia,1,3,FIFA World Cup qualification
6736,2017,Portugal,Hungría,3,0,FIFA World Cup qualification
6737,2017,Suecia,Bielorrusia,4,0,FIFA World Cup qualification
6738,2017,Suiza,Letonia,1,0,FIFA World Cup qualification
6739,2017,Armenia,Kazajistán,2,0,FIFA World Cup qualification
6740,2017,Azerbaiyán,Alemania,1,4,FIFA World Cup qualification
6741,2017,Inglaterra,Lituania,2,0,FIFA World Cup qualification
6742,2017,Malta,Eslovaquia,1,3,FIFA World Cup qualification
6743,2017,Montenegro,Polonia,1,2,FIFA World Cup qualification
6744,2017,Irlanda del Norte,Noruega,2,0,FIFA World Cup qualification
6745,2017,Rumania,Dinamarca,0,0,FIFA World Cup qualification
6746,2017,San Marino,República Checa,0,6,FIFA World Cup qualification
6747,2017,Escocia,Eslovenia,1,0,FIFA World Cup qualification
6748,2017,Australia,Emiratos Árabes Unidos,2,0,FIFA World Cup qualification
6749,2017,Bolivia,Argentina,2,0,FIFA World Cup qualification
6750,2017,Brasil,Paraguay,3,0,FIFA World Cup qualification
6751,2017,Chile,Venezuela,3,1,FIFA World Cup qualification
6752,2017,Ecuador,Colombia,0,2,FIFA World Cup qualification
6753,2017,Honduras,Costa Rica,1,1,FIFA World Cup qualification
6754,2017,Irán,China,1,0,FIFA World Cup qualification
6755,2017,Japón,Tailandia,4,0,FIFA World Cup qualification
6756,2017,Corea del Sur,Siria,1,0,FIFA World Cup qualification
6757,2017,Nueva Zelanda,Fiyi,2,0,FIFA World Cup qualification
6758,2017,Panamá,Estados Unidos,1,1,FIFA World Cup qualification
6759,2017,Perú,Uruguay,2,1,FIFA World Cup qualification
6760,2017,Arabia Saudita,Irak,1,0,FIFA World Cup qualification
6761,2017,Trinidad y Tobago,México,0,1,FIFA World Cup qualification
6762,2017,Uzbekistán,Catar,1,0,FIFA World Cup qualification
6763,2017,Tahití,Papúa Nueva Guinea,1,2,FIFA World Cup qualification
6764,2017,Fiyi,Nueva Caledonia,2,2,FIFA World Cup qualification
6765,2017,Australia,Arabia Saudita,3,2,FIFA World Cup qualification
6766,2017,Costa Rica,Panamá,0,0,FIFA World Cup qualification
6767,2017,México,Honduras,3,0,FIFA World Cup qualification
6768,2017,Estados Unidos,Trinidad y Tobago,2,0,FIFA World Cup qualification
6769,2017,Andorra,Hungría,1,0,FIFA World Cup qualification
6770,2017,Bielorrusia,Bulgaria,2,1,FIFA World Cup qualification
6771,2017,Bosnia y Herzegovina,Grecia,0,0,FIFA World Cup qualification
6772,2017,Estonia,Bélgica,0,2,FIFA World Cup qualification
6773,2017,Islas Feroe,Suiza,0,2,FIFA World Cup qualification
6774,2017,Gibraltar,Chipre,1,2,FIFA World Cup qualification
6775,2017,Letonia,Portugal,0,3,FIFA World Cup qualification
6776,2017,Países Bajos,Luxemburgo,5,0,FIFA World Cup qualification
6777,2017,Islas Salomón,Papúa Nueva Guinea,3,2,FIFA World Cup qualification
6778,2017,Suecia,Francia,2,1,FIFA World Cup qualification
6779,2017,Azerbaiyán,Irlanda del Norte,0,1,FIFA World Cup qualification
6780,2017,Alemania,San Marino,7,0,FIFA World Cup qualification
6781,2017,Kazajistán,Dinamarca,1,3,FIFA World Cup qualification
6782,2017,Lituania,Eslovaquia,1,2,FIFA World Cup qualification
6783,2017,Montenegro,Armenia,4,1,FIFA World Cup qualification
6784,2017,Noruega,República Checa,1,1,FIFA World Cup qualification
6785,2017,Polonia,Rumania,3,1,FIFA World Cup qualification
6786,2017,Escocia,Inglaterra,2,2,FIFA World Cup qualification
6787,2017,Eslovenia,Malta,2,0,FIFA World Cup qualification
6788,2017,Finlandia,Ucrania,1,2,FIFA World Cup qualification
6789,2017,Islandia,Croacia,1,0,FIFA World Cup qualification
6790,2017,Irlanda,Austria,1,1,FIFA World Cup qualification
6791,2017,Israel,Albania,0,3,FIFA World Cup qualification
6792,2017,Italia,Liechtenstein,5,0,FIFA World Cup qualification
6793,2017,Kosovo,Turquía,1,4,FIFA World Cup qualification
6794,2017,Macedonia del Norte,España,1,2,FIFA World Cup qualification
6795,2017,México,Estados Unidos,1,1,FIFA World Cup qualification
6796,2017,Moldavia,Georgia,2,2,FIFA World Cup qualification
6797,2017,Nueva Caledonia,Fiyi,2,1,FIFA World Cup qualification
6798,2017,Serbia,Gales,1,1,FIFA World Cup qualification
6799,2017,Irán,Uzbekistán,2,0,FIFA World Cup qualification
6800,2017,Costa Rica,Trinidad y Tobago,2,1,FIFA World Cup qualification
6801,2017,Irak,Japón,1,1,FIFA World Cup qualification
6802,2017,Panamá,Honduras,2,2,FIFA World Cup qualification
6803,2017,Papúa Nueva Guinea,Islas Salomón,1,2,FIFA World Cup qualification
6804,2017,Catar,Corea del Sur,3,2,FIFA World Cup qualification
6805,2017,Siria,China,2,2,FIFA World Cup qualification
6806,2017,Tailandia,Emiratos Árabes Unidos,1,1,FIFA World Cup qualification
6807,2017,Emiratos Árabes Unidos,Arabia Saudita,2,1,FIFA World Cup qualification
6808,2017,Bélgica,Gibraltar,9,0,FIFA World Cup qualification
6809,2017,Brasil,Ecuador,2,0,FIFA World Cup qualification
6810,2017,Bulgaria,Suecia,3,2,FIFA World Cup qualification
6811,2017,Chile,Paraguay,0,3,FIFA World Cup qualification
6812,2017,China,Uzbekistán,1,0,FIFA World Cup qualification
6813,2017,Chipre,Bosnia y Herzegovina,3,2,FIFA World Cup qualification
6814,2017,Francia,Países Bajos,4,0,FIFA World Cup qualification
6815,2017,Grecia,Estonia,0,0,FIFA World Cup qualification
6816,2017,Guinea,Libia,3,2,FIFA World Cup qualification
6817,2017,Hungría,Letonia,3,1,FIFA World Cup qualification
6818,2017,Japón,Australia,2,0,FIFA World Cup qualification
6819,2017,Corea del Sur,Irán,0,0,FIFA World Cup qualification
6820,2017,Luxemburgo,Bielorrusia,1,0,FIFA World Cup qualification
6821,2017,Perú,Bolivia,2,1,FIFA World Cup qualification
6822,2017,Portugal,Islas Feroe,5,1,FIFA World Cup qualification
6823,2017,Suiza,Andorra,3,0,FIFA World Cup qualification
6824,2017,Siria,Catar,3,1,FIFA World Cup qualification
6825,2017,Tailandia,Irak,1,2,FIFA World Cup qualification
6826,2017,Uganda,Egipto,1,0,FIFA World Cup qualification
6827,2017,Uruguay,Argentina,0,0,FIFA World Cup qualification
6828,2017,Venezuela,Colombia,0,0,FIFA World Cup qualification
6829,2017,Cabo Verde,Sudáfrica,2,1,FIFA World Cup qualification
6830,2017,República Checa,Alemania,1,2,FIFA World Cup qualification
6831,2017,Dinamarca,Polonia,4,0,FIFA World Cup qualification
6832,2017,Ghana,Congo,1,1,FIFA World Cup qualification
6833,2017,Kazajistán,Montenegro,0,3,FIFA World Cup qualification
6834,2017,Lituania,Escocia,0,3,FIFA World Cup qualification
6835,2017,Malta,Inglaterra,0,4,FIFA World Cup qualification
6836,2017,México,Panamá,1,0,FIFA World Cup qualification
6837,2017,Marruecos,Malí,6,0,FIFA World Cup qualification
6838,2017,Nueva Zelanda,Islas Salomón,6,1,FIFA World Cup qualification
6839,2017,Nigeria,Camerún,4,0,FIFA World Cup qualification
6840,2017,Noruega,Azerbaiyán,2,0,FIFA World Cup qualification
6841,2017,Rumania,Armenia,1,0,FIFA World Cup qualification
6842,2017,San Marino,Irlanda del Norte,0,3,FIFA World Cup qualification
6843,2017,Eslovaquia,Eslovenia,1,0,FIFA World Cup qualification
6844,2017,Trinidad y Tobago,Honduras,1,2,FIFA World Cup qualification
6845,2017,Túnez,República Democrática del Congo,2,1,FIFA World Cup qualification
6846,2017,Estados Unidos,Costa Rica,0,2,FIFA World Cup qualification
6847,2017,Albania,Liechtenstein,2,0,FIFA World Cup qualification
6848,2017,Croacia,Kosovo,1,0,FIFA World Cup qualification
6849,2017,Finlandia,Islandia,1,0,FIFA World Cup qualification
6850,2017,Gabón,Costa de Marfil,0,3,FIFA World Cup qualification
6851,2017,Georgia,Irlanda,1,1,FIFA World Cup qualification
6852,2017,Israel,Macedonia del Norte,0,1,FIFA World Cup qualification
6853,2017,Senegal,Burkina Faso,0,0,FIFA World Cup qualification
6854,2017,Serbia,Moldavia,3,0,FIFA World Cup qualification
6855,2017,España,Italia,3,0,FIFA World Cup qualification
6856,2017,Ucrania,Turquía,2,0,FIFA World Cup qualification
6857,2017,Gales,Austria,1,0,FIFA World Cup qualification
6858,2017,Zambia,Argelia,3,1,FIFA World Cup qualification
6859,2017,Bielorrusia,Suecia,0,4,FIFA World Cup qualification
6860,2017,Estonia,Chipre,1,0,FIFA World Cup qualification
6861,2017,Islas Feroe,Andorra,1,0,FIFA World Cup qualification
6862,2017,Francia,Luxemburgo,0,0,FIFA World Cup qualification
6863,2017,Gibraltar,Bosnia y Herzegovina,0,4,FIFA World Cup qualification
6864,2017,Grecia,Bélgica,1,2,FIFA World Cup qualification
6865,2017,Hungría,Portugal,0,1,FIFA World Cup qualification
6866,2017,Letonia,Suiza,0,3,FIFA World Cup qualification
6867,2017,Países Bajos,Bulgaria,3,1,FIFA World Cup qualification
6868,2017,Armenia,Dinamarca,1,4,FIFA World Cup qualification
6869,2017,Azerbaiyán,San Marino,5,1,FIFA World Cup qualification
6870,2017,Camerún,Nigeria,1,1,FIFA World Cup qualification
6871,2017,Inglaterra,Eslovaquia,2,1,FIFA World Cup qualification
6872,2017,Alemania,Noruega,6,0,FIFA World Cup qualification
6873,2017,Libia,Guinea,1,0,FIFA World Cup qualification
6874,2017,Montenegro,Rumania,1,0,FIFA World Cup qualification
6875,2017,Irlanda del Norte,República Checa,2,0,FIFA World Cup qualification
6876,2017,Polonia,Kazajistán,3,0,FIFA World Cup qualification
6877,2017,Escocia,Malta,2,0,FIFA World Cup qualification
6878,2017,Eslovenia,Lituania,4,0,FIFA World Cup qualification
6879,2017,Argelia,Zambia,0,1,FIFA World Cup qualification
6880,2017,Argentina,Venezuela,1,1,FIFA World Cup qualification
6881,2017,Australia,Tailandia,2,1,FIFA World Cup qualification
6882,2017,Austria,Georgia,1,1,FIFA World Cup qualification
6883,2017,Bolivia,Chile,1,0,FIFA World Cup qualification
6884,2017,Burkina Faso,Senegal,2,2,FIFA World Cup qualification
6885,2017,Colombia,Brasil,1,1,FIFA World Cup qualification
6886,2017,Congo,Ghana,1,5,FIFA World Cup qualification
6887,2017,República Democrática del Congo,Túnez,2,2,FIFA World Cup qualification
6888,2017,Costa Rica,México,1,1,FIFA World Cup qualification
6889,2017,Ecuador,Perú,1,2,FIFA World Cup qualification
6890,2017,Egipto,Uganda,1,0,FIFA World Cup qualification
6891,2017,Honduras,Estados Unidos,1,1,FIFA World Cup qualification
6892,2017,Islandia,Ucrania,2,0,FIFA World Cup qualification
6893,2017,Irán,Siria,2,2,FIFA World Cup qualification
6894,2017,Irak,Emiratos Árabes Unidos,1,0,FIFA World Cup qualification
6895,2017,Irlanda,Serbia,0,1,FIFA World Cup qualification
6896,2017,Italia,Israel,1,0,FIFA World Cup qualification
6897,2017,Costa de Marfil,Gabón,1,2,FIFA World Cup qualification
6898,2017,Kosovo,Finlandia,0,1,FIFA World Cup qualification
6899,2017,Liechtenstein,España,0,8,FIFA World Cup qualification
6900,2017,Macedonia del Norte,Albania,1,1,FIFA World Cup qualification
6901,2017,Malí,Marruecos,0,0,FIFA World Cup qualification
6902,2017,Moldavia,Gales,0,2,FIFA World Cup qualification
6903,2017,Panamá,Trinidad y Tobago,3,0,FIFA World Cup qualification
6904,2017,Paraguay,Uruguay,1,2,FIFA World Cup qualification
6905,2017,Catar,China,1,2,FIFA World Cup qualification
6906,2017,Arabia Saudita,Japón,1,0,FIFA World Cup qualification
6907,2017,Islas Salomón,Nueva Zelanda,2,2,FIFA World Cup qualification
6908,2017,Sudáfrica,Cabo Verde,1,2,FIFA World Cup qualification
6909,2017,Turquía,Croacia,1,0,FIFA World Cup qualification
6910,2017,Uzbekistán,Corea del Sur,0,0,FIFA World Cup qualification
6911,2017,Argentina,Perú,0,0,FIFA World Cup qualification
6912,2017,Armenia,Polonia,1,6,FIFA World Cup qualification
6913,2017,Azerbaiyán,República Checa,1,2,FIFA World Cup qualification
6914,2017,Bolivia,Brasil,0,0,FIFA World Cup qualification
6915,2017,Chile,Ecuador,2,1,FIFA World Cup qualification
6916,2017,Colombia,Paraguay,1,2,FIFA World Cup qualification
6917,2017,Inglaterra,Eslovenia,1,0,FIFA World Cup qualification
6918,2017,Malta,Lituania,1,1,FIFA World Cup qualification
6919,2017,Montenegro,Dinamarca,0,1,FIFA World Cup qualification
6920,2017,Irlanda del Norte,Alemania,1,3,FIFA World Cup qualification
6921,2017,Rumania,Kazajistán,3,1,FIFA World Cup qualification
6922,2017,San Marino,Noruega,0,8,FIFA World Cup qualification
6923,2017,Escocia,Eslovaquia,1,0,FIFA World Cup qualification
6924,2017,Siria,Australia,1,1,FIFA World Cup qualification
6925,2017,Venezuela,Uruguay,0,0,FIFA World Cup qualification
6926,2017,Austria,Serbia,3,2,FIFA World Cup qualification
6927,2017,Croacia,Finlandia,1,1,FIFA World Cup qualification
6928,2017,Georgia,Gales,0,1,FIFA World Cup qualification
6929,2017,Irlanda,Moldavia,2,0,FIFA World Cup qualification
6930,2017,Italia,Macedonia del Norte,1,1,FIFA World Cup qualification
6931,2017,Kosovo,Ucrania,0,2,FIFA World Cup qualification
6932,2017,Liechtenstein,Israel,0,1,FIFA World Cup qualification
6933,2017,Malí,Costa de Marfil,0,0,FIFA World Cup qualification
6934,2017,México,Trinidad y Tobago,3,1,FIFA World Cup qualification
6935,2017,España,Albania,3,0,FIFA World Cup qualification
6936,2017,Turquía,Islandia,0,3,FIFA World Cup qualification
6937,2017,Estados Unidos,Panamá,4,0,FIFA World Cup qualification
6938,2017,Andorra,Portugal,0,2,FIFA World Cup qualification
6939,2017,Bielorrusia,Países Bajos,1,3,FIFA World Cup qualification
6940,2017,Bosnia y Herzegovina,Bélgica,3,4,FIFA World Cup qualification
6941,2017,Bulgaria,Francia,0,1,FIFA World Cup qualification
6942,2017,Camerún,Argelia,2,0,FIFA World Cup qualification
6943,2017,Cabo Verde,Senegal,0,2,FIFA World Cup qualification
6944,2017,Costa Rica,Honduras,1,1,FIFA World Cup qualification
6945,2017,Chipre,Grecia,1,2,FIFA World Cup qualification
6946,2017,Islas Feroe,Letonia,0,0,FIFA World Cup qualification
6947,2017,Gibraltar,Estonia,0,6,FIFA World Cup qualification
6948,2017,Guinea,Túnez,1,4,FIFA World Cup qualification
6949,2017,Libia,República Democrática del Congo,1,2,FIFA World Cup qualification
6950,2017,Marruecos,Gabón,3,0,FIFA World Cup qualification
6951,2017,Nigeria,Zambia,1,0,FIFA World Cup qualification
6952,2017,Sudáfrica,Burkina Faso,3,1,FIFA World Cup qualification
6953,2017,Suecia,Luxemburgo,8,0,FIFA World Cup qualification
6954,2017,Suiza,Hungría,5,2,FIFA World Cup qualification
6955,2017,Uganda,Ghana,0,0,FIFA World Cup qualification
6956,2017,República Checa,San Marino,5,0,FIFA World Cup qualification
6957,2017,Dinamarca,Rumania,1,1,FIFA World Cup qualification
6958,2017,Egipto,Congo,2,1,FIFA World Cup qualification
6959,2017,Alemania,Azerbaiyán,5,1,FIFA World Cup qualification
6960,2017,Kazajistán,Armenia,1,1,FIFA World Cup qualification
6961,2017,Lituania,Inglaterra,0,1,FIFA World Cup qualification
6962,2017,Noruega,Irlanda del Norte,1,0,FIFA World Cup qualification
6963,2017,Polonia,Montenegro,4,2,FIFA World Cup qualification
6964,2017,Eslovaquia,Malta,3,0,FIFA World Cup qualification
6965,2017,Eslovenia,Escocia,2,2,FIFA World Cup qualification
6966,2017,Albania,Italia,0,1,FIFA World Cup qualification
6967,2017,Finlandia,Turquía,2,2,FIFA World Cup qualification
6968,2017,Islandia,Kosovo,2,0,FIFA World Cup qualification
6969,2017,Israel,España,0,1,FIFA World Cup qualification
6970,2017,Macedonia del Norte,Liechtenstein,4,0,FIFA World Cup qualification
6971,2017,Moldavia,Austria,0,1,FIFA World Cup qualification
6972,2017,Serbia,Georgia,1,0,FIFA World Cup qualification
6973,2017,Ucrania,Croacia,0,2,FIFA World Cup qualification
6974,2017,Gales,Irlanda,0,1,FIFA World Cup qualification
6975,2017,Australia,Siria,2,1,FIFA World Cup qualification
6976,2017,Bélgica,Chipre,4,0,FIFA World Cup qualification
6977,2017,Brasil,Chile,3,0,FIFA World Cup qualification
6978,2017,Ecuador,Argentina,1,3,FIFA World Cup qualification
6979,2017,Estonia,Bosnia y Herzegovina,1,2,FIFA World Cup qualification
6980,2017,Francia,Bielorrusia,2,1,FIFA World Cup qualification
6981,2017,Grecia,Gibraltar,4,0,FIFA World Cup qualification
6982,2017,Honduras,México,3,2,FIFA World Cup qualification
6983,2017,Hungría,Islas Feroe,1,0,FIFA World Cup qualification
6984,2017,Letonia,Andorra,4,0,FIFA World Cup qualification
6985,2017,Luxemburgo,Bulgaria,1,1,FIFA World Cup qualification
6986,2017,Países Bajos,Suecia,2,0,FIFA World Cup qualification
6987,2017,Panamá,Costa Rica,2,1,FIFA World Cup qualification
6988,2017,Paraguay,Venezuela,0,1,FIFA World Cup qualification
6989,2017,Perú,Colombia,1,1,FIFA World Cup qualification
6990,2017,Portugal,Suiza,2,0,FIFA World Cup qualification
6991,2017,Trinidad y Tobago,Estados Unidos,2,1,FIFA World Cup qualification
6992,2017,Uruguay,Bolivia,4,2,FIFA World Cup qualification
6993,2017,Croacia,Grecia,4,1,FIFA World Cup qualification
6994,2017,Irlanda del Norte,Suiza,0,1,FIFA World Cup qualification
6995,2017,Argelia,Nigeria,3,0,FIFA World Cup qualification
6996,2017,Honduras,Australia,0,0,FIFA World Cup qualification
6997,2017,Sudáfrica,Senegal,0,2,FIFA World Cup qualification
6998,2017,Suecia,Italia,1,0,FIFA World Cup qualification
6999,2017,República Democrática del Congo,Guinea,3,1,FIFA World Cup qualification
7000,2017,Dinamarca,Irlanda,0,0,FIFA World Cup qualification
7001,2017,Gabón,Malí,0,0,FIFA World Cup qualification
7002,2017,Costa de Marfil,Marruecos,0,2,FIFA World Cup qualification
7003,2017,Nueva Zelanda,Perú,0,0,FIFA World Cup qualification
7004,2017,Túnez,Libia,0,0,FIFA World Cup qualification
7005,2017,Zambia,Camerún,2,2,FIFA World Cup qualification
7006,2017,Congo,Uganda,1,1,FIFA World Cup qualification
7007,2017,Ghana,Egipto,1,1,FIFA World Cup qualification
7008,2017,Grecia,Croacia,0,0,FIFA World Cup qualification
7009,2017,Suiza,Irlanda del Norte,0,0,FIFA World Cup qualification
7010,2017,Italia,Suecia,0,0,FIFA World Cup qualification
7011,2017,Burkina Faso,Cabo Verde,4,0,FIFA World Cup qualification
7012,2017,Irlanda,Dinamarca,1,5,FIFA World Cup qualification
7013,2017,Senegal,Sudáfrica,2,1,FIFA World Cup qualification
7014,2017,Australia,Honduras,3,1,FIFA World Cup qualification
7015,2017,Perú,Nueva Zelanda,2,0,FIFA World Cup qualification
7016,2019,Bután,Guam,1,0,FIFA World Cup qualification
7017,2019,Camboya,Pakistán,2,0,FIFA World Cup qualification
7018,2019,Laos,Bangladesh,0,1,FIFA World Cup qualification
7019,2019,Macao,Sri Lanka,1,0,FIFA World Cup qualification
7020,2019,Mongolia,Brunéi,2,0,FIFA World Cup qualification
7021,2019,Malasia,Timor Oriental,7,1,FIFA World Cup qualification
7022,2019,Bangladesh,Laos,0,0,FIFA World Cup qualification
7023,2019,Brunéi,Mongolia,2,1,FIFA World Cup qualification
7024,2019,Guam,Bután,5,0,FIFA World Cup qualification
7025,2019,Pakistán,Camboya,1,2,FIFA World Cup qualification
7026,2019,Sri Lanka,Macao,3,0,FIFA World Cup qualification
7027,2019,Malasia,Timor Oriental,5,1,FIFA World Cup qualification
7028,2019,Burundi,Tanzania,1,1,FIFA World Cup qualification
7029,2019,Yibuti,Eswatini,2,1,FIFA World Cup qualification
7030,2019,Eritrea,Namibia,1,2,FIFA World Cup qualification
7031,2019,Etiopía,Lesoto,0,0,FIFA World Cup qualification
7032,2019,Liberia,Sierra Leona,3,1,FIFA World Cup qualification
7033,2019,Mauricio,Mozambique,0,1,FIFA World Cup qualification
7034,2019,Santo Tomé y Príncipe,Guinea-Bissau,0,1,FIFA World Cup qualification
7035,2019,Sudán del Sur,Guinea Ecuatorial,1,1,FIFA World Cup qualification
7036,2019,Guam,Maldivas,0,1,FIFA World Cup qualification
7037,2019,Filipinas,Siria,2,5,FIFA World Cup qualification
7038,2019,Taiwán,Jordania,1,2,FIFA World Cup qualification
7039,2019,Kuwait,Nepal,7,0,FIFA World Cup qualification
7040,2019,Camboya,Hong Kong,1,1,FIFA World Cup qualification
7041,2019,Baréin,Irak,1,1,FIFA World Cup qualification
7042,2019,Palestina,Uzbekistán,2,0,FIFA World Cup qualification
7043,2019,Singapur,Yemen,2,2,FIFA World Cup qualification
7044,2019,India,Omán,1,2,FIFA World Cup qualification
7045,2019,Catar,Afganistán,6,0,FIFA World Cup qualification
7046,2019,Mongolia,Birmania,1,0,FIFA World Cup qualification
7047,2019,Tayikistán,Kirguistán,1,0,FIFA World Cup qualification
7048,2019,Tailandia,Vietnam,0,0,FIFA World Cup qualification
7049,2019,Indonesia,Malasia,2,3,FIFA World Cup qualification
7050,2019,Corea del Norte,Líbano,2,0,FIFA World Cup qualification
7051,2019,Sri Lanka,Turkmenistán,0,2,FIFA World Cup qualification
7052,2019,Chad,Sudán,1,3,FIFA World Cup qualification
7053,2019,Seychelles,Ruanda,0,3,FIFA World Cup qualification
7054,2019,Somalia,Zimbabue,1,0,FIFA World Cup qualification
7055,2019,Comoras,Togo,1,1,FIFA World Cup qualification
7056,2019,Gambia,Angola,0,1,FIFA World Cup qualification
7057,2019,Botsuana,Malaui,0,0,FIFA World Cup qualification
7058,2019,Guinea Ecuatorial,Sudán del Sur,1,0,FIFA World Cup qualification
7059,2019,Lesoto,Etiopía,1,1,FIFA World Cup qualification
7060,2019,Sierra Leona,Liberia,1,0,FIFA World Cup qualification
7061,2019,Tanzania,Burundi,1,1,FIFA World Cup qualification
7062,2019,Guam,Filipinas,1,4,FIFA World Cup qualification
7063,2019,Maldivas,China,0,5,FIFA World Cup qualification
7064,2019,Kuwait,Australia,0,3,FIFA World Cup qualification
7065,2019,Taiwán,Nepal,0,2,FIFA World Cup qualification
7066,2019,Camboya,Baréin,0,1,FIFA World Cup qualification
7067,2019,Hong Kong,Irán,0,2,FIFA World Cup qualification
7068,2019,Yemen,Arabia Saudita,2,2,FIFA World Cup qualification
7069,2019,Singapur,Palestina,2,1,FIFA World Cup qualification
7070,2019,Afganistán,Bangladesh,1,0,FIFA World Cup qualification
7071,2019,Catar,India,0,0,FIFA World Cup qualification
7072,2019,Mongolia,Tayikistán,0,1,FIFA World Cup qualification
7073,2019,Birmania,Japón,0,2,FIFA World Cup qualification
7074,2019,Indonesia,Tailandia,0,3,FIFA World Cup qualification
7075,2019,Malasia,Emiratos Árabes Unidos,1,2,FIFA World Cup qualification
7076,2019,Turkmenistán,Corea del Sur,0,2,FIFA World Cup qualification
7077,2019,Sri Lanka,Corea del Norte,0,1,FIFA World Cup qualification
7078,2019,Angola,Gambia,2,1,FIFA World Cup qualification
7079,2019,Guinea-Bissau,Santo Tomé y Príncipe,2,1,FIFA World Cup qualification
7080,2019,Malaui,Botsuana,1,0,FIFA World Cup qualification
7081,2019,Mozambique,Mauricio,2,0,FIFA World Cup qualification
7082,2019,Namibia,Eritrea,2,0,FIFA World Cup qualification
7083,2019,Ruanda,Seychelles,7,0,FIFA World Cup qualification
7084,2019,Sudán,Chad,0,0,FIFA World Cup qualification
7085,2019,Eswatini,Yibuti,0,0,FIFA World Cup qualification
7086,2019,Togo,Comoras,2,0,FIFA World Cup qualification
7087,2019,Zimbabue,Somalia,3,1,FIFA World Cup qualification
7088,2019,Siria,Maldivas,2,1,FIFA World Cup qualification
7089,2019,China,Guam,7,0,FIFA World Cup qualification
7090,2019,Jordania,Kuwait,0,0,FIFA World Cup qualification
7091,2019,Australia,Nepal,5,0,FIFA World Cup qualification
7092,2019,Irán,Camboya,14,0,FIFA World Cup qualification
7093,2019,Irak,Hong Kong,2,0,FIFA World Cup qualification
7094,2019,Uzbekistán,Yemen,5,0,FIFA World Cup qualification
7095,2019,Arabia Saudita,Singapur,3,0,FIFA World Cup qualification
7096,2019,Bangladesh,Catar,0,2,FIFA World Cup qualification
7097,2019,Omán,Afganistán,3,0,FIFA World Cup qualification
7098,2019,Japón,Mongolia,6,0,FIFA World Cup qualification
7099,2019,Kirguistán,Birmania,7,0,FIFA World Cup qualification
7100,2019,Emiratos Árabes Unidos,Indonesia,5,0,FIFA World Cup qualification
7101,2019,Vietnam,Malasia,1,0,FIFA World Cup qualification
7102,2019,Líbano,Turkmenistán,2,1,FIFA World Cup qualification
7103,2019,Corea del Sur,Sri Lanka,8,0,FIFA World Cup qualification
7104,2019,Siria,Guam,4,0,FIFA World Cup qualification
7105,2019,Filipinas,China,0,0,FIFA World Cup qualification
7106,2019,Jordania,Nepal,3,0,FIFA World Cup qualification
7107,2019,Taiwán,Australia,1,7,FIFA World Cup qualification
7108,2019,Camboya,Irak,0,4,FIFA World Cup qualification
7109,2019,Baréin,Irán,1,0,FIFA World Cup qualification
7110,2019,Palestina,Arabia Saudita,0,0,FIFA World Cup qualification
7111,2019,Singapur,Uzbekistán,1,3,FIFA World Cup qualification
7112,2019,India,Bangladesh,1,1,FIFA World Cup qualification
7113,2019,Catar,Omán,2,1,FIFA World Cup qualification
7114,2019,Mongolia,Kirguistán,1,2,FIFA World Cup qualification
7115,2019,Tayikistán,Japón,0,3,FIFA World Cup qualification
7116,2019,Tailandia,Emiratos Árabes Unidos,2,1,FIFA World Cup qualification
7117,2019,Indonesia,Vietnam,1,3,FIFA World Cup qualification
7118,2019,Corea del Norte,Corea del Sur,0,0,FIFA World Cup qualification
7119,2019,Sri Lanka,Líbano,0,3,FIFA World Cup qualification
7120,2019,Maldivas,Filipinas,1,2,FIFA World Cup qualification
7121,2019,Siria,China,2,1,FIFA World Cup qualification
7122,2019,Jordania,Australia,0,1,FIFA World Cup qualification
7123,2019,Kuwait,Taiwán,9,0,FIFA World Cup qualification
7124,2019,Irak,Irán,2,1,FIFA World Cup qualification
7125,2019,Hong Kong,Baréin,0,0,FIFA World Cup qualification
7126,2019,Uzbekistán,Arabia Saudita,2,3,FIFA World Cup qualification
7127,2019,Yemen,Palestina,1,0,FIFA World Cup qualification
7128,2019,Afganistán,India,1,1,FIFA World Cup qualification
7129,2019,Omán,Bangladesh,4,1,FIFA World Cup qualification
7130,2019,Birmania,Tayikistán,4,3,FIFA World Cup qualification
7131,2019,Kirguistán,Japón,0,2,FIFA World Cup qualification
7132,2019,Vietnam,Emiratos Árabes Unidos,1,0,FIFA World Cup qualification
7133,2019,Malasia,Tailandia,2,1,FIFA World Cup qualification
7134,2019,Líbano,Corea del Sur,0,0,FIFA World Cup qualification
7135,2019,Turkmenistán,Corea del Norte,3,1,FIFA World Cup qualification
7136,2019,Maldivas,Guam,3,1,FIFA World Cup qualification
7137,2019,Siria,Filipinas,1,0,FIFA World Cup qualification
7138,2019,Nepal,Kuwait,0,1,FIFA World Cup qualification
7139,2019,Jordania,Taiwán,5,0,FIFA World Cup qualification
7140,2019,Irak,Baréin,0,0,FIFA World Cup qualification
7141,2019,Hong Kong,Camboya,2,0,FIFA World Cup qualification
7142,2019,Uzbekistán,Palestina,2,0,FIFA World Cup qualification
7143,2019,Yemen,Singapur,1,2,FIFA World Cup qualification
7144,2019,Afganistán,Catar,0,1,FIFA World Cup qualification
7145,2019,Omán,India,1,0,FIFA World Cup qualification
7146,2019,Birmania,Mongolia,1,0,FIFA World Cup qualification
7147,2019,Kirguistán,Tayikistán,1,1,FIFA World Cup qualification
7148,2019,Vietnam,Tailandia,0,0,FIFA World Cup qualification
7149,2019,Malasia,Indonesia,2,0,FIFA World Cup qualification
7150,2019,Turkmenistán,Sri Lanka,2,0,FIFA World Cup qualification
7151,2019,Líbano,Corea del Norte,0,0,FIFA World Cup qualification
7152,2020,Paraguay,Perú,2,2,FIFA World Cup qualification
7153,2020,Uruguay,Chile,2,1,FIFA World Cup qualification
7154,2020,Argentina,Ecuador,1,0,FIFA World Cup qualification
7155,2020,Colombia,Venezuela,3,0,FIFA World Cup qualification
7156,2020,Brasil,Bolivia,5,0,FIFA World Cup qualification
7157,2020,Bolivia,Argentina,1,2,FIFA World Cup qualification
7158,2020,Ecuador,Uruguay,4,2,FIFA World Cup qualification
7159,2020,Venezuela,Paraguay,0,1,FIFA World Cup qualification
7160,2020,Perú,Brasil,2,4,FIFA World Cup qualification
7161,2020,Chile,Colombia,2,2,FIFA World Cup qualification
7162,2020,Bolivia,Ecuador,2,3,FIFA World Cup qualification
7163,2020,Argentina,Paraguay,1,1,FIFA World Cup qualification
7164,2020,Colombia,Uruguay,0,3,FIFA World Cup qualification
7165,2020,Chile,Perú,2,0,FIFA World Cup qualification
7166,2020,Brasil,Venezuela,1,0,FIFA World Cup qualification
7167,2020,Ecuador,Colombia,6,1,FIFA World Cup qualification
7168,2020,Venezuela,Chile,2,1,FIFA World Cup qualification
7169,2020,Perú,Argentina,0,2,FIFA World Cup qualification
7170,2020,Paraguay,Bolivia,2,2,FIFA World Cup qualification
7171,2020,Uruguay,Brasil,0,2,FIFA World Cup qualification
7172,2020,Catar,Bangladesh,5,0,FIFA World Cup qualification
7173,2021,Antigua y Barbuda,Montserrat,2,2,FIFA World Cup qualification
7174,2021,Surinam,Islas Caimán,3,0,FIFA World Cup qualification
7175,2021,Guatemala,Cuba,1,0,FIFA World Cup qualification
7176,2021,República Dominicana,Dominica,1,0,FIFA World Cup qualification
7177,2021,San Cristóbal y Nieves,Puerto Rico,1,0,FIFA World Cup qualification
7178,2021,Portugal,Azerbaiyán,1,0,FIFA World Cup qualification
7179,2021,Serbia,Irlanda,3,2,FIFA World Cup qualification
7180,2021,Francia,Ucrania,1,1,FIFA World Cup qualification
7181,2021,Finlandia,Bosnia y Herzegovina,2,2,FIFA World Cup qualification
7182,2021,Bélgica,Gales,3,1,FIFA World Cup qualification
7183,2021,Estonia,República Checa,2,6,FIFA World Cup qualification
7184,2021,Turquía,Países Bajos,4,2,FIFA World Cup qualification
7185,2021,Gibraltar,Noruega,0,3,FIFA World Cup qualification
7186,2021,Letonia,Montenegro,1,2,FIFA World Cup qualification
7187,2021,Malta,Rusia,1,3,FIFA World Cup qualification
7188,2021,Eslovenia,Croacia,1,0,FIFA World Cup qualification
7189,2021,Chipre,Eslovaquia,0,0,FIFA World Cup qualification
7190,2021,El Salvador,Granada,2,0,FIFA World Cup qualification
7191,2021,Canadá,islas Bermudas,5,1,FIFA World Cup qualification
7192,2021,Curazao,San Vicente y las Granadinas,5,0,FIFA World Cup qualification
7193,2021,Panamá,Barbados,1,0,FIFA World Cup qualification
7194,2021,Haití,Belice,2,0,FIFA World Cup qualification
7195,2021,Trinidad y Tobago,Guayana,3,0,FIFA World Cup qualification
7196,2021,España,Grecia,1,1,FIFA World Cup qualification
7197,2021,Suecia,Georgia,1,0,FIFA World Cup qualification
7198,2021,Bulgaria,Suiza,1,3,FIFA World Cup qualification
7199,2021,Italia,Irlanda del Norte,2,0,FIFA World Cup qualification
7200,2021,Israel,Dinamarca,0,2,FIFA World Cup qualification
7201,2021,Escocia,Austria,2,2,FIFA World Cup qualification
7202,2021,Moldavia,Islas Feroe,1,1,FIFA World Cup qualification
7203,2021,Inglaterra,San Marino,5,0,FIFA World Cup qualification
7204,2021,Andorra,Albania,0,1,FIFA World Cup qualification
7205,2021,Hungría,Polonia,3,3,FIFA World Cup qualification
7206,2021,Alemania,Islandia,3,0,FIFA World Cup qualification
7207,2021,Liechtenstein,Armenia,0,1,FIFA World Cup qualification
7208,2021,Rumania,Macedonia del Norte,3,2,FIFA World Cup qualification
7209,2021,Tayikistán,Mongolia,3,0,FIFA World Cup qualification
7210,2021,Islas Vírgenes de los Estados Unidos,Antigua y Barbuda,0,3,FIFA World Cup qualification
7211,2021,Aruba,Surinam,0,6,FIFA World Cup qualification
7212,2021,Islas Vírgenes Británicas,Guatemala,0,3,FIFA World Cup qualification
7213,2021,Anguila,República Dominicana,0,6,FIFA World Cup qualification
7214,2021,Islas Turcas y Caicos,Nicaragua,0,7,FIFA World Cup qualification
7215,2021,Bahamas,San Cristóbal y Nieves,0,4,FIFA World Cup qualification
7216,2021,Irlanda,Luxemburgo,0,1,FIFA World Cup qualification
7217,2021,Serbia,Portugal,2,2,FIFA World Cup qualification
7218,2021,Bielorrusia,Estonia,4,2,FIFA World Cup qualification
7219,2021,República Checa,Bélgica,1,1,FIFA World Cup qualification
7220,2021,Montenegro,Gibraltar,4,1,FIFA World Cup qualification
7221,2021,Países Bajos,Letonia,2,0,FIFA World Cup qualification
7222,2021,Noruega,Turquía,0,3,FIFA World Cup qualification
7223,2021,Rusia,Eslovenia,2,1,FIFA World Cup qualification
7224,2021,Croacia,Chipre,1,0,FIFA World Cup qualification
7225,2021,Eslovaquia,Malta,2,2,FIFA World Cup qualification
7226,2021,Montserrat,El Salvador,1,1,FIFA World Cup qualification
7227,2021,Cuba,Curazao,1,2,FIFA World Cup qualification
7228,2021,Dominica,Panamá,1,2,FIFA World Cup qualification
7229,2021,Puerto Rico,Trinidad y Tobago,1,1,FIFA World Cup qualification
7230,2021,Georgia,España,1,2,FIFA World Cup qualification
7231,2021,Kosovo,Suecia,0,3,FIFA World Cup qualification
7232,2021,Suiza,Lituania,1,0,FIFA World Cup qualification
7233,2021,Bulgaria,Italia,0,2,FIFA World Cup qualification
7234,2021,Kazajistán,Francia,0,2,FIFA World Cup qualification
7235,2021,Ucrania,Finlandia,1,1,FIFA World Cup qualification
7236,2021,Dinamarca,Moldavia,8,0,FIFA World Cup qualification
7237,2021,Austria,Islas Feroe,3,1,FIFA World Cup qualification
7238,2021,Israel,Escocia,1,1,FIFA World Cup qualification
7239,2021,Albania,Inglaterra,0,2,FIFA World Cup qualification
7240,2021,Polonia,Andorra,3,0,FIFA World Cup qualification
7241,2021,San Marino,Hungría,0,3,FIFA World Cup qualification
7242,2021,Armenia,Islandia,2,0,FIFA World Cup qualification
7243,2021,Macedonia del Norte,Liechtenstein,5,0,FIFA World Cup qualification
7244,2021,Rumania,Alemania,0,1,FIFA World Cup qualification
7245,2021,Islas Caimán,Canadá,0,11,FIFA World Cup qualification
7246,2021,Granada,Islas Vírgenes de los Estados Unidos,1,0,FIFA World Cup qualification
7247,2021,islas Bermudas,Aruba,5,0,FIFA World Cup qualification
7248,2021,San Vicente y las Granadinas,Islas Vírgenes Británicas,3,0,FIFA World Cup qualification
7249,2021,Barbados,Anguila,1,0,FIFA World Cup qualification
7250,2021,Belice,Islas Turcas y Caicos,5,0,FIFA World Cup qualification
7251,2021,Guayana,Bahamas,4,0,FIFA World Cup qualification
7252,2021,Azerbaiyán,Serbia,1,2,FIFA World Cup qualification
7253,2021,Luxemburgo,Portugal,1,3,FIFA World Cup qualification
7254,2021,Gales,República Checa,1,0,FIFA World Cup qualification
7255,2021,Bélgica,Bielorrusia,8,0,FIFA World Cup qualification
7256,2021,Gibraltar,Países Bajos,0,7,FIFA World Cup qualification
7257,2021,Montenegro,Noruega,0,1,FIFA World Cup qualification
7258,2021,Turquía,Letonia,3,3,FIFA World Cup qualification
7259,2021,Chipre,Eslovenia,1,0,FIFA World Cup qualification
7260,2021,Croacia,Malta,3,0,FIFA World Cup qualification
7261,2021,Eslovaquia,Rusia,2,1,FIFA World Cup qualification
7262,2021,Arabia Saudita,Palestina,5,0,FIFA World Cup qualification
7263,2021,Japón,Mongolia,14,0,FIFA World Cup qualification
7264,2021,España,Kosovo,3,1,FIFA World Cup qualification
7265,2021,Grecia,Georgia,1,1,FIFA World Cup qualification
7266,2021,Irlanda del Norte,Bulgaria,0,0,FIFA World Cup qualification
7267,2021,Lituania,Italia,0,2,FIFA World Cup qualification
7268,2021,Bosnia y Herzegovina,Francia,0,1,FIFA World Cup qualification
7269,2021,Ucrania,Kazajistán,1,1,FIFA World Cup qualification
7270,2021,Escocia,Islas Feroe,4,0,FIFA World Cup qualification
7271,2021,Austria,Dinamarca,0,4,FIFA World Cup qualification
7272,2021,Moldavia,Israel,1,4,FIFA World Cup qualification
7273,2021,Inglaterra,Polonia,2,1,FIFA World Cup qualification
7274,2021,Andorra,Hungría,1,4,FIFA World Cup qualification
7275,2021,San Marino,Albania,0,2,FIFA World Cup qualification
7276,2021,Armenia,Rumania,3,2,FIFA World Cup qualification
7277,2021,Alemania,Macedonia del Norte,1,2,FIFA World Cup qualification
7278,2021,Liechtenstein,Islandia,1,4,FIFA World Cup qualification
7279,2021,Japón,Birmania,10,0,FIFA World Cup qualification
7280,2021,China,Guam,7,0,FIFA World Cup qualification
7281,2021,Montserrat,Islas Vírgenes de los Estados Unidos,4,0,FIFA World Cup qualification
7282,2021,Islas Caimán,Aruba,1,3,FIFA World Cup qualification
7283,2021,Cuba,Islas Vírgenes Británicas,5,0,FIFA World Cup qualification
7284,2021,Dominica,Anguila,3,0,FIFA World Cup qualification
7285,2021,Puerto Rico,Bahamas,7,0,FIFA World Cup qualification
7286,2021,Nepal,Taiwán,2,0,FIFA World Cup qualification
7287,2021,Irán,Hong Kong,3,1,FIFA World Cup qualification
7288,2021,Baréin,Camboya,8,0,FIFA World Cup qualification
7289,2021,Palestina,Singapur,4,0,FIFA World Cup qualification
7290,2021,Bangladesh,Afganistán,1,1,FIFA World Cup qualification
7291,2021,Emiratos Árabes Unidos,Malasia,4,0,FIFA World Cup qualification
7292,2021,Tailandia,Indonesia,2,2,FIFA World Cup qualification
7293,2021,Bolivia,Venezuela,3,1,FIFA World Cup qualification
7294,2021,Uruguay,Paraguay,0,0,FIFA World Cup qualification
7295,2021,Argentina,Chile,1,1,FIFA World Cup qualification
7296,2021,Perú,Colombia,0,3,FIFA World Cup qualification
7297,2021,Kuwait,Australia,0,3,FIFA World Cup qualification
7298,2021,Catar,India,1,0,FIFA World Cup qualification
7299,2021,Maldivas,Siria,0,4,FIFA World Cup qualification
7300,2021,Antigua y Barbuda,Granada,1,0,FIFA World Cup qualification
7301,2021,Surinam,islas Bermudas,6,0,FIFA World Cup qualification
7302,2021,Guatemala,San Vicente y las Granadinas,10,0,FIFA World Cup qualification
7303,2021,República Dominicana,Barbados,1,1,FIFA World Cup qualification
7304,2021,Nicaragua,Belice,3,0,FIFA World Cup qualification
7305,2021,San Cristóbal y Nieves,Guayana,3,0,FIFA World Cup qualification
7306,2021,Brasil,Ecuador,2,0,FIFA World Cup qualification
7307,2021,Arabia Saudita,Yemen,3,0,FIFA World Cup qualification
7308,2021,Líbano,Sri Lanka,3,2,FIFA World Cup qualification
7309,2021,Corea del Sur,Turkmenistán,5,0,FIFA World Cup qualification
7310,2021,Islas Vírgenes de los Estados Unidos,El Salvador,0,7,FIFA World Cup qualification
7311,2021,Aruba,Canadá,0,7,FIFA World Cup qualification
7312,2021,Islas Vírgenes Británicas,Curazao,0,8,FIFA World Cup qualification
7313,2021,Panamá,Anguila,13,0,FIFA World Cup qualification
7314,2021,Islas Turcas y Caicos,Haití,0,10,FIFA World Cup qualification
7315,2021,Bahamas,Trinidad y Tobago,0,0,FIFA World Cup qualification
7316,2021,Guam,Siria,0,3,FIFA World Cup qualification
7317,2021,China,Filipinas,2,0,FIFA World Cup qualification
7318,2021,Nepal,Jordania,0,3,FIFA World Cup qualification
7319,2021,Australia,Taiwán,5,1,FIFA World Cup qualification
7320,2021,Irak,Camboya,4,1,FIFA World Cup qualification
7321,2021,Uzbekistán,Singapur,5,0,FIFA World Cup qualification
7322,2021,Bangladesh,India,0,2,FIFA World Cup qualification
7323,2021,Kirguistán,Mongolia,0,1,FIFA World Cup qualification
7324,2021,Japón,Tayikistán,4,1,FIFA World Cup qualification
7325,2021,Emiratos Árabes Unidos,Tailandia,3,1,FIFA World Cup qualification
7326,2021,Vietnam,Indonesia,4,0,FIFA World Cup qualification
7327,2021,Baréin,Irán,0,3,FIFA World Cup qualification
7328,2021,Catar,Omán,1,0,FIFA World Cup qualification
7329,2021,Granada,Montserrat,1,2,FIFA World Cup qualification
7330,2021,El Salvador,Antigua y Barbuda,3,0,FIFA World Cup qualification
7331,2021,Canadá,Surinam,4,0,FIFA World Cup qualification
7332,2021,islas Bermudas,Islas Caimán,1,1,FIFA World Cup qualification
7333,2021,San Vicente y las Granadinas,Cuba,0,1,FIFA World Cup qualification
7334,2021,Curazao,Guatemala,0,0,FIFA World Cup qualification
7335,2021,Barbados,Dominica,1,1,FIFA World Cup qualification
7336,2021,Panamá,República Dominicana,3,0,FIFA World Cup qualification
7337,2021,Haití,Nicaragua,1,0,FIFA World Cup qualification
7338,2021,Guayana,Puerto Rico,0,2,FIFA World Cup qualification
7339,2021,Trinidad y Tobago,San Cristóbal y Nieves,2,0,FIFA World Cup qualification
7340,2021,Ecuador,Perú,1,2,FIFA World Cup qualification
7341,2021,Colombia,Argentina,2,2,FIFA World Cup qualification
7342,2021,Venezuela,Uruguay,0,0,FIFA World Cup qualification
7343,2021,Paraguay,Brasil,0,2,FIFA World Cup qualification
7344,2021,Chile,Bolivia,1,1,FIFA World Cup qualification
7345,2021,Turkmenistán,Líbano,3,2,FIFA World Cup qualification
7346,2021,Corea del Sur,Sri Lanka,5,0,FIFA World Cup qualification
7347,2021,Filipinas,Guam,3,0,FIFA World Cup qualification
7348,2021,China,Maldivas,5,0,FIFA World Cup qualification
7349,2021,Nepal,Australia,0,3,FIFA World Cup qualification
7350,2021,Kuwait,Jordania,0,0,FIFA World Cup qualification
7351,2021,Camboya,Irán,0,10,FIFA World Cup qualification
7352,2021,Hong Kong,Irak,0,1,FIFA World Cup qualification
7353,2021,Yemen,Uzbekistán,0,1,FIFA World Cup qualification
7354,2021,Afganistán,Omán,1,2,FIFA World Cup qualification
7355,2021,Birmania,Kirguistán,1,8,FIFA World Cup qualification
7356,2021,Malasia,Vietnam,1,2,FIFA World Cup qualification
7357,2021,Arabia Saudita,Singapur,3,0,FIFA World Cup qualification
7358,2021,Emiratos Árabes Unidos,Indonesia,5,0,FIFA World Cup qualification
7359,2021,Haití,Canadá,0,1,FIFA World Cup qualification
7360,2021,Panamá,Curazao,2,1,FIFA World Cup qualification
7361,2021,San Cristóbal y Nieves,El Salvador,0,4,FIFA World Cup qualification
7362,2021,Corea del Sur,Líbano,2,1,FIFA World Cup qualification
7363,2021,Filipinas,Maldivas,1,1,FIFA World Cup qualification
7364,2021,China,Siria,3,1,FIFA World Cup qualification
7365,2021,Australia,Jordania,1,0,FIFA World Cup qualification
7366,2021,Baréin,Hong Kong,4,0,FIFA World Cup qualification
7367,2021,Irán,Irak,1,0,FIFA World Cup qualification
7368,2021,Palestina,Yemen,3,0,FIFA World Cup qualification
7369,2021,Arabia Saudita,Uzbekistán,3,0,FIFA World Cup qualification
7370,2021,Bangladesh,Omán,0,3,FIFA World Cup qualification
7371,2021,India,Afganistán,1,1,FIFA World Cup qualification
7372,2021,Tayikistán,Birmania,4,0,FIFA World Cup qualification
7373,2021,Japón,Kirguistán,5,1,FIFA World Cup qualification
7374,2021,Tailandia,Malasia,0,1,FIFA World Cup qualification
7375,2021,Emiratos Árabes Unidos,Vietnam,3,2,FIFA World Cup qualification
7376,2021,Canadá,Haití,3,0,FIFA World Cup qualification
7377,2021,Curazao,Panamá,0,0,FIFA World Cup qualification
7378,2021,El Salvador,San Cristóbal y Nieves,2,0,FIFA World Cup qualification
7379,2021,Kuwait,Taiwán,2,1,FIFA World Cup qualification
7380,2021,República Centroafricana,Cabo Verde,1,1,FIFA World Cup qualification
7381,2021,Malí,Ruanda,1,0,FIFA World Cup qualification
7382,2021,Egipto,Angola,1,0,FIFA World Cup qualification
7383,2021,Libia,Gabón,2,1,FIFA World Cup qualification
7384,2021,Senegal,Togo,2,0,FIFA World Cup qualification
7385,2021,Guinea-Bissau,Guinea,1,1,FIFA World Cup qualification
7386,2021,Portugal,Irlanda,2,1,FIFA World Cup qualification
7387,2021,Luxemburgo,Azerbaiyán,2,1,FIFA World Cup qualification
7388,2021,Kazajistán,Ucrania,2,2,FIFA World Cup qualification
7389,2021,Francia,Bosnia y Herzegovina,1,1,FIFA World Cup qualification
7390,2021,Islas Feroe,Israel,0,4,FIFA World Cup qualification
7391,2021,Dinamarca,Escocia,2,0,FIFA World Cup qualification
7392,2021,Moldavia,Austria,0,2,FIFA World Cup qualification
7393,2021,Noruega,Países Bajos,1,1,FIFA World Cup qualification
7394,2021,Letonia,Gibraltar,3,1,FIFA World Cup qualification
7395,2021,Turquía,Montenegro,2,2,FIFA World Cup qualification
7396,2021,Malta,Chipre,3,0,FIFA World Cup qualification
7397,2021,Eslovenia,Eslovaquia,1,1,FIFA World Cup qualification
7398,2021,Rusia,Croacia,0,0,FIFA World Cup qualification
7399,2021,Níger,Burkina Faso,0,2,FIFA World Cup qualification
7400,2021,Argelia,Yibuti,8,0,FIFA World Cup qualification
7401,2021,Kenia,Uganda,0,0,FIFA World Cup qualification
7402,2021,Namibia,Congo,1,1,FIFA World Cup qualification
7403,2021,Marruecos,Sudán,2,0,FIFA World Cup qualification
7404,2021,República Democrática del Congo,Tanzania,1,1,FIFA World Cup qualification
7405,2021,Madagascar,Benín,0,1,FIFA World Cup qualification
7406,2021,Corea del Sur,Irak,0,0,FIFA World Cup qualification
7407,2021,Irán,Siria,1,0,FIFA World Cup qualification
7408,2021,Emiratos Árabes Unidos,Líbano,0,0,FIFA World Cup qualification
7409,2021,Japón,Omán,0,1,FIFA World Cup qualification
7410,2021,Australia,China,3,0,FIFA World Cup qualification
7411,2021,Arabia Saudita,Vietnam,3,1,FIFA World Cup qualification
7412,2021,Georgia,Kosovo,0,1,FIFA World Cup qualification
7413,2021,Suecia,España,2,1,FIFA World Cup qualification
7414,2021,Italia,Bulgaria,1,1,FIFA World Cup qualification
7415,2021,Lituania,Irlanda del Norte,1,4,FIFA World Cup qualification
7416,2021,República Checa,Bielorrusia,1,0,FIFA World Cup qualification
7417,2021,Estonia,Bélgica,2,5,FIFA World Cup qualification
7418,2021,Andorra,San Marino,2,0,FIFA World Cup qualification
7419,2021,Hungría,Inglaterra,0,4,FIFA World Cup qualification
7420,2021,Polonia,Albania,4,1,FIFA World Cup qualification
7421,2021,Islandia,Rumania,0,2,FIFA World Cup qualification
7422,2021,Liechtenstein,Alemania,0,2,FIFA World Cup qualification
7423,2021,Macedonia del Norte,Armenia,0,0,FIFA World Cup qualification
7424,2021,Bolivia,Colombia,1,1,FIFA World Cup qualification
7425,2021,Ecuador,Paraguay,2,0,FIFA World Cup qualification
7426,2021,Perú,Uruguay,1,1,FIFA World Cup qualification
7427,2021,Venezuela,Argentina,1,3,FIFA World Cup qualification
7428,2021,Chile,Brasil,0,1,FIFA World Cup qualification
7429,2021,Canadá,Honduras,1,1,FIFA World Cup qualification
7430,2021,El Salvador,Estados Unidos,0,0,FIFA World Cup qualification
7431,2021,Panamá,Costa Rica,0,0,FIFA World Cup qualification
7432,2021,México,Jamaica,2,1,FIFA World Cup qualification
7433,2021,Mauritania,Zambia,1,2,FIFA World Cup qualification
7434,2021,Túnez,Guinea Ecuatorial,3,0,FIFA World Cup qualification
7435,2021,Nigeria,Liberia,2,0,FIFA World Cup qualification
7436,2021,Mozambique,Costa de Marfil,0,0,FIFA World Cup qualification
7437,2021,Camerún,Malaui,2,0,FIFA World Cup qualification
7438,2021,Zimbabue,Sudáfrica,0,0,FIFA World Cup qualification
7439,2021,Ghana,Etiopía,1,0,FIFA World Cup qualification
7440,2021,Irlanda,Azerbaiyán,1,1,FIFA World Cup qualification
7441,2021,Serbia,Luxemburgo,4,1,FIFA World Cup qualification
7442,2021,Finlandia,Kazajistán,1,0,FIFA World Cup qualification
7443,2021,Ucrania,Francia,1,1,FIFA World Cup qualification
7444,2021,Islas Feroe,Dinamarca,0,1,FIFA World Cup qualification
7445,2021,Escocia,Moldavia,1,0,FIFA World Cup qualification
7446,2021,Israel,Austria,5,2,FIFA World Cup qualification
7447,2021,Letonia,Noruega,0,2,FIFA World Cup qualification
7448,2021,Gibraltar,Turquía,0,3,FIFA World Cup qualification
7449,2021,Países Bajos,Montenegro,4,0,FIFA World Cup qualification
7450,2021,Eslovenia,Malta,1,0,FIFA World Cup qualification
7451,2021,Chipre,Rusia,0,2,FIFA World Cup qualification
7452,2021,Eslovaquia,Croacia,0,1,FIFA World Cup qualification
7453,2021,Ruanda,Kenia,1,1,FIFA World Cup qualification
7454,2021,Gabón,Egipto,1,1,FIFA World Cup qualification
7455,2021,Togo,Namibia,0,1,FIFA World Cup qualification
7456,2021,Kosovo,Grecia,1,1,FIFA World Cup qualification
7457,2021,España,Georgia,4,0,FIFA World Cup qualification
7458,2021,Bulgaria,Lituania,1,0,FIFA World Cup qualification
7459,2021,Suiza,Italia,0,0,FIFA World Cup qualification
7460,2021,Bielorrusia,Gales,2,3,FIFA World Cup qualification
7461,2021,Bélgica,República Checa,3,0,FIFA World Cup qualification
7462,2021,Inglaterra,Andorra,4,0,FIFA World Cup qualification
7463,2021,Albania,Hungría,1,0,FIFA World Cup qualification
7464,2021,San Marino,Polonia,1,7,FIFA World Cup qualification
7465,2021,Islandia,Macedonia del Norte,2,2,FIFA World Cup qualification
7466,2021,Alemania,Armenia,6,0,FIFA World Cup qualification
7467,2021,Rumania,Liechtenstein,2,0,FIFA World Cup qualification
7468,2021,Ecuador,Chile,0,0,FIFA World Cup qualification
7469,2021,Paraguay,Colombia,1,1,FIFA World Cup qualification
7470,2021,Uruguay,Bolivia,4,2,FIFA World Cup qualification
7471,2021,Perú,Venezuela,1,0,FIFA World Cup qualification
7472,2021,Costa Rica,México,0,1,FIFA World Cup qualification
7473,2021,El Salvador,Honduras,0,0,FIFA World Cup qualification
7474,2021,Jamaica,Panamá,0,3,FIFA World Cup qualification
7475,2021,Estados Unidos,Canadá,1,1,FIFA World Cup qualification
7476,2021,Yibuti,Níger,2,4,FIFA World Cup qualification
7477,2021,Liberia,República Centroafricana,1,0,FIFA World Cup qualification
7478,2021,Costa de Marfil,Camerún,2,1,FIFA World Cup qualification
7479,2021,Uganda,Malí,0,0,FIFA World Cup qualification
7480,2021,Sudáfrica,Ghana,1,0,FIFA World Cup qualification
7481,2021,Benín,República Democrática del Congo,1,1,FIFA World Cup qualification
7482,2021,Burkina Faso,Argelia,1,1,FIFA World Cup qualification
7483,2021,Zambia,Túnez,0,2,FIFA World Cup qualification
7484,2021,Guinea Ecuatorial,Mauritania,1,0,FIFA World Cup qualification
7485,2021,Cabo Verde,Nigeria,1,2,FIFA World Cup qualification
7486,2021,Malaui,Mozambique,1,0,FIFA World Cup qualification
7487,2021,Angola,Libia,0,1,FIFA World Cup qualification
7488,2021,Etiopía,Zimbabue,1,0,FIFA World Cup qualification
7489,2021,Congo,Senegal,1,3,FIFA World Cup qualification
7490,2021,Sudán,Guinea-Bissau,2,4,FIFA World Cup qualification
7491,2021,Tanzania,Madagascar,3,2,FIFA World Cup qualification
7492,2021,Siria,Emiratos Árabes Unidos,1,1,FIFA World Cup qualification
7493,2021,Corea del Sur,Líbano,1,0,FIFA World Cup qualification
7494,2021,Irak,Irán,0,3,FIFA World Cup qualification
7495,2021,China,Japón,0,1,FIFA World Cup qualification
7496,2021,Vietnam,Australia,0,1,FIFA World Cup qualification
7497,2021,Omán,Arabia Saudita,0,1,FIFA World Cup qualification
7498,2021,Irlanda,Serbia,1,1,FIFA World Cup qualification
7499,2021,Azerbaiyán,Portugal,0,3,FIFA World Cup qualification
7500,2021,Bosnia y Herzegovina,Kazajistán,2,2,FIFA World Cup qualification
7501,2021,Francia,Finlandia,2,0,FIFA World Cup qualification
7502,2021,Islas Feroe,Moldavia,2,1,FIFA World Cup qualification
7503,2021,Austria,Escocia,0,1,FIFA World Cup qualification
7504,2021,Dinamarca,Israel,5,0,FIFA World Cup qualification
7505,2021,Montenegro,Letonia,0,0,FIFA World Cup qualification
7506,2021,Países Bajos,Turquía,6,1,FIFA World Cup qualification
7507,2021,Noruega,Gibraltar,5,1,FIFA World Cup qualification
7508,2021,Croacia,Eslovenia,3,0,FIFA World Cup qualification
7509,2021,Eslovaquia,Chipre,2,0,FIFA World Cup qualification
7510,2021,Rusia,Malta,2,0,FIFA World Cup qualification
7511,2021,Kosovo,España,0,2,FIFA World Cup qualification
7512,2021,Grecia,Suecia,2,1,FIFA World Cup qualification
7513,2021,Irlanda del Norte,Suiza,0,0,FIFA World Cup qualification
7514,2021,Italia,Lituania,5,0,FIFA World Cup qualification
7515,2021,Gales,Estonia,0,0,FIFA World Cup qualification
7516,2021,Bielorrusia,Bélgica,0,1,FIFA World Cup qualification
7517,2021,Albania,San Marino,5,0,FIFA World Cup qualification
7518,2021,Hungría,Andorra,2,1,FIFA World Cup qualification
7519,2021,Polonia,Inglaterra,1,1,FIFA World Cup qualification
7520,2021,Islandia,Alemania,0,4,FIFA World Cup qualification
7521,2021,Armenia,Liechtenstein,1,1,FIFA World Cup qualification
7522,2021,Macedonia del Norte,Rumania,0,0,FIFA World Cup qualification
7523,2021,Costa Rica,Jamaica,1,1,FIFA World Cup qualification
7524,2021,Panamá,México,1,1,FIFA World Cup qualification
7525,2021,Canadá,El Salvador,3,0,FIFA World Cup qualification
7526,2021,Honduras,Estados Unidos,1,4,FIFA World Cup qualification
7527,2021,Colombia,Chile,3,1,FIFA World Cup qualification
7528,2021,Paraguay,Venezuela,2,1,FIFA World Cup qualification
7529,2021,Uruguay,Ecuador,1,0,FIFA World Cup qualification
7530,2021,Argentina,Bolivia,3,0,FIFA World Cup qualification
7531,2021,Brasil,Perú,2,0,FIFA World Cup qualification
7532,2021,Sudán,Guinea,1,1,FIFA World Cup qualification
7533,2021,Marruecos,Guinea-Bissau,5,0,FIFA World Cup qualification
7534,2021,Irak,Líbano,0,0,FIFA World Cup qualification
7535,2021,Corea del Sur,Siria,2,1,FIFA World Cup qualification
7536,2021,Emiratos Árabes Unidos,Irán,0,1,FIFA World Cup qualification
7537,2021,Arabia Saudita,Japón,1,0,FIFA World Cup qualification
7538,2021,China,Vietnam,3,2,FIFA World Cup qualification
7539,2021,Australia,Omán,3,1,FIFA World Cup qualification
7540,2021,Honduras,Costa Rica,0,0,FIFA World Cup qualification
7541,2021,Estados Unidos,Jamaica,2,0,FIFA World Cup qualification
7542,2021,El Salvador,Panamá,1,0,FIFA World Cup qualification
7543,2021,México,Canadá,1,1,FIFA World Cup qualification
7544,2021,Guinea Ecuatorial,Zambia,2,0,FIFA World Cup qualification
7545,2021,Túnez,Mauritania,3,0,FIFA World Cup qualification
7546,2021,Liberia,Cabo Verde,1,2,FIFA World Cup qualification
7547,2021,Nigeria,República Centroafricana,0,1,FIFA World Cup qualification
7548,2021,Ruanda,Uganda,0,1,FIFA World Cup qualification
7549,2021,Malí,Kenia,5,0,FIFA World Cup qualification
7550,2021,República Democrática del Congo,Madagascar,2,0,FIFA World Cup qualification
7551,2021,Tanzania,Benín,0,1,FIFA World Cup qualification
7552,2021,Ecuador,Bolivia,3,0,FIFA World Cup qualification
7553,2021,Venezuela,Brasil,1,3,FIFA World Cup qualification
7554,2021,Paraguay,Argentina,0,0,FIFA World Cup qualification
7555,2021,Perú,Chile,2,0,FIFA World Cup qualification
7556,2021,Uruguay,Colombia,0,0,FIFA World Cup qualification
7557,2021,República Checa,Gales,2,2,FIFA World Cup qualification
7558,2021,Estonia,Bielorrusia,2,0,FIFA World Cup qualification
7559,2021,Gibraltar,Montenegro,0,3,FIFA World Cup qualification
7560,2021,Letonia,Países Bajos,0,1,FIFA World Cup qualification
7561,2021,Turquía,Noruega,1,1,FIFA World Cup qualification
7562,2021,Malta,Eslovenia,0,4,FIFA World Cup qualification
7563,2021,Chipre,Croacia,0,3,FIFA World Cup qualification
7564,2021,Rusia,Eslovaquia,1,0,FIFA World Cup qualification
7565,2021,Islandia,Armenia,1,1,FIFA World Cup qualification
7566,2021,Alemania,Rumania,2,1,FIFA World Cup qualification
7567,2021,Liechtenstein,Macedonia del Norte,0,4,FIFA World Cup qualification
7568,2021,Argelia,Níger,6,1,FIFA World Cup qualification
7569,2021,Yibuti,Burkina Faso,0,4,FIFA World Cup qualification
7570,2021,Malaui,Costa de Marfil,0,3,FIFA World Cup qualification
7571,2021,Camerún,Mozambique,3,1,FIFA World Cup qualification
7572,2021,Angola,Gabón,3,1,FIFA World Cup qualification
7573,2021,Egipto,Libia,1,0,FIFA World Cup qualification
7574,2021,Azerbaiyán,Irlanda,0,3,FIFA World Cup qualification
7575,2021,Luxemburgo,Serbia,0,1,FIFA World Cup qualification
7576,2021,Suecia,Kosovo,3,0,FIFA World Cup qualification
7577,2021,Georgia,Grecia,0,2,FIFA World Cup qualification
7578,2021,Lituania,Bulgaria,3,1,FIFA World Cup qualification
7579,2021,Suiza,Irlanda del Norte,2,0,FIFA World Cup qualification
7580,2021,Finlandia,Ucrania,1,2,FIFA World Cup qualification
7581,2021,Kazajistán,Bosnia y Herzegovina,0,2,FIFA World Cup qualification
7582,2021,Escocia,Israel,3,2,FIFA World Cup qualification
7583,2021,Islas Feroe,Austria,0,2,FIFA World Cup qualification
7584,2021,Moldavia,Dinamarca,0,4,FIFA World Cup qualification
7585,2021,Andorra,Inglaterra,0,5,FIFA World Cup qualification
7586,2021,Hungría,Albania,0,1,FIFA World Cup qualification
7587,2021,Polonia,San Marino,5,0,FIFA World Cup qualification
7588,2021,Etiopía,Sudáfrica,1,3,FIFA World Cup qualification
7589,2021,Ghana,Zimbabue,3,1,FIFA World Cup qualification
7590,2021,Togo,Congo,1,1,FIFA World Cup qualification
7591,2021,Senegal,Namibia,4,1,FIFA World Cup qualification
7592,2021,Guinea,Sudán,2,2,FIFA World Cup qualification
7593,2021,Marruecos,Guinea-Bissau,3,0,FIFA World Cup qualification
7594,2021,Costa Rica,El Salvador,2,1,FIFA World Cup qualification
7595,2021,Jamaica,Canadá,0,0,FIFA World Cup qualification
7596,2021,Panamá,Estados Unidos,1,0,FIFA World Cup qualification
7597,2021,México,Honduras,3,0,FIFA World Cup qualification
7598,2021,Zambia,Guinea Ecuatorial,1,1,FIFA World Cup qualification
7599,2021,Mauritania,Túnez,0,0,FIFA World Cup qualification
7600,2021,República Centroafricana,Nigeria,0,2,FIFA World Cup qualification
7601,2021,Cabo Verde,Liberia,1,0,FIFA World Cup qualification
7602,2021,Kenia,Malí,0,1,FIFA World Cup qualification
7603,2021,Uganda,Ruanda,1,0,FIFA World Cup qualification
7604,2021,Benín,Tanzania,0,1,FIFA World Cup qualification
7605,2021,Madagascar,República Democrática del Congo,1,0,FIFA World Cup qualification
7606,2021,Bolivia,Perú,1,0,FIFA World Cup qualification
7607,2021,Colombia,Brasil,0,0,FIFA World Cup qualification
7608,2021,Venezuela,Ecuador,2,1,FIFA World Cup qualification
7609,2021,Argentina,Uruguay,3,0,FIFA World Cup qualification
7610,2021,Chile,Paraguay,2,0,FIFA World Cup qualification
7611,2021,Bielorrusia,República Checa,0,2,FIFA World Cup qualification
7612,2021,Estonia,Gales,0,1,FIFA World Cup qualification
7613,2021,Países Bajos,Gibraltar,6,0,FIFA World Cup qualification
7614,2021,Noruega,Montenegro,2,0,FIFA World Cup qualification
7615,2021,Letonia,Turquía,1,2,FIFA World Cup qualification
7616,2021,Chipre,Malta,2,2,FIFA World Cup qualification
7617,2021,Croacia,Eslovaquia,2,2,FIFA World Cup qualification
7618,2021,Eslovenia,Rusia,1,2,FIFA World Cup qualification
7619,2021,Islandia,Liechtenstein,4,0,FIFA World Cup qualification
7620,2021,Macedonia del Norte,Alemania,0,4,FIFA World Cup qualification
7621,2021,Rumania,Armenia,1,0,FIFA World Cup qualification
7622,2021,Burkina Faso,Yibuti,2,0,FIFA World Cup qualification
7623,2021,Mozambique,Camerún,0,1,FIFA World Cup qualification
7624,2021,Costa de Marfil,Malaui,2,1,FIFA World Cup qualification
7625,2021,Gabón,Angola,2,0,FIFA World Cup qualification
7626,2021,Libia,Egipto,0,3,FIFA World Cup qualification
7627,2021,Irán,Corea del Sur,1,1,FIFA World Cup qualification
7628,2021,Siria,Líbano,2,3,FIFA World Cup qualification
7629,2021,Emiratos Árabes Unidos,Irak,2,2,FIFA World Cup qualification
7630,2021,Japón,Australia,2,1,FIFA World Cup qualification
7631,2021,Omán,Vietnam,3,1,FIFA World Cup qualification
7632,2021,Arabia Saudita,China,3,2,FIFA World Cup qualification
7633,2021,Portugal,Luxemburgo,5,0,FIFA World Cup qualification
7634,2021,Serbia,Azerbaiyán,3,1,FIFA World Cup qualification
7635,2021,Kosovo,Georgia,1,2,FIFA World Cup qualification
7636,2021,Suecia,Grecia,2,0,FIFA World Cup qualification
7637,2021,Bulgaria,Irlanda del Norte,2,1,FIFA World Cup qualification
7638,2021,Lituania,Suiza,0,4,FIFA World Cup qualification
7639,2021,Kazajistán,Finlandia,0,2,FIFA World Cup qualification
7640,2021,Ucrania,Bosnia y Herzegovina,1,1,FIFA World Cup qualification
7641,2021,Islas Feroe,Escocia,0,1,FIFA World Cup qualification
7642,2021,Dinamarca,Austria,1,0,FIFA World Cup qualification
7643,2021,Israel,Moldavia,2,1,FIFA World Cup qualification
7644,2021,Inglaterra,Hungría,1,1,FIFA World Cup qualification
7645,2021,Albania,Polonia,0,1,FIFA World Cup qualification
7646,2021,San Marino,Andorra,0,3,FIFA World Cup qualification
7647,2021,Níger,Argelia,0,4,FIFA World Cup qualification
7648,2021,Zimbabue,Ghana,0,1,FIFA World Cup qualification
7649,2021,Sudáfrica,Etiopía,1,0,FIFA World Cup qualification
7650,2021,Namibia,Senegal,1,3,FIFA World Cup qualification
7651,2021,Congo,Togo,1,2,FIFA World Cup qualification
7652,2021,Marruecos,Guinea,4,1,FIFA World Cup qualification
7653,2021,Honduras,Jamaica,0,2,FIFA World Cup qualification
7654,2021,Estados Unidos,Costa Rica,2,1,FIFA World Cup qualification
7655,2021,Canadá,Panamá,4,1,FIFA World Cup qualification
7656,2021,El Salvador,México,0,2,FIFA World Cup qualification
7657,2021,Bolivia,Paraguay,4,0,FIFA World Cup qualification
7658,2021,Colombia,Ecuador,0,0,FIFA World Cup qualification
7659,2021,Argentina,Perú,1,0,FIFA World Cup qualification
7660,2021,Brasil,Uruguay,4,1,FIFA World Cup qualification
7661,2021,Chile,Venezuela,3,0,FIFA World Cup qualification
7662,2021,Uganda,Kenia,1,1,FIFA World Cup qualification
7663,2021,Ruanda,Malí,0,3,FIFA World Cup qualification
7664,2021,Etiopía,Ghana,1,1,FIFA World Cup qualification
7665,2021,Sudáfrica,Zimbabue,1,0,FIFA World Cup qualification
7666,2021,Congo,Namibia,1,1,FIFA World Cup qualification
7667,2021,Togo,Senegal,1,1,FIFA World Cup qualification
7668,2021,Tanzania,República Democrática del Congo,0,3,FIFA World Cup qualification
7669,2021,Benín,Madagascar,2,0,FIFA World Cup qualification
7670,2021,Líbano,Irán,1,2,FIFA World Cup qualification
7671,2021,Irak,Siria,1,1,FIFA World Cup qualification
7672,2021,Corea del Sur,Emiratos Árabes Unidos,1,0,FIFA World Cup qualification
7673,2021,China,Omán,1,1,FIFA World Cup qualification
7674,2021,Vietnam,Japón,0,1,FIFA World Cup qualification
7675,2021,Australia,Arabia Saudita,0,0,FIFA World Cup qualification
7676,2021,Irlanda,Portugal,0,0,FIFA World Cup qualification
7677,2021,Azerbaiyán,Luxemburgo,1,3,FIFA World Cup qualification
7678,2021,Georgia,Suecia,2,0,FIFA World Cup qualification
7679,2021,Grecia,España,0,1,FIFA World Cup qualification
7680,2021,Rusia,Chipre,6,0,FIFA World Cup qualification
7681,2021,Malta,Croacia,1,7,FIFA World Cup qualification
7682,2021,Eslovaquia,Eslovenia,2,2,FIFA World Cup qualification
7683,2021,Alemania,Liechtenstein,9,0,FIFA World Cup qualification
7684,2021,Armenia,Macedonia del Norte,0,5,FIFA World Cup qualification
7685,2021,Rumania,Islandia,0,0,FIFA World Cup qualification
7686,2021,Ecuador,Venezuela,1,0,FIFA World Cup qualification
7687,2021,Paraguay,Chile,0,1,FIFA World Cup qualification
7688,2021,Perú,Bolivia,3,0,FIFA World Cup qualification
7689,2021,Brasil,Colombia,1,0,FIFA World Cup qualification
7690,2021,Burkina Faso,Níger,1,1,FIFA World Cup qualification
7691,2021,Yibuti,Argelia,0,4,FIFA World Cup qualification
7692,2021,Gabón,Libia,1,0,FIFA World Cup qualification
7693,2021,Angola,Egipto,2,2,FIFA World Cup qualification
7694,2021,Guinea,Guinea-Bissau,0,0,FIFA World Cup qualification
7695,2021,Marruecos,Sudán,3,0,FIFA World Cup qualification
7696,2021,Canadá,Costa Rica,1,0,FIFA World Cup qualification
7697,2021,Honduras,Panamá,2,3,FIFA World Cup qualification
7698,2021,El Salvador,Jamaica,1,1,FIFA World Cup qualification
7699,2021,Estados Unidos,México,2,0,FIFA World Cup qualification
7700,2021,Irlanda del Norte,Lituania,1,0,FIFA World Cup qualification
7701,2021,Italia,Suiza,1,1,FIFA World Cup qualification
7702,2021,Moldavia,Escocia,0,2,FIFA World Cup qualification
7703,2021,Dinamarca,Islas Feroe,3,1,FIFA World Cup qualification
7704,2021,Austria,Israel,4,2,FIFA World Cup qualification
7705,2021,Inglaterra,Albania,5,0,FIFA World Cup qualification
7706,2021,Andorra,Polonia,1,4,FIFA World Cup qualification
7707,2021,Hungría,San Marino,4,0,FIFA World Cup qualification
7708,2021,Uruguay,Argentina,0,1,FIFA World Cup qualification
7709,2021,Zambia,Mauritania,4,0,FIFA World Cup qualification
7710,2021,Guinea Ecuatorial,Túnez,1,0,FIFA World Cup qualification
7711,2021,Cabo Verde,República Centroafricana,2,1,FIFA World Cup qualification
7712,2021,Liberia,Nigeria,0,2,FIFA World Cup qualification
7713,2021,Malaui,Camerún,0,4,FIFA World Cup qualification
7714,2021,Costa de Marfil,Mozambique,3,0,FIFA World Cup qualification
7715,2021,Bosnia y Herzegovina,Finlandia,1,3,FIFA World Cup qualification
7716,2021,Francia,Kazajistán,8,0,FIFA World Cup qualification
7717,2021,Gales,Bielorrusia,5,1,FIFA World Cup qualification
7718,2021,Bélgica,Estonia,3,1,FIFA World Cup qualification
7719,2021,Noruega,Letonia,0,0,FIFA World Cup qualification
7720,2021,Turquía,Gibraltar,6,0,FIFA World Cup qualification
7721,2021,Montenegro,Países Bajos,2,2,FIFA World Cup qualification
7722,2021,Malí,Uganda,1,0,FIFA World Cup qualification
7723,2021,Zimbabue,Etiopía,1,1,FIFA World Cup qualification
7724,2021,Ghana,Sudáfrica,1,0,FIFA World Cup qualification
7725,2021,Senegal,Congo,2,0,FIFA World Cup qualification
7726,2021,República Democrática del Congo,Benín,2,0,FIFA World Cup qualification
7727,2021,Madagascar,Tanzania,1,1,FIFA World Cup qualification
7728,2021,Portugal,Serbia,1,2,FIFA World Cup qualification
7729,2021,Luxemburgo,Irlanda,0,3,FIFA World Cup qualification
7730,2021,España,Suecia,1,0,FIFA World Cup qualification
7731,2021,Grecia,Kosovo,1,1,FIFA World Cup qualification
7732,2021,Croacia,Rusia,1,0,FIFA World Cup qualification
7733,2021,Malta,Eslovaquia,0,6,FIFA World Cup qualification
7734,2021,Eslovenia,Chipre,2,1,FIFA World Cup qualification
7735,2021,Liechtenstein,Rumania,0,2,FIFA World Cup qualification
7736,2021,Macedonia del Norte,Islandia,3,1,FIFA World Cup qualification
7737,2021,Armenia,Alemania,1,4,FIFA World Cup qualification
7738,2021,Níger,Yibuti,7,2,FIFA World Cup qualification
7739,2021,Kenia,Ruanda,2,1,FIFA World Cup qualification
7740,2021,Namibia,Togo,0,1,FIFA World Cup qualification
7741,2021,Guinea-Bissau,Sudán,0,0,FIFA World Cup qualification
7742,2021,Irlanda del Norte,Italia,0,0,FIFA World Cup qualification
7743,2021,Suiza,Bulgaria,4,0,FIFA World Cup qualification
7744,2021,Escocia,Dinamarca,2,0,FIFA World Cup qualification
7745,2021,Austria,Moldavia,4,1,FIFA World Cup qualification
7746,2021,Israel,Islas Feroe,3,2,FIFA World Cup qualification
7747,2021,Albania,Andorra,1,0,FIFA World Cup qualification
7748,2021,Polonia,Hungría,1,2,FIFA World Cup qualification
7749,2021,San Marino,Inglaterra,0,10,FIFA World Cup qualification
7750,2021,Argelia,Burkina Faso,2,2,FIFA World Cup qualification
7751,2021,Mauritania,Guinea Ecuatorial,1,1,FIFA World Cup qualification
7752,2021,Túnez,Zambia,3,1,FIFA World Cup qualification
7753,2021,Liberia,República Centroafricana,3,1,FIFA World Cup qualification
7754,2021,Nigeria,Cabo Verde,1,1,FIFA World Cup qualification
7755,2021,Mozambique,Malaui,1,0,FIFA World Cup qualification
7756,2021,Camerún,Costa de Marfil,1,0,FIFA World Cup qualification
7757,2021,Egipto,Gabón,2,1,FIFA World Cup qualification
7758,2021,Libia,Angola,1,1,FIFA World Cup qualification
7759,2021,Marruecos,Guinea,3,0,FIFA World Cup qualification
7760,2021,Líbano,Emiratos Árabes Unidos,0,1,FIFA World Cup qualification
7761,2021,Irak,Corea del Sur,0,3,FIFA World Cup qualification
7762,2021,Siria,Irán,0,3,FIFA World Cup qualification
7763,2021,China,Australia,1,1,FIFA World Cup qualification
7764,2021,Vietnam,Arabia Saudita,0,1,FIFA World Cup qualification
7765,2021,Omán,Japón,0,1,FIFA World Cup qualification
7766,2021,Jamaica,Estados Unidos,1,1,FIFA World Cup qualification
7767,2021,Canadá,México,2,1,FIFA World Cup qualification
7768,2021,Costa Rica,Honduras,2,1,FIFA World Cup qualification
7769,2021,Panamá,El Salvador,2,1,FIFA World Cup qualification
7770,2021,Bosnia y Herzegovina,Ucrania,0,2,FIFA World Cup qualification
7771,2021,Finlandia,Francia,0,2,FIFA World Cup qualification
7772,2021,Gales,Bélgica,1,1,FIFA World Cup qualification
7773,2021,República Checa,Estonia,2,0,FIFA World Cup qualification
7774,2021,Gibraltar,Letonia,1,3,FIFA World Cup qualification
7775,2021,Montenegro,Turquía,1,2,FIFA World Cup qualification
7776,2021,Países Bajos,Noruega,2,0,FIFA World Cup qualification
7777,2021,Bolivia,Uruguay,3,0,FIFA World Cup qualification
7778,2021,Venezuela,Perú,1,2,FIFA World Cup qualification
7779,2021,Colombia,Paraguay,0,0,FIFA World Cup qualification
7780,2021,Argentina,Brasil,0,0,FIFA World Cup qualification
7781,2021,Chile,Ecuador,0,2,FIFA World Cup qualification
7782,2022,Jamaica,México,1,2,FIFA World Cup qualification
7783,2022,Estados Unidos,El Salvador,1,0,FIFA World Cup qualification
7784,2022,Honduras,Canadá,0,2,FIFA World Cup qualification
7785,2022,Costa Rica,Panamá,1,0,FIFA World Cup qualification
7786,2022,Líbano,Corea del Sur,0,1,FIFA World Cup qualification
7787,2022,Irán,Irak,1,0,FIFA World Cup qualification
7788,2022,Emiratos Árabes Unidos,Siria,2,0,FIFA World Cup qualification
7789,2022,Japón,China,2,0,FIFA World Cup qualification
7790,2022,Australia,Vietnam,4,0,FIFA World Cup qualification
7791,2022,Arabia Saudita,Omán,1,0,FIFA World Cup qualification
7792,2022,Ecuador,Brasil,1,1,FIFA World Cup qualification
7793,2022,Paraguay,Uruguay,0,1,FIFA World Cup qualification
7794,2022,Chile,Argentina,1,2,FIFA World Cup qualification
7795,2022,Colombia,Perú,0,1,FIFA World Cup qualification
7796,2022,Venezuela,Bolivia,4,1,FIFA World Cup qualification
7797,2022,Canadá,Estados Unidos,2,0,FIFA World Cup qualification
7798,2022,México,Costa Rica,0,0,FIFA World Cup qualification
7799,2022,Panamá,Jamaica,3,2,FIFA World Cup qualification
7800,2022,Honduras,El Salvador,0,2,FIFA World Cup qualification
7801,2022,Líbano,Irak,1,1,FIFA World Cup qualification
7802,2022,Irán,Emiratos Árabes Unidos,1,0,FIFA World Cup qualification
7803,2022,Siria,Corea del Sur,0,2,FIFA World Cup qualification
7804,2022,Vietnam,China,3,1,FIFA World Cup qualification
7805,2022,Japón,Arabia Saudita,2,0,FIFA World Cup qualification
7806,2022,Omán,Australia,2,2,FIFA World Cup qualification
7807,2022,Bolivia,Chile,2,3,FIFA World Cup qualification
7808,2022,Uruguay,Venezuela,4,1,FIFA World Cup qualification
7809,2022,Argentina,Colombia,1,0,FIFA World Cup qualification
7810,2022,Perú,Ecuador,1,1,FIFA World Cup qualification
7811,2022,Brasil,Paraguay,4,0,FIFA World Cup qualification
7812,2022,Estados Unidos,Honduras,3,0,FIFA World Cup qualification
7813,2022,Jamaica,Costa Rica,0,1,FIFA World Cup qualification
7814,2022,El Salvador,Canadá,0,2,FIFA World Cup qualification
7815,2022,México,Panamá,1,0,FIFA World Cup qualification
7816,2022,Islas Cook,Islas Salomón,0,2,FIFA World Cup qualification
7817,2022,Papúa Nueva Guinea,Nueva Zelanda,0,1,FIFA World Cup qualification
7818,2022,Nueva Caledonia,Fiyi,1,2,FIFA World Cup qualification
7819,2022,Papúa Nueva Guinea,Nueva Caledonia,1,0,FIFA World Cup qualification
7820,2022,Nueva Zelanda,Fiyi,4,0,FIFA World Cup qualification
7821,2022,Jamaica,El Salvador,1,1,FIFA World Cup qualification
7822,2022,México,Estados Unidos,0,0,FIFA World Cup qualification
7823,2022,Panamá,Honduras,1,1,FIFA World Cup qualification
7824,2022,Costa Rica,Canadá,1,0,FIFA World Cup qualification
7825,2022,Líbano,Siria,0,3,FIFA World Cup qualification
7826,2022,Irak,Emiratos Árabes Unidos,1,0,FIFA World Cup qualification
7827,2022,Corea del Sur,Irán,2,0,FIFA World Cup qualification
7828,2022,China,Arabia Saudita,1,1,FIFA World Cup qualification
7829,2022,Vietnam,Omán,0,1,FIFA World Cup qualification
7830,2022,Australia,Japón,0,2,FIFA World Cup qualification
7831,2022,Islas Salomón,Tahití,3,1,FIFA World Cup qualification
7832,2022,Fiyi,Papúa Nueva Guinea,1,2,FIFA World Cup qualification
7833,2022,Nueva Zelanda,Nueva Caledonia,7,1,FIFA World Cup qualification
7834,2022,Colombia,Bolivia,3,0,FIFA World Cup qualification
7835,2022,Brasil,Chile,4,0,FIFA World Cup qualification
7836,2022,Paraguay,Ecuador,3,1,FIFA World Cup qualification
7837,2022,Uruguay,Perú,1,0,FIFA World Cup qualification
7838,2022,Italia,Macedonia del Norte,0,1,FIFA World Cup qualification
7839,2022,Portugal,Turquía,3,1,FIFA World Cup qualification
7840,2022,Suecia,República Checa,1,0,FIFA World Cup qualification
7841,2022,Gales,Austria,2,1,FIFA World Cup qualification
7842,2022,Camerún,Argelia,0,1,FIFA World Cup qualification
7843,2022,República Democrática del Congo,Marruecos,1,1,FIFA World Cup qualification
7844,2022,Egipto,Senegal,1,0,FIFA World Cup qualification
7845,2022,Ghana,Nigeria,0,0,FIFA World Cup qualification
7846,2022,Malí,Túnez,0,1,FIFA World Cup qualification
7847,2022,Argentina,Venezuela,3,0,FIFA World Cup qualification
7848,2022,El Salvador,Costa Rica,1,2,FIFA World Cup qualification
7849,2022,Canadá,Jamaica,4,0,FIFA World Cup qualification
7850,2022,Honduras,México,0,1,FIFA World Cup qualification
7851,2022,Estados Unidos,Panamá,5,1,FIFA World Cup qualification
7852,2022,Nueva Zelanda,Tahití,1,0,FIFA World Cup qualification
7853,2022,Islas Salomón,Papúa Nueva Guinea,3,2,FIFA World Cup qualification
7854,2022,Argelia,Camerún,1,2,FIFA World Cup qualification
7855,2022,Marruecos,República Democrática del Congo,4,1,FIFA World Cup qualification
7856,2022,Nigeria,Ghana,1,1,FIFA World Cup qualification
7857,2022,Senegal,Egipto,1,0,FIFA World Cup qualification
7858,2022,Túnez,Malí,0,0,FIFA World Cup qualification
7859,2022,Irán,Líbano,2,0,FIFA World Cup qualification
7860,2022,Siria,Irak,1,1,FIFA World Cup qualification
7861,2022,Emiratos Árabes Unidos,Corea del Sur,1,0,FIFA World Cup qualification
7862,2022,Japón,Vietnam,1,1,FIFA World Cup qualification
7863,2022,Omán,China,2,0,FIFA World Cup qualification
7864,2022,Arabia Saudita,Australia,1,0,FIFA World Cup qualification
7865,2022,Ecuador,Argentina,1,1,FIFA World Cup qualification
7866,2022,Perú,Paraguay,2,0,FIFA World Cup qualification
7867,2022,Bolivia,Brasil,0,4,FIFA World Cup qualification
7868,2022,Venezuela,Colombia,0,1,FIFA World Cup qualification
7869,2022,Chile,Uruguay,0,2,FIFA World Cup qualification
7870,2022,Polonia,Suecia,2,0,FIFA World Cup qualification
7871,2022,Portugal,Macedonia del Norte,2,0,FIFA World Cup qualification
7872,2022,México,El Salvador,2,0,FIFA World Cup qualification
7873,2022,Costa Rica,Estados Unidos,2,0,FIFA World Cup qualification
7874,2022,Panamá,Canadá,1,0,FIFA World Cup qualification
7875,2022,Jamaica,Honduras,2,1,FIFA World Cup qualification
7876,2022,Islas Salomón,Nueva Zelanda,0,5,FIFA World Cup qualification
7877,2022,Escocia,Ucrania,1,3,FIFA World Cup qualification
7878,2022,Gales,Ucrania,1,0,FIFA World Cup qualification
7879,2022,Emiratos Árabes Unidos,Australia,1,2,FIFA World Cup qualification
7880,2022,Australia,Perú,0,0,FIFA World Cup qualification
7881,2022,Costa Rica,Nueva Zelanda,1,0,FIFA World Cup qualification
7882,2023,Colombia,Venezuela,1,0,FIFA World Cup qualification
7883,2023,Paraguay,Perú,0,0,FIFA World Cup qualification
7884,2023,Argentina,Ecuador,1,0,FIFA World Cup qualification
7885,2023,Uruguay,Chile,3,1,FIFA World Cup qualification
7886,2023,Brasil,Bolivia,5,1,FIFA World Cup qualification
7887,2023,Bolivia,Argentina,0,3,FIFA World Cup qualification
7888,2023,Ecuador,Uruguay,2,1,FIFA World Cup qualification
7889,2023,Venezuela,Paraguay,1,0,FIFA World Cup qualification
7890,2023,Perú,Brasil,0,1,FIFA World Cup qualification
7891,2023,Chile,Colombia,0,0,FIFA World Cup qualification
7892,2023,Colombia,Uruguay,2,2,FIFA World Cup qualification
7893,2023,Bolivia,Ecuador,1,2,FIFA World Cup qualification
7894,2023,Argentina,Paraguay,1,0,FIFA World Cup qualification
7895,2023,Brasil,Venezuela,1,1,FIFA World Cup qualification
7896,2023,Chile,Perú,2,0,FIFA World Cup qualification
7897,2023,Afganistán,Mongolia,1,0,FIFA World Cup qualification
7898,2023,Camboya,Pakistán,0,0,FIFA World Cup qualification
7899,2023,Taiwán,Timor Oriental,4,0,FIFA World Cup qualification
7900,2023,Hong Kong,Bután,4,0,FIFA World Cup qualification
7901,2023,Indonesia,Brunéi,6,0,FIFA World Cup qualification
7902,2023,Maldivas,Bangladesh,1,1,FIFA World Cup qualification
7903,2023,Birmania,Macao,5,1,FIFA World Cup qualification
7904,2023,Nepal,Laos,1,1,FIFA World Cup qualification
7905,2023,Singapur,Guam,2,1,FIFA World Cup qualification
7906,2023,Yemen,Sri Lanka,3,0,FIFA World Cup qualification
7907,2023,Venezuela,Chile,3,0,FIFA World Cup qualification
7908,2023,Ecuador,Colombia,0,0,FIFA World Cup qualification
7909,2023,Paraguay,Bolivia,1,0,FIFA World Cup qualification
7910,2023,Perú,Argentina,0,2,FIFA World Cup qualification
7911,2023,Uruguay,Brasil,2,0,FIFA World Cup qualification
7912,2023,Bangladesh,Maldivas,2,1,FIFA World Cup qualification
7913,2023,Bután,Hong Kong,2,0,FIFA World Cup qualification
7914,2023,Brunéi,Indonesia,0,6,FIFA World Cup qualification
7915,2023,Guam,Singapur,0,1,FIFA World Cup qualification
7916,2023,Laos,Nepal,0,1,FIFA World Cup qualification
7917,2023,Macao,Birmania,0,0,FIFA World Cup qualification
7918,2023,Mongolia,Afganistán,0,1,FIFA World Cup qualification
7919,2023,Pakistán,Camboya,1,0,FIFA World Cup qualification
7920,2023,Sri Lanka,Yemen,1,1,FIFA World Cup qualification
7921,2023,Taiwán,Timor Oriental,3,0,FIFA World Cup qualification
7922,2023,Etiopía,Sierra Leona,0,0,FIFA World Cup qualification
7923,2023,República Democrática del Congo,Mauritania,2,0,FIFA World Cup qualification
7924,2023,Ruanda,Zimbabue,0,0,FIFA World Cup qualification
7925,2023,Guinea Ecuatorial,Namibia,1,0,FIFA World Cup qualification
7926,2023,Bolivia,Perú,2,0,FIFA World Cup qualification
7927,2023,Venezuela,Ecuador,0,0,FIFA World Cup qualification
7928,2023,Colombia,Brasil,2,1,FIFA World Cup qualification
7929,2023,Argentina,Uruguay,0,2,FIFA World Cup qualification
7930,2023,Chile,Paraguay,0,0,FIFA World Cup qualification
7931,2023,Catar,Afganistán,8,1,FIFA World Cup qualification
7932,2023,Kuwait,India,0,1,FIFA World Cup qualification
7933,2023,Japón,Birmania,5,0,FIFA World Cup qualification
7934,2023,Siria,Corea del Norte,1,0,FIFA World Cup qualification
7935,2023,Tailandia,China,1,2,FIFA World Cup qualification
7936,2023,Corea del Sur,Singapur,5,0,FIFA World Cup qualification
7937,2023,Omán,Taiwán,3,0,FIFA World Cup qualification
7938,2023,Malasia,Kirguistán,4,3,FIFA World Cup qualification
7939,2023,Irán,Hong Kong,4,0,FIFA World Cup qualification
7940,2023,Turkmenistán,Uzbekistán,1,3,FIFA World Cup qualification
7941,2023,Irak,Indonesia,5,1,FIFA World Cup qualification
7942,2023,Filipinas,Vietnam,0,2,FIFA World Cup qualification
7943,2023,Tayikistán,Jordania,1,1,FIFA World Cup qualification
7944,2023,Arabia Saudita,Pakistán,4,0,FIFA World Cup qualification
7945,2023,Emiratos Árabes Unidos,Nepal,4,0,FIFA World Cup qualification
7946,2023,Yemen,Baréin,0,2,FIFA World Cup qualification
7947,2023,Líbano,Palestina,0,0,FIFA World Cup qualification
7948,2023,Australia,Bangladesh,7,0,FIFA World Cup qualification
7949,2023,Egipto,Yibuti,6,0,FIFA World Cup qualification
7950,2023,Sudán,Togo,1,1,FIFA World Cup qualification
7951,2023,Nigeria,Lesoto,1,1,FIFA World Cup qualification
7952,2023,Cabo Verde,Angola,0,0,FIFA World Cup qualification
7953,2023,Burundi,Gambia,3,2,FIFA World Cup qualification
7954,2023,Gabón,Kenia,2,1,FIFA World Cup qualification
7955,2023,Botsuana,Mozambique,2,3,FIFA World Cup qualification
7956,2023,Argelia,Somalia,3,1,FIFA World Cup qualification
7957,2023,Burkina Faso,Guinea-Bissau,1,1,FIFA World Cup qualification
7958,2023,Eswatini,Libia,0,1,FIFA World Cup qualification
7959,2023,Camerún,Mauricio,3,0,FIFA World Cup qualification
7960,2023,Zambia,Congo,4,2,FIFA World Cup qualification
7961,2023,Costa de Marfil,Seychelles,9,0,FIFA World Cup qualification
7962,2023,Guinea,Uganda,2,1,FIFA World Cup qualification
7963,2023,Liberia,Malaui,0,1,FIFA World Cup qualification
7964,2023,Túnez,Santo Tomé y Príncipe,4,0,FIFA World Cup qualification
7965,2023,Comoras,República Centroafricana,4,2,FIFA World Cup qualification
7966,2023,Ghana,Madagascar,1,0,FIFA World Cup qualification
7967,2023,Malí,Chad,3,1,FIFA World Cup qualification
7968,2023,Senegal,Sudán del Sur,4,0,FIFA World Cup qualification
7969,2023,Sudáfrica,Benín,2,1,FIFA World Cup qualification
7970,2023,Níger,Tanzania,0,1,FIFA World Cup qualification
7971,2023,Sierra Leona,Egipto,0,2,FIFA World Cup qualification
7972,2023,Sudán,República Democrática del Congo,1,0,FIFA World Cup qualification
7973,2023,Zimbabue,Nigeria,1,1,FIFA World Cup qualification
7974,2023,Burundi,Gabón,1,2,FIFA World Cup qualification
7975,2023,Mozambique,Argelia,0,2,FIFA World Cup qualification
7976,2023,Yibuti,Guinea-Bissau,0,1,FIFA World Cup qualification
7977,2023,Gambia,Costa de Marfil,0,2,FIFA World Cup qualification
7978,2023,Seychelles,Kenia,0,5,FIFA World Cup qualification
7979,2023,Liberia,Guinea Ecuatorial,0,1,FIFA World Cup qualification
7980,2023,Malí,República Centroafricana,1,1,FIFA World Cup qualification
7981,2023,Chad,Madagascar,0,3,FIFA World Cup qualification
7982,2023,Ecuador,Chile,1,0,FIFA World Cup qualification
7983,2023,Paraguay,Colombia,0,1,FIFA World Cup qualification
7984,2023,Uruguay,Bolivia,3,0,FIFA World Cup qualification
7985,2023,Perú,Venezuela,1,1,FIFA World Cup qualification
7986,2023,Brasil,Argentina,0,1,FIFA World Cup qualification
7987,2023,India,Catar,0,3,FIFA World Cup qualification
7988,2023,Afganistán,Kuwait,0,4,FIFA World Cup qualification
7989,2023,Birmania,Corea del Norte,1,6,FIFA World Cup qualification
7990,2023,Siria,Japón,0,5,FIFA World Cup qualification
7991,2023,China,Corea del Sur,0,3,FIFA World Cup qualification
7992,2023,Singapur,Tailandia,1,3,FIFA World Cup qualification
7993,2023,Taiwán,Malasia,0,1,FIFA World Cup qualification
7994,2023,Kirguistán,Omán,1,0,FIFA World Cup qualification
7995,2023,Uzbekistán,Irán,2,2,FIFA World Cup qualification
7996,2023,Hong Kong,Turkmenistán,2,2,FIFA World Cup qualification
7997,2023,Filipinas,Indonesia,1,1,FIFA World Cup qualification
7998,2023,Vietnam,Irak,0,1,FIFA World Cup qualification
7999,2023,Pakistán,Tayikistán,1,6,FIFA World Cup qualification
8000,2023,Jordania,Arabia Saudita,0,2,FIFA World Cup qualification
8001,2023,Baréin,Emiratos Árabes Unidos,0,2,FIFA World Cup qualification
8002,2023,Nepal,Yemen,0,2,FIFA World Cup qualification
8003,2023,Palestina,Australia,0,1,FIFA World Cup qualification
8004,2023,Bangladesh,Líbano,1,1,FIFA World Cup qualification
8005,2023,Etiopía,Burkina Faso,0,3,FIFA World Cup qualification
8006,2023,Sudán del Sur,Mauritania,0,0,FIFA World Cup qualification
8007,2023,Togo,Senegal,0,0,FIFA World Cup qualification
8008,2023,Lesoto,Benín,0,0,FIFA World Cup qualification
8009,2023,Ruanda,Sudáfrica,2,0,FIFA World Cup qualification
8010,2023,Eswatini,Cabo Verde,0,2,FIFA World Cup qualification
8011,2023,Libia,Camerún,1,1,FIFA World Cup qualification
8012,2023,Mauricio,Angola,0,0,FIFA World Cup qualification
8013,2023,Níger,Zambia,2,1,FIFA World Cup qualification
8014,2023,Tanzania,Marruecos,0,2,FIFA World Cup qualification
8015,2023,Somalia,Uganda,0,1,FIFA World Cup qualification
8016,2023,Botsuana,Guinea,1,0,FIFA World Cup qualification
8017,2023,Malaui,Túnez,0,1,FIFA World Cup qualification
8018,2023,Santo Tomé y Príncipe,Namibia,0,2,FIFA World Cup qualification
8019,2023,Comoras,Ghana,1,0,FIFA World Cup qualification
8020,2024,Catar,Kuwait,3,0,FIFA World Cup qualification
8021,2024,Afganistán,India,0,0,FIFA World Cup qualification
8022,2024,Birmania,Siria,1,1,FIFA World Cup qualification
8023,2024,Japón,Corea del Norte,1,0,FIFA World Cup qualification
8024,2024,Corea del Sur,Tailandia,1,1,FIFA World Cup qualification
8025,2024,Singapur,China,2,2,FIFA World Cup qualification
8026,2024,Taiwán,Kirguistán,0,2,FIFA World Cup qualification
8027,2024,Omán,Malasia,2,0,FIFA World Cup qualification
8028,2024,Irán,Turkmenistán,5,0,FIFA World Cup qualification
8029,2024,Hong Kong,Uzbekistán,0,2,FIFA World Cup qualification
8030,2024,Indonesia,Vietnam,1,0,FIFA World Cup qualification
8031,2024,Irak,Filipinas,1,0,FIFA World Cup qualification
8032,2024,Pakistán,Jordania,0,3,FIFA World Cup qualification
8033,2024,Arabia Saudita,Tayikistán,1,0,FIFA World Cup qualification
8034,2024,Baréin,Nepal,5,0,FIFA World Cup qualification
8035,2024,Emiratos Árabes Unidos,Yemen,2,1,FIFA World Cup qualification
8036,2024,Australia,Líbano,2,0,FIFA World Cup qualification
8037,2024,Palestina,Bangladesh,5,0,FIFA World Cup qualification
8038,2024,Anguila,Islas Turcas y Caicos,0,0,FIFA World Cup qualification
8039,2024,Islas Vírgenes de los Estados Unidos,Islas Vírgenes Británicas,1,1,FIFA World Cup qualification
8040,2024,India,Afganistán,1,2,FIFA World Cup qualification
8041,2024,Kuwait,Catar,1,2,FIFA World Cup qualification
8042,2024,Siria,Birmania,7,0,FIFA World Cup qualification
8043,2024,Tailandia,Corea del Sur,0,3,FIFA World Cup qualification
8044,2024,China,Singapur,4,1,FIFA World Cup qualification
8045,2024,Kirguistán,Taiwán,5,1,FIFA World Cup qualification
8046,2024,Malasia,Omán,0,2,FIFA World Cup qualification
8047,2024,Uzbekistán,Hong Kong,3,0,FIFA World Cup qualification
8048,2024,Turkmenistán,Irán,0,1,FIFA World Cup qualification
8049,2024,Filipinas,Irak,0,5,FIFA World Cup qualification
8050,2024,Vietnam,Indonesia,0,3,FIFA World Cup qualification
8051,2024,Tayikistán,Arabia Saudita,1,1,FIFA World Cup qualification
8052,2024,Jordania,Pakistán,7,0,FIFA World Cup qualification
8053,2024,Baréin,Nepal,3,0,FIFA World Cup qualification
8054,2024,Yemen,Emiratos Árabes Unidos,0,3,FIFA World Cup qualification
8055,2024,Bangladesh,Palestina,0,1,FIFA World Cup qualification
8056,2024,Australia,Líbano,5,0,FIFA World Cup qualification
8057,2024,Islas Vírgenes Británicas,Islas Vírgenes de los Estados Unidos,0,0,FIFA World Cup qualification
8058,2024,Islas Turcas y Caicos,Anguila,1,1,FIFA World Cup qualification
8059,2024,Sierra Leona,Yibuti,2,1,FIFA World Cup qualification
8060,2024,Togo,Sudán del Sur,1,1,FIFA World Cup qualification
8061,2024,Namibia,Liberia,1,1,FIFA World Cup qualification
8062,2024,Túnez,Guinea Ecuatorial,1,0,FIFA World Cup qualification
8063,2024,República Centroafricana,Chad,1,0,FIFA World Cup qualification
8064,2024,Antigua y Barbuda,islas Bermudas,1,1,FIFA World Cup qualification
8065,2024,Trinidad y Tobago,Granada,2,2,FIFA World Cup qualification
8066,2024,Curazao,Barbados,4,1,FIFA World Cup qualification
8067,2024,Nicaragua,Montserrat,4,1,FIFA World Cup qualification
8068,2024,Guatemala,Dominica,6,0,FIFA World Cup qualification
8069,2024,Surinam,San Vicente y las Granadinas,4,1,FIFA World Cup qualification
8070,2024,Guinea-Bissau,Etiopía,0,0,FIFA World Cup qualification
8071,2024,Egipto,Burkina Faso,2,1,FIFA World Cup qualification
8072,2024,Mauritania,Sudán,0,2,FIFA World Cup qualification
8073,2024,Senegal,República Democrática del Congo,1,1,FIFA World Cup qualification
8074,2024,Benín,Ruanda,1,0,FIFA World Cup qualification
8075,2024,Libia,Mauricio,2,1,FIFA World Cup qualification
8076,2024,Argelia,Guinea,1,2,FIFA World Cup qualification
8077,2024,Malaui,Santo Tomé y Príncipe,3,1,FIFA World Cup qualification
8078,2024,Malí,Ghana,1,2,FIFA World Cup qualification
8079,2024,Afganistán,Catar,0,0,FIFA World Cup qualification
8080,2024,India,Kuwait,0,0,FIFA World Cup qualification
8081,2024,Birmania,Japón,0,5,FIFA World Cup qualification
8082,2024,Corea del Norte,Siria,1,0,FIFA World Cup qualification
8083,2024,China,Tailandia,1,1,FIFA World Cup qualification
8084,2024,Singapur,Corea del Sur,0,7,FIFA World Cup qualification
8085,2024,Taiwán,Omán,0,3,FIFA World Cup qualification
8086,2024,Kirguistán,Malasia,1,1,FIFA World Cup qualification
8087,2024,Uzbekistán,Turkmenistán,3,1,FIFA World Cup qualification
8088,2024,Hong Kong,Irán,2,4,FIFA World Cup qualification
8089,2024,Indonesia,Irak,0,2,FIFA World Cup qualification
8090,2024,Vietnam,Filipinas,3,2,FIFA World Cup qualification
8091,2024,Jordania,Tayikistán,3,0,FIFA World Cup qualification
8092,2024,Pakistán,Arabia Saudita,0,3,FIFA World Cup qualification
8093,2024,Nepal,Emiratos Árabes Unidos,0,4,FIFA World Cup qualification
8094,2024,Baréin,Yemen,0,0,FIFA World Cup qualification
8095,2024,Bangladesh,Australia,0,2,FIFA World Cup qualification
8096,2024,Palestina,Líbano,0,0,FIFA World Cup qualification
8097,2024,Honduras,Cuba,3,1,FIFA World Cup qualification
8098,2024,Costa Rica,San Cristóbal y Nieves,4,0,FIFA World Cup qualification
8099,2024,Haití,Santa Lucía,2,1,FIFA World Cup qualification
8100,2024,Panamá,Guayana,2,0,FIFA World Cup qualification
8101,2024,Jamaica,República Dominicana,1,0,FIFA World Cup qualification
8102,2024,El Salvador,Puerto Rico,0,0,FIFA World Cup qualification
8103,2024,Zimbabue,Lesoto,0,2,FIFA World Cup qualification
8104,2024,Nigeria,Sudáfrica,1,1,FIFA World Cup qualification
8105,2024,Angola,Eswatini,1,0,FIFA World Cup qualification
8106,2024,Marruecos,Zambia,2,1,FIFA World Cup qualification
8107,2024,Kenia,Burundi,1,1,FIFA World Cup qualification
8108,2024,Costa de Marfil,Gabón,1,0,FIFA World Cup qualification
8109,2024,Mozambique,Somalia,2,1,FIFA World Cup qualification
8110,2024,Uganda,Botsuana,1,0,FIFA World Cup qualification
8111,2024,Madagascar,Comoras,2,1,FIFA World Cup qualification
8112,2024,Camerún,Cabo Verde,4,1,FIFA World Cup qualification
8113,2024,Gambia,Seychelles,5,1,FIFA World Cup qualification
8114,2024,Islas Caimán,Antigua y Barbuda,1,0,FIFA World Cup qualification
8115,2024,Bahamas,Trinidad y Tobago,1,7,FIFA World Cup qualification
8116,2024,Aruba,Curazao,0,2,FIFA World Cup qualification
8117,2024,Belice,Nicaragua,0,4,FIFA World Cup qualification
8118,2024,Islas Vírgenes Británicas,Guatemala,0,3,FIFA World Cup qualification
8119,2024,Anguila,Surinam,0,4,FIFA World Cup qualification
8120,2024,Yibuti,Etiopía,1,1,FIFA World Cup qualification
8121,2024,Mauritania,Senegal,0,1,FIFA World Cup qualification
8122,2024,República Democrática del Congo,Togo,1,0,FIFA World Cup qualification
8123,2024,Santo Tomé y Príncipe,Liberia,0,1,FIFA World Cup qualification
8124,2024,Namibia,Túnez,0,0,FIFA World Cup qualification
8125,2024,islas Bermudas,Honduras,1,6,FIFA World Cup qualification
8126,2024,Granada,Costa Rica,0,3,FIFA World Cup qualification
8127,2024,Barbados,Haití,1,3,FIFA World Cup qualification
8128,2024,Montserrat,Panamá,1,3,FIFA World Cup qualification
8129,2024,Dominica,Jamaica,2,3,FIFA World Cup qualification
8130,2024,San Vicente y las Granadinas,El Salvador,1,3,FIFA World Cup qualification
8131,2024,Guinea-Bissau,Egipto,1,1,FIFA World Cup qualification
8132,2024,Burkina Faso,Sierra Leona,2,2,FIFA World Cup qualification
8133,2024,Benín,Nigeria,2,1,FIFA World Cup qualification
8134,2024,Somalia,Botsuana,1,3,FIFA World Cup qualification
8135,2024,Uganda,Argelia,1,2,FIFA World Cup qualification
8136,2024,Guinea,Mozambique,0,1,FIFA World Cup qualification
8137,2024,Guinea Ecuatorial,Malaui,1,0,FIFA World Cup qualification
8138,2024,Ghana,República Centroafricana,4,3,FIFA World Cup qualification
8139,2024,Sudán del Sur,Sudán,0,3,FIFA World Cup qualification
8140,2024,Lesoto,Ruanda,0,1,FIFA World Cup qualification
8141,2024,Sudáfrica,Zimbabue,3,1,FIFA World Cup qualification
8142,2024,Cabo Verde,Libia,1,0,FIFA World Cup qualification
8143,2024,Mauricio,Eswatini,2,1,FIFA World Cup qualification
8144,2024,Angola,Camerún,1,1,FIFA World Cup qualification
8145,2024,Zambia,Tanzania,0,1,FIFA World Cup qualification
8146,2024,Marruecos,Congo,6,0,FIFA World Cup qualification
8147,2024,Kenia,Costa de Marfil,0,0,FIFA World Cup qualification
8148,2024,Gabón,Gambia,3,2,FIFA World Cup qualification
8149,2024,Seychelles,Burundi,1,3,FIFA World Cup qualification
8150,2024,Madagascar,Malí,0,0,FIFA World Cup qualification
8151,2024,Chad,Comoras,0,2,FIFA World Cup qualification
8152,2024,Kuwait,Afganistán,1,0,FIFA World Cup qualification
8153,2024,Catar,India,2,1,FIFA World Cup qualification
8154,2024,Japón,Siria,5,0,FIFA World Cup qualification
8155,2024,Corea del Norte,Birmania,4,1,FIFA World Cup qualification
8156,2024,Tailandia,Singapur,3,1,FIFA World Cup qualification
8157,2024,Corea del Sur,China,1,0,FIFA World Cup qualification
8158,2024,Omán,Kirguistán,1,1,FIFA World Cup qualification
8159,2024,Malasia,Taiwán,3,1,FIFA World Cup qualification
8160,2024,Turkmenistán,Hong Kong,0,0,FIFA World Cup qualification
8161,2024,Irán,Uzbekistán,0,0,FIFA World Cup qualification
8162,2024,Indonesia,Filipinas,2,0,FIFA World Cup qualification
8163,2024,Irak,Vietnam,3,1,FIFA World Cup qualification
8164,2024,Tayikistán,Pakistán,3,0,FIFA World Cup qualification
8165,2024,Arabia Saudita,Jordania,1,2,FIFA World Cup qualification
8166,2024,Emiratos Árabes Unidos,Baréin,1,1,FIFA World Cup qualification
8167,2024,Yemen,Nepal,2,2,FIFA World Cup qualification
8168,2024,Líbano,Bangladesh,4,0,FIFA World Cup qualification
8169,2024,Australia,Palestina,5,0,FIFA World Cup qualification
8170,2024,Cuba,Islas Caimán,3,0,FIFA World Cup qualification
8171,2024,San Cristóbal y Nieves,Bahamas,1,0,FIFA World Cup qualification
8172,2024,Santa Lucía,Aruba,2,2,FIFA World Cup qualification
8173,2024,Guayana,Belice,3,1,FIFA World Cup qualification
8174,2024,República Dominicana,Islas Vírgenes Británicas,4,0,FIFA World Cup qualification
8175,2024,Puerto Rico,Anguila,8,0,FIFA World Cup qualification
